date,nav,scheme_code,fund_name,fund_house
01-06-2026,6824.86360,118701,Mirae_Large_Cap,Nippon India Mutual Fund
31-05-2026,6823.32650,118701,Mirae_Large_Cap,Nippon India Mutual Fund
30-05-2026,6822.07200,118701,Mirae_Large_Cap,Nippon India Mutual Fund
29-05-2026,6820.81950,118701,Mirae_Large_Cap,Nippon India Mutual Fund
28-05-2026,6818.18940,118701,Mirae_Large_Cap,Nippon India Mutual Fund
27-05-2026,6816.92870,118701,Mirae_Large_Cap,Nippon India Mutual Fund
26-05-2026,6815.64160,118701,Mirae_Large_Cap,Nippon India Mutual Fund
25-05-2026,6814.78600,118701,Mirae_Large_Cap,Nippon India Mutual Fund
24-05-2026,6813.87260,118701,Mirae_Large_Cap,Nippon India Mutual Fund
22-05-2026,6811.48870,118701,Mirae_Large_Cap,Nippon India Mutual Fund
21-05-2026,6810.48140,118701,Mirae_Large_Cap,Nippon India Mutual Fund
20-05-2026,6809.84150,118701,Mirae_Large_Cap,Nippon India Mutual Fund
19-05-2026,6808.99860,118701,Mirae_Large_Cap,Nippon India Mutual Fund
18-05-2026,6808.02770,118701,Mirae_Large_Cap,Nippon India Mutual Fund
17-05-2026,6807.14960,118701,Mirae_Large_Cap,Nippon India Mutual Fund
15-05-2026,6804.85570,118701,Mirae_Large_Cap,Nippon India Mutual Fund
14-05-2026,6803.75600,118701,Mirae_Large_Cap,Nippon India Mutual Fund
13-05-2026,6803.22730,118701,Mirae_Large_Cap,Nippon India Mutual Fund
12-05-2026,6802.33260,118701,Mirae_Large_Cap,Nippon India Mutual Fund
11-05-2026,6801.44600,118701,Mirae_Large_Cap,Nippon India Mutual Fund
10-05-2026,6800.64230,118701,Mirae_Large_Cap,Nippon India Mutual Fund
08-05-2026,6798.37940,118701,Mirae_Large_Cap,Nippon India Mutual Fund
07-05-2026,6797.20130,118701,Mirae_Large_Cap,Nippon India Mutual Fund
06-05-2026,6796.06760,118701,Mirae_Large_Cap,Nippon India Mutual Fund
05-05-2026,6794.93520,118701,Mirae_Large_Cap,Nippon India Mutual Fund
04-05-2026,6794.03040,118701,Mirae_Large_Cap,Nippon India Mutual Fund
03-05-2026,6792.89520,118701,Mirae_Large_Cap,Nippon India Mutual Fund
01-05-2026,6790.63060,118701,Mirae_Large_Cap,Nippon India Mutual Fund
30-04-2026,6789.49970,118701,Mirae_Large_Cap,Nippon India Mutual Fund
29-04-2026,6788.86590,118701,Mirae_Large_Cap,Nippon India Mutual Fund
28-04-2026,6788.02830,118701,Mirae_Large_Cap,Nippon India Mutual Fund
27-04-2026,6787.26300,118701,Mirae_Large_Cap,Nippon India Mutual Fund
26-04-2026,6787.01780,118701,Mirae_Large_Cap,Nippon India Mutual Fund
24-04-2026,6784.90300,118701,Mirae_Large_Cap,Nippon India Mutual Fund
23-04-2026,6784.01920,118701,Mirae_Large_Cap,Nippon India Mutual Fund
22-04-2026,6783.32510,118701,Mirae_Large_Cap,Nippon India Mutual Fund
21-04-2026,6782.67460,118701,Mirae_Large_Cap,Nippon India Mutual Fund
20-04-2026,6781.88600,118701,Mirae_Large_Cap,Nippon India Mutual Fund
19-04-2026,6780.74640,118701,Mirae_Large_Cap,Nippon India Mutual Fund
17-04-2026,6778.68650,118701,Mirae_Large_Cap,Nippon India Mutual Fund
16-04-2026,6777.81770,118701,Mirae_Large_Cap,Nippon India Mutual Fund
15-04-2026,6776.40300,118701,Mirae_Large_Cap,Nippon India Mutual Fund
14-04-2026,6774.77110,118701,Mirae_Large_Cap,Nippon India Mutual Fund
13-04-2026,6773.74670,118701,Mirae_Large_Cap,Nippon India Mutual Fund
12-04-2026,6771.68560,118701,Mirae_Large_Cap,Nippon India Mutual Fund
10-04-2026,6769.54910,118701,Mirae_Large_Cap,Nippon India Mutual Fund
09-04-2026,6767.63500,118701,Mirae_Large_Cap,Nippon India Mutual Fund
08-04-2026,6765.12720,118701,Mirae_Large_Cap,Nippon India Mutual Fund
07-04-2026,6762.58190,118701,Mirae_Large_Cap,Nippon India Mutual Fund
06-04-2026,6761.00590,118701,Mirae_Large_Cap,Nippon India Mutual Fund
05-04-2026,6758.78570,118701,Mirae_Large_Cap,Nippon India Mutual Fund
02-04-2026,6755.31510,118701,Mirae_Large_Cap,Nippon India Mutual Fund
01-04-2026,6745.48450,118701,Mirae_Large_Cap,Nippon India Mutual Fund
31-03-2026,6744.11180,118701,Mirae_Large_Cap,Nippon India Mutual Fund
30-03-2026,6742.73920,118701,Mirae_Large_Cap,Nippon India Mutual Fund
29-03-2026,6739.04890,118701,Mirae_Large_Cap,Nippon India Mutual Fund
27-03-2026,6736.25610,118701,Mirae_Large_Cap,Nippon India Mutual Fund
26-03-2026,6734.76140,118701,Mirae_Large_Cap,Nippon India Mutual Fund
25-03-2026,6733.42690,118701,Mirae_Large_Cap,Nippon India Mutual Fund
24-03-2026,6732.06590,118701,Mirae_Large_Cap,Nippon India Mutual Fund
23-03-2026,6731.78660,118701,Mirae_Large_Cap,Nippon India Mutual Fund
22-03-2026,6731.95380,118701,Mirae_Large_Cap,Nippon India Mutual Fund
21-03-2026,6730.64090,118701,Mirae_Large_Cap,Nippon India Mutual Fund
20-03-2026,6729.32900,118701,Mirae_Large_Cap,Nippon India Mutual Fund
19-03-2026,6728.56770,118701,Mirae_Large_Cap,Nippon India Mutual Fund
18-03-2026,6727.26050,118701,Mirae_Large_Cap,Nippon India Mutual Fund
17-03-2026,6725.82450,118701,Mirae_Large_Cap,Nippon India Mutual Fund
16-03-2026,6723.76410,118701,Mirae_Large_Cap,Nippon India Mutual Fund
15-03-2026,6723.74330,118701,Mirae_Large_Cap,Nippon India Mutual Fund
13-03-2026,6721.15550,118701,Mirae_Large_Cap,Nippon India Mutual Fund
12-03-2026,6721.05590,118701,Mirae_Large_Cap,Nippon India Mutual Fund
11-03-2026,6720.59930,118701,Mirae_Large_Cap,Nippon India Mutual Fund
10-03-2026,6719.69560,118701,Mirae_Large_Cap,Nippon India Mutual Fund
09-03-2026,6718.46900,118701,Mirae_Large_Cap,Nippon India Mutual Fund
08-03-2026,6717.85320,118701,Mirae_Large_Cap,Nippon India Mutual Fund
06-03-2026,6715.51850,118701,Mirae_Large_Cap,Nippon India Mutual Fund
05-03-2026,6714.58650,118701,Mirae_Large_Cap,Nippon India Mutual Fund
04-03-2026,6713.82590,118701,Mirae_Large_Cap,Nippon India Mutual Fund
03-03-2026,6712.88350,118701,Mirae_Large_Cap,Nippon India Mutual Fund
02-03-2026,6711.74030,118701,Mirae_Large_Cap,Nippon India Mutual Fund
01-03-2026,6710.97760,118701,Mirae_Large_Cap,Nippon India Mutual Fund
28-02-2026,6709.80300,118701,Mirae_Large_Cap,Nippon India Mutual Fund
27-02-2026,6708.62790,118701,Mirae_Large_Cap,Nippon India Mutual Fund
26-02-2026,6707.40860,118701,Mirae_Large_Cap,Nippon India Mutual Fund
25-02-2026,6706.43870,118701,Mirae_Large_Cap,Nippon India Mutual Fund
24-02-2026,6705.39330,118701,Mirae_Large_Cap,Nippon India Mutual Fund
23-02-2026,6704.37100,118701,Mirae_Large_Cap,Nippon India Mutual Fund
22-02-2026,6703.30210,118701,Mirae_Large_Cap,Nippon India Mutual Fund
20-02-2026,6701.08590,118701,Mirae_Large_Cap,Nippon India Mutual Fund
19-02-2026,6699.90780,118701,Mirae_Large_Cap,Nippon India Mutual Fund
18-02-2026,6698.77420,118701,Mirae_Large_Cap,Nippon India Mutual Fund
17-02-2026,6697.91870,118701,Mirae_Large_Cap,Nippon India Mutual Fund
16-02-2026,6696.76580,118701,Mirae_Large_Cap,Nippon India Mutual Fund
15-02-2026,6695.86330,118701,Mirae_Large_Cap,Nippon India Mutual Fund
13-02-2026,6693.70510,118701,Mirae_Large_Cap,Nippon India Mutual Fund
12-02-2026,6692.14240,118701,Mirae_Large_Cap,Nippon India Mutual Fund
11-02-2026,6690.74400,118701,Mirae_Large_Cap,Nippon India Mutual Fund
10-02-2026,6689.50610,118701,Mirae_Large_Cap,Nippon India Mutual Fund
09-02-2026,6688.16460,118701,Mirae_Large_Cap,Nippon India Mutual Fund
08-02-2026,6687.09910,118701,Mirae_Large_Cap,Nippon India Mutual Fund
06-02-2026,6684.92320,118701,Mirae_Large_Cap,Nippon India Mutual Fund
05-02-2026,6683.80430,118701,Mirae_Large_Cap,Nippon India Mutual Fund
04-02-2026,6682.48660,118701,Mirae_Large_Cap,Nippon India Mutual Fund
03-02-2026,6680.30320,118701,Mirae_Large_Cap,Nippon India Mutual Fund
02-02-2026,6678.39900,118701,Mirae_Large_Cap,Nippon India Mutual Fund
01-02-2026,6676.62020,118701,Mirae_Large_Cap,Nippon India Mutual Fund
30-01-2026,6674.28810,118701,Mirae_Large_Cap,Nippon India Mutual Fund
29-01-2026,6673.27750,118701,Mirae_Large_Cap,Nippon India Mutual Fund
28-01-2026,6672.43190,118701,Mirae_Large_Cap,Nippon India Mutual Fund
27-01-2026,6671.43290,118701,Mirae_Large_Cap,Nippon India Mutual Fund
26-01-2026,6670.16060,118701,Mirae_Large_Cap,Nippon India Mutual Fund
23-01-2026,6666.74480,118701,Mirae_Large_Cap,Nippon India Mutual Fund
22-01-2026,6665.88340,118701,Mirae_Large_Cap,Nippon India Mutual Fund
21-01-2026,6664.46110,118701,Mirae_Large_Cap,Nippon India Mutual Fund
20-01-2026,6663.59620,118701,Mirae_Large_Cap,Nippon India Mutual Fund
19-01-2026,6663.03010,118701,Mirae_Large_Cap,Nippon India Mutual Fund
18-01-2026,6662.78510,118701,Mirae_Large_Cap,Nippon India Mutual Fund
16-01-2026,6660.57110,118701,Mirae_Large_Cap,Nippon India Mutual Fund
15-01-2026,6659.74280,118701,Mirae_Large_Cap,Nippon India Mutual Fund
14-01-2026,6658.64740,118701,Mirae_Large_Cap,Nippon India Mutual Fund
13-01-2026,6657.68610,118701,Mirae_Large_Cap,Nippon India Mutual Fund
12-01-2026,6656.89980,118701,Mirae_Large_Cap,Nippon India Mutual Fund
11-01-2026,6655.89900,118701,Mirae_Large_Cap,Nippon India Mutual Fund
09-01-2026,6653.74510,118701,Mirae_Large_Cap,Nippon India Mutual Fund
08-01-2026,6652.87660,118701,Mirae_Large_Cap,Nippon India Mutual Fund
07-01-2026,6652.58070,118701,Mirae_Large_Cap,Nippon India Mutual Fund
06-01-2026,6652.13830,118701,Mirae_Large_Cap,Nippon India Mutual Fund
05-01-2026,6650.93250,118701,Mirae_Large_Cap,Nippon India Mutual Fund
04-01-2026,6649.79700,118701,Mirae_Large_Cap,Nippon India Mutual Fund
02-01-2026,6647.69770,118701,Mirae_Large_Cap,Nippon India Mutual Fund
01-01-2026,6646.82470,118701,Mirae_Large_Cap,Nippon India Mutual Fund
31-12-2025,6645.64940,118701,Mirae_Large_Cap,Nippon India Mutual Fund
30-12-2025,6642.29680,118701,Mirae_Large_Cap,Nippon India Mutual Fund
29-12-2025,6642.19400,118701,Mirae_Large_Cap,Nippon India Mutual Fund
28-12-2025,6641.19030,118701,Mirae_Large_Cap,Nippon India Mutual Fund
26-12-2025,6639.03980,118701,Mirae_Large_Cap,Nippon India Mutual Fund
25-12-2025,6638.09510,118701,Mirae_Large_Cap,Nippon India Mutual Fund
24-12-2025,6637.01740,118701,Mirae_Large_Cap,Nippon India Mutual Fund
23-12-2025,6635.59300,118701,Mirae_Large_Cap,Nippon India Mutual Fund
22-12-2025,6634.55940,118701,Mirae_Large_Cap,Nippon India Mutual Fund
21-12-2025,6633.42360,118701,Mirae_Large_Cap,Nippon India Mutual Fund
19-12-2025,6631.29750,118701,Mirae_Large_Cap,Nippon India Mutual Fund
18-12-2025,6630.22360,118701,Mirae_Large_Cap,Nippon India Mutual Fund
17-12-2025,6629.08700,118701,Mirae_Large_Cap,Nippon India Mutual Fund
16-12-2025,6627.84670,118701,Mirae_Large_Cap,Nippon India Mutual Fund
15-12-2025,6627.03500,118701,Mirae_Large_Cap,Nippon India Mutual Fund
14-12-2025,6626.22390,118701,Mirae_Large_Cap,Nippon India Mutual Fund
12-12-2025,6624.10280,118701,Mirae_Large_Cap,Nippon India Mutual Fund
11-12-2025,6623.15820,118701,Mirae_Large_Cap,Nippon India Mutual Fund
10-12-2025,6622.21810,118701,Mirae_Large_Cap,Nippon India Mutual Fund
09-12-2025,6621.58780,118701,Mirae_Large_Cap,Nippon India Mutual Fund
08-12-2025,6620.88470,118701,Mirae_Large_Cap,Nippon India Mutual Fund
07-12-2025,6619.96830,118701,Mirae_Large_Cap,Nippon India Mutual Fund
05-12-2025,6617.89550,118701,Mirae_Large_Cap,Nippon India Mutual Fund
04-12-2025,6615.87230,118701,Mirae_Large_Cap,Nippon India Mutual Fund
03-12-2025,6614.93730,118701,Mirae_Large_Cap,Nippon India Mutual Fund
02-12-2025,6614.05490,118701,Mirae_Large_Cap,Nippon India Mutual Fund
01-12-2025,6613.07290,118701,Mirae_Large_Cap,Nippon India Mutual Fund
30-11-2025,6612.25110,118701,Mirae_Large_Cap,Nippon India Mutual Fund
28-11-2025,6610.15790,118701,Mirae_Large_Cap,Nippon India Mutual Fund
27-11-2025,6609.14240,118701,Mirae_Large_Cap,Nippon India Mutual Fund
26-11-2025,6608.10460,118701,Mirae_Large_Cap,Nippon India Mutual Fund
25-11-2025,6606.97900,118701,Mirae_Large_Cap,Nippon India Mutual Fund
24-11-2025,6605.84600,118701,Mirae_Large_Cap,Nippon India Mutual Fund
23-11-2025,6604.85070,118701,Mirae_Large_Cap,Nippon India Mutual Fund
21-11-2025,6602.77240,118701,Mirae_Large_Cap,Nippon India Mutual Fund
20-11-2025,6601.70050,118701,Mirae_Large_Cap,Nippon India Mutual Fund
19-11-2025,6600.68600,118701,Mirae_Large_Cap,Nippon India Mutual Fund
18-11-2025,6599.57800,118701,Mirae_Large_Cap,Nippon India Mutual Fund
17-11-2025,6598.42510,118701,Mirae_Large_Cap,Nippon India Mutual Fund
16-11-2025,6597.40460,118701,Mirae_Large_Cap,Nippon India Mutual Fund
14-11-2025,6595.31710,118701,Mirae_Large_Cap,Nippon India Mutual Fund
13-11-2025,6594.29780,118701,Mirae_Large_Cap,Nippon India Mutual Fund
12-11-2025,6593.14410,118701,Mirae_Large_Cap,Nippon India Mutual Fund
11-11-2025,6592.03040,118701,Mirae_Large_Cap,Nippon India Mutual Fund
10-11-2025,6590.93390,118701,Mirae_Large_Cap,Nippon India Mutual Fund
09-11-2025,6589.88440,118701,Mirae_Large_Cap,Nippon India Mutual Fund
07-11-2025,6587.81250,118701,Mirae_Large_Cap,Nippon India Mutual Fund
06-11-2025,6586.78200,118701,Mirae_Large_Cap,Nippon India Mutual Fund
05-11-2025,6585.74160,118701,Mirae_Large_Cap,Nippon India Mutual Fund
04-11-2025,6584.70550,118701,Mirae_Large_Cap,Nippon India Mutual Fund
03-11-2025,6583.61890,118701,Mirae_Large_Cap,Nippon India Mutual Fund
02-11-2025,6582.21970,118701,Mirae_Large_Cap,Nippon India Mutual Fund
31-10-2025,6580.11830,118701,Mirae_Large_Cap,Nippon India Mutual Fund
30-10-2025,6579.08230,118701,Mirae_Large_Cap,Nippon India Mutual Fund
29-10-2025,6578.14970,118701,Mirae_Large_Cap,Nippon India Mutual Fund
28-10-2025,6577.21290,118701,Mirae_Large_Cap,Nippon India Mutual Fund
27-10-2025,6576.30360,118701,Mirae_Large_Cap,Nippon India Mutual Fund
26-10-2025,6575.31060,118701,Mirae_Large_Cap,Nippon India Mutual Fund
24-10-2025,6573.23270,118701,Mirae_Large_Cap,Nippon India Mutual Fund
23-10-2025,6572.23150,118701,Mirae_Large_Cap,Nippon India Mutual Fund
22-10-2025,6571.12590,118701,Mirae_Large_Cap,Nippon India Mutual Fund
20-10-2025,6569.04720,118701,Mirae_Large_Cap,Nippon India Mutual Fund
19-10-2025,6567.96400,118701,Mirae_Large_Cap,Nippon India Mutual Fund
17-10-2025,6565.88820,118701,Mirae_Large_Cap,Nippon India Mutual Fund
16-10-2025,6565.07340,118701,Mirae_Large_Cap,Nippon India Mutual Fund
15-10-2025,6564.11710,118701,Mirae_Large_Cap,Nippon India Mutual Fund
14-10-2025,6563.03310,118701,Mirae_Large_Cap,Nippon India Mutual Fund
13-10-2025,6562.05060,118701,Mirae_Large_Cap,Nippon India Mutual Fund
12-10-2025,6561.02530,118701,Mirae_Large_Cap,Nippon India Mutual Fund
10-10-2025,6558.97660,118701,Mirae_Large_Cap,Nippon India Mutual Fund
09-10-2025,6558.07670,118701,Mirae_Large_Cap,Nippon India Mutual Fund
08-10-2025,6557.31410,118701,Mirae_Large_Cap,Nippon India Mutual Fund
07-10-2025,6556.41930,118701,Mirae_Large_Cap,Nippon India Mutual Fund
06-10-2025,6555.44410,118701,Mirae_Large_Cap,Nippon India Mutual Fund
05-10-2025,6554.28160,118701,Mirae_Large_Cap,Nippon India Mutual Fund
03-10-2025,6552.25070,118701,Mirae_Large_Cap,Nippon India Mutual Fund
02-10-2025,6550.96130,118701,Mirae_Large_Cap,Nippon India Mutual Fund
01-10-2025,6549.93920,118701,Mirae_Large_Cap,Nippon India Mutual Fund
30-09-2025,6548.56990,118701,Mirae_Large_Cap,Nippon India Mutual Fund
28-09-2025,6544.74390,118701,Mirae_Large_Cap,Nippon India Mutual Fund
26-09-2025,6542.62430,118701,Mirae_Large_Cap,Nippon India Mutual Fund
25-09-2025,6541.74550,118701,Mirae_Large_Cap,Nippon India Mutual Fund
24-09-2025,6541.45000,118701,Mirae_Large_Cap,Nippon India Mutual Fund
23-09-2025,6540.52800,118701,Mirae_Large_Cap,Nippon India Mutual Fund
22-09-2025,6539.61950,118701,Mirae_Large_Cap,Nippon India Mutual Fund
21-09-2025,6538.72060,118701,Mirae_Large_Cap,Nippon India Mutual Fund
19-09-2025,6536.65770,118701,Mirae_Large_Cap,Nippon India Mutual Fund
18-09-2025,6535.65540,118701,Mirae_Large_Cap,Nippon India Mutual Fund
17-09-2025,6534.53560,118701,Mirae_Large_Cap,Nippon India Mutual Fund
16-09-2025,6533.33200,118701,Mirae_Large_Cap,Nippon India Mutual Fund
15-09-2025,6531.92920,118701,Mirae_Large_Cap,Nippon India Mutual Fund
14-09-2025,6530.75320,118701,Mirae_Large_Cap,Nippon India Mutual Fund
12-09-2025,6528.68100,118701,Mirae_Large_Cap,Nippon India Mutual Fund
11-09-2025,6527.76900,118701,Mirae_Large_Cap,Nippon India Mutual Fund
10-09-2025,6526.75760,118701,Mirae_Large_Cap,Nippon India Mutual Fund
09-09-2025,6525.97250,118701,Mirae_Large_Cap,Nippon India Mutual Fund
08-09-2025,6525.23100,118701,Mirae_Large_Cap,Nippon India Mutual Fund
07-09-2025,6524.22320,118701,Mirae_Large_Cap,Nippon India Mutual Fund
05-09-2025,6522.20830,118701,Mirae_Large_Cap,Nippon India Mutual Fund
04-09-2025,6521.17840,118701,Mirae_Large_Cap,Nippon India Mutual Fund
03-09-2025,6520.18400,118701,Mirae_Large_Cap,Nippon India Mutual Fund
02-09-2025,6519.13010,118701,Mirae_Large_Cap,Nippon India Mutual Fund
01-09-2025,6518.28380,118701,Mirae_Large_Cap,Nippon India Mutual Fund
31-08-2025,6517.23820,118701,Mirae_Large_Cap,Nippon India Mutual Fund
29-08-2025,6515.19100,118701,Mirae_Large_Cap,Nippon India Mutual Fund
28-08-2025,6514.18780,118701,Mirae_Large_Cap,Nippon India Mutual Fund
27-08-2025,6513.35660,118701,Mirae_Large_Cap,Nippon India Mutual Fund
26-08-2025,6512.34700,118701,Mirae_Large_Cap,Nippon India Mutual Fund
25-08-2025,6511.47140,118701,Mirae_Large_Cap,Nippon India Mutual Fund
24-08-2025,6510.45730,118701,Mirae_Large_Cap,Nippon India Mutual Fund
22-08-2025,6508.45760,118701,Mirae_Large_Cap,Nippon India Mutual Fund
21-08-2025,6507.46550,118701,Mirae_Large_Cap,Nippon India Mutual Fund
20-08-2025,6506.46010,118701,Mirae_Large_Cap,Nippon India Mutual Fund
19-08-2025,6505.41300,118701,Mirae_Large_Cap,Nippon India Mutual Fund
18-08-2025,6504.43210,118701,Mirae_Large_Cap,Nippon India Mutual Fund
17-08-2025,6503.35230,118701,Mirae_Large_Cap,Nippon India Mutual Fund
15-08-2025,6501.35970,118701,Mirae_Large_Cap,Nippon India Mutual Fund
14-08-2025,6500.36450,118701,Mirae_Large_Cap,Nippon India Mutual Fund
13-08-2025,6499.29080,118701,Mirae_Large_Cap,Nippon India Mutual Fund
12-08-2025,6498.12700,118701,Mirae_Large_Cap,Nippon India Mutual Fund
11-08-2025,6497.09850,118701,Mirae_Large_Cap,Nippon India Mutual Fund
10-08-2025,6496.20410,118701,Mirae_Large_Cap,Nippon India Mutual Fund
08-08-2025,6494.20150,118701,Mirae_Large_Cap,Nippon India Mutual Fund
07-08-2025,6493.32270,118701,Mirae_Large_Cap,Nippon India Mutual Fund
06-08-2025,6492.26540,118701,Mirae_Large_Cap,Nippon India Mutual Fund
05-08-2025,6491.39000,118701,Mirae_Large_Cap,Nippon India Mutual Fund
04-08-2025,6490.41000,118701,Mirae_Large_Cap,Nippon India Mutual Fund
03-08-2025,6489.39460,118701,Mirae_Large_Cap,Nippon India Mutual Fund
01-08-2025,6487.38370,118701,Mirae_Large_Cap,Nippon India Mutual Fund
31-07-2025,6486.34940,118701,Mirae_Large_Cap,Nippon India Mutual Fund
30-07-2025,6485.30190,118701,Mirae_Large_Cap,Nippon India Mutual Fund
29-07-2025,6484.54350,118701,Mirae_Large_Cap,Nippon India Mutual Fund
28-07-2025,6483.69020,118701,Mirae_Large_Cap,Nippon India Mutual Fund
27-07-2025,6482.74730,118701,Mirae_Large_Cap,Nippon India Mutual Fund
25-07-2025,6480.78090,118701,Mirae_Large_Cap,Nippon India Mutual Fund
24-07-2025,6479.88310,118701,Mirae_Large_Cap,Nippon India Mutual Fund
23-07-2025,6478.93730,118701,Mirae_Large_Cap,Nippon India Mutual Fund
22-07-2025,6477.98040,118701,Mirae_Large_Cap,Nippon India Mutual Fund
21-07-2025,6476.96810,118701,Mirae_Large_Cap,Nippon India Mutual Fund
20-07-2025,6476.15690,118701,Mirae_Large_Cap,Nippon India Mutual Fund
18-07-2025,6474.20200,118701,Mirae_Large_Cap,Nippon India Mutual Fund
17-07-2025,6473.29190,118701,Mirae_Large_Cap,Nippon India Mutual Fund
16-07-2025,6472.26120,118701,Mirae_Large_Cap,Nippon India Mutual Fund
15-07-2025,6471.16850,118701,Mirae_Large_Cap,Nippon India Mutual Fund
14-07-2025,6470.27390,118701,Mirae_Large_Cap,Nippon India Mutual Fund
13-07-2025,6468.99710,118701,Mirae_Large_Cap,Nippon India Mutual Fund
11-07-2025,6467.04500,118701,Mirae_Large_Cap,Nippon India Mutual Fund
10-07-2025,6466.24900,118701,Mirae_Large_Cap,Nippon India Mutual Fund
09-07-2025,6465.33850,118701,Mirae_Large_Cap,Nippon India Mutual Fund
08-07-2025,6464.59200,118701,Mirae_Large_Cap,Nippon India Mutual Fund
07-07-2025,6463.67700,118701,Mirae_Large_Cap,Nippon India Mutual Fund
06-07-2025,6462.39360,118701,Mirae_Large_Cap,Nippon India Mutual Fund
04-07-2025,6460.45850,118701,Mirae_Large_Cap,Nippon India Mutual Fund
03-07-2025,6459.39980,118701,Mirae_Large_Cap,Nippon India Mutual Fund
02-07-2025,6457.88920,118701,Mirae_Large_Cap,Nippon India Mutual Fund
01-07-2025,6456.34880,118701,Mirae_Large_Cap,Nippon India Mutual Fund
30-06-2025,6454.62230,118701,Mirae_Large_Cap,Nippon India Mutual Fund
29-06-2025,6452.55690,118701,Mirae_Large_Cap,Nippon India Mutual Fund
27-06-2025,6450.50890,118701,Mirae_Large_Cap,Nippon India Mutual Fund
26-06-2025,6449.91070,118701,Mirae_Large_Cap,Nippon India Mutual Fund
25-06-2025,6449.04910,118701,Mirae_Large_Cap,Nippon India Mutual Fund
24-06-2025,6448.41670,118701,Mirae_Large_Cap,Nippon India Mutual Fund
23-06-2025,6447.34400,118701,Mirae_Large_Cap,Nippon India Mutual Fund
22-06-2025,6446.17030,118701,Mirae_Large_Cap,Nippon India Mutual Fund
20-06-2025,6444.15750,118701,Mirae_Large_Cap,Nippon India Mutual Fund
19-06-2025,6443.06510,118701,Mirae_Large_Cap,Nippon India Mutual Fund
18-06-2025,6441.90310,118701,Mirae_Large_Cap,Nippon India Mutual Fund
17-06-2025,6440.93500,118701,Mirae_Large_Cap,Nippon India Mutual Fund
16-06-2025,6439.86550,118701,Mirae_Large_Cap,Nippon India Mutual Fund
15-06-2025,6439.04700,118701,Mirae_Large_Cap,Nippon India Mutual Fund
13-06-2025,6437.06860,118701,Mirae_Large_Cap,Nippon India Mutual Fund
12-06-2025,6436.11620,118701,Mirae_Large_Cap,Nippon India Mutual Fund
11-06-2025,6435.44090,118701,Mirae_Large_Cap,Nippon India Mutual Fund
10-06-2025,6434.68500,118701,Mirae_Large_Cap,Nippon India Mutual Fund
09-06-2025,6433.59180,118701,Mirae_Large_Cap,Nippon India Mutual Fund
08-06-2025,6432.38320,118701,Mirae_Large_Cap,Nippon India Mutual Fund
06-06-2025,6430.41140,118701,Mirae_Large_Cap,Nippon India Mutual Fund
05-06-2025,6426.84310,118701,Mirae_Large_Cap,Nippon India Mutual Fund
04-06-2025,6425.62670,118701,Mirae_Large_Cap,Nippon India Mutual Fund
03-06-2025,6424.65430,118701,Mirae_Large_Cap,Nippon India Mutual Fund
02-06-2025,6423.33710,118701,Mirae_Large_Cap,Nippon India Mutual Fund
01-06-2025,6422.19080,118701,Mirae_Large_Cap,Nippon India Mutual Fund
30-05-2025,6420.05610,118701,Mirae_Large_Cap,Nippon India Mutual Fund
29-05-2025,6418.88680,118701,Mirae_Large_Cap,Nippon India Mutual Fund
28-05-2025,6417.78020,118701,Mirae_Large_Cap,Nippon India Mutual Fund
27-05-2025,6416.53890,118701,Mirae_Large_Cap,Nippon India Mutual Fund
26-05-2025,6415.51280,118701,Mirae_Large_Cap,Nippon India Mutual Fund
25-05-2025,6414.12360,118701,Mirae_Large_Cap,Nippon India Mutual Fund
23-05-2025,6411.96960,118701,Mirae_Large_Cap,Nippon India Mutual Fund
22-05-2025,6410.55810,118701,Mirae_Large_Cap,Nippon India Mutual Fund
21-05-2025,6409.02630,118701,Mirae_Large_Cap,Nippon India Mutual Fund
20-05-2025,6407.54430,118701,Mirae_Large_Cap,Nippon India Mutual Fund
19-05-2025,6406.34700,118701,Mirae_Large_Cap,Nippon India Mutual Fund
18-05-2025,6405.00300,118701,Mirae_Large_Cap,Nippon India Mutual Fund
16-05-2025,6402.80610,118701,Mirae_Large_Cap,Nippon India Mutual Fund
15-05-2025,6401.56660,118701,Mirae_Large_Cap,Nippon India Mutual Fund
14-05-2025,6400.57680,118701,Mirae_Large_Cap,Nippon India Mutual Fund
13-05-2025,6399.23900,118701,Mirae_Large_Cap,Nippon India Mutual Fund
12-05-2025,6397.46770,118701,Mirae_Large_Cap,Nippon India Mutual Fund
11-05-2025,6396.35190,118701,Mirae_Large_Cap,Nippon India Mutual Fund
09-05-2025,6394.12210,118701,Mirae_Large_Cap,Nippon India Mutual Fund
08-05-2025,6393.47700,118701,Mirae_Large_Cap,Nippon India Mutual Fund
07-05-2025,6392.56130,118701,Mirae_Large_Cap,Nippon India Mutual Fund
06-05-2025,6391.64650,118701,Mirae_Large_Cap,Nippon India Mutual Fund
05-05-2025,6390.59970,118701,Mirae_Large_Cap,Nippon India Mutual Fund
04-05-2025,6389.29070,118701,Mirae_Large_Cap,Nippon India Mutual Fund
02-05-2025,6387.07760,118701,Mirae_Large_Cap,Nippon India Mutual Fund
01-05-2025,6385.94960,118701,Mirae_Large_Cap,Nippon India Mutual Fund
30-04-2025,6384.84290,118701,Mirae_Large_Cap,Nippon India Mutual Fund
29-04-2025,6383.64380,118701,Mirae_Large_Cap,Nippon India Mutual Fund
28-04-2025,6382.95830,118701,Mirae_Large_Cap,Nippon India Mutual Fund
27-04-2025,6382.14700,118701,Mirae_Large_Cap,Nippon India Mutual Fund
25-04-2025,6379.96640,118701,Mirae_Large_Cap,Nippon India Mutual Fund
24-04-2025,6378.99280,118701,Mirae_Large_Cap,Nippon India Mutual Fund
23-04-2025,6377.91010,118701,Mirae_Large_Cap,Nippon India Mutual Fund
22-04-2025,6376.83220,118701,Mirae_Large_Cap,Nippon India Mutual Fund
21-04-2025,6375.72120,118701,Mirae_Large_Cap,Nippon India Mutual Fund
20-04-2025,6374.51600,118701,Mirae_Large_Cap,Nippon India Mutual Fund
18-04-2025,6372.35360,118701,Mirae_Large_Cap,Nippon India Mutual Fund
17-04-2025,6371.28110,118701,Mirae_Large_Cap,Nippon India Mutual Fund
16-04-2025,6370.18110,118701,Mirae_Large_Cap,Nippon India Mutual Fund
15-04-2025,6369.15320,118701,Mirae_Large_Cap,Nippon India Mutual Fund
14-04-2025,6367.76990,118701,Mirae_Large_Cap,Nippon India Mutual Fund
11-04-2025,6364.53990,118701,Mirae_Large_Cap,Nippon India Mutual Fund
10-04-2025,6363.36510,118701,Mirae_Large_Cap,Nippon India Mutual Fund
09-04-2025,6362.28780,118701,Mirae_Large_Cap,Nippon India Mutual Fund
08-04-2025,6360.60810,118701,Mirae_Large_Cap,Nippon India Mutual Fund
07-04-2025,6359.13060,118701,Mirae_Large_Cap,Nippon India Mutual Fund
06-04-2025,6358.37550,118701,Mirae_Large_Cap,Nippon India Mutual Fund
04-04-2025,6356.19580,118701,Mirae_Large_Cap,Nippon India Mutual Fund
03-04-2025,6354.77920,118701,Mirae_Large_Cap,Nippon India Mutual Fund
02-04-2025,6351.88210,118701,Mirae_Large_Cap,Nippon India Mutual Fund
01-04-2025,6348.07520,118701,Mirae_Large_Cap,Nippon India Mutual Fund
31-03-2025,6346.89490,118701,Mirae_Large_Cap,Nippon India Mutual Fund
30-03-2025,6345.73300,118701,Mirae_Large_Cap,Nippon India Mutual Fund
28-03-2025,6343.37480,118701,Mirae_Large_Cap,Nippon India Mutual Fund
27-03-2025,6336.20390,118701,Mirae_Large_Cap,Nippon India Mutual Fund
26-03-2025,6336.25660,118701,Mirae_Large_Cap,Nippon India Mutual Fund
25-03-2025,6334.47780,118701,Mirae_Large_Cap,Nippon India Mutual Fund
24-03-2025,6332.91800,118701,Mirae_Large_Cap,Nippon India Mutual Fund
23-03-2025,6330.90500,118701,Mirae_Large_Cap,Nippon India Mutual Fund
21-03-2025,6328.35920,118701,Mirae_Large_Cap,Nippon India Mutual Fund
20-03-2025,6326.71070,118701,Mirae_Large_Cap,Nippon India Mutual Fund
19-03-2025,6325.40400,118701,Mirae_Large_Cap,Nippon India Mutual Fund
18-03-2025,6324.20130,118701,Mirae_Large_Cap,Nippon India Mutual Fund
17-03-2025,6323.15440,118701,Mirae_Large_Cap,Nippon India Mutual Fund
16-03-2025,6322.10990,118701,Mirae_Large_Cap,Nippon India Mutual Fund
14-03-2025,6319.55650,118701,Mirae_Large_Cap,Nippon India Mutual Fund
13-03-2025,6318.28050,118701,Mirae_Large_Cap,Nippon India Mutual Fund
12-03-2025,6317.01710,118701,Mirae_Large_Cap,Nippon India Mutual Fund
11-03-2025,6315.84140,118701,Mirae_Large_Cap,Nippon India Mutual Fund
10-03-2025,6314.95740,118701,Mirae_Large_Cap,Nippon India Mutual Fund
09-03-2025,6313.80360,118701,Mirae_Large_Cap,Nippon India Mutual Fund
07-03-2025,6311.37050,118701,Mirae_Large_Cap,Nippon India Mutual Fund
06-03-2025,6310.70850,118701,Mirae_Large_Cap,Nippon India Mutual Fund
05-03-2025,6309.61640,118701,Mirae_Large_Cap,Nippon India Mutual Fund
04-03-2025,6308.53200,118701,Mirae_Large_Cap,Nippon India Mutual Fund
03-03-2025,6307.41350,118701,Mirae_Large_Cap,Nippon India Mutual Fund
02-03-2025,6306.42460,118701,Mirae_Large_Cap,Nippon India Mutual Fund
28-02-2025,6303.98630,118701,Mirae_Large_Cap,Nippon India Mutual Fund
27-02-2025,6302.81090,118701,Mirae_Large_Cap,Nippon India Mutual Fund
26-02-2025,6301.86860,118701,Mirae_Large_Cap,Nippon India Mutual Fund
25-02-2025,6300.67730,118701,Mirae_Large_Cap,Nippon India Mutual Fund
24-02-2025,6299.53780,118701,Mirae_Large_Cap,Nippon India Mutual Fund
23-02-2025,6298.15550,118701,Mirae_Large_Cap,Nippon India Mutual Fund
21-02-2025,6295.76250,118701,Mirae_Large_Cap,Nippon India Mutual Fund
20-02-2025,6294.49600,118701,Mirae_Large_Cap,Nippon India Mutual Fund
19-02-2025,6293.42290,118701,Mirae_Large_Cap,Nippon India Mutual Fund
18-02-2025,6292.24610,118701,Mirae_Large_Cap,Nippon India Mutual Fund
17-02-2025,6291.06280,118701,Mirae_Large_Cap,Nippon India Mutual Fund
16-02-2025,6289.94310,118701,Mirae_Large_Cap,Nippon India Mutual Fund
14-02-2025,6287.58290,118701,Mirae_Large_Cap,Nippon India Mutual Fund
13-02-2025,6286.40380,118701,Mirae_Large_Cap,Nippon India Mutual Fund
12-02-2025,6285.19930,118701,Mirae_Large_Cap,Nippon India Mutual Fund
11-02-2025,6283.85470,118701,Mirae_Large_Cap,Nippon India Mutual Fund
10-02-2025,6282.47290,118701,Mirae_Large_Cap,Nippon India Mutual Fund
09-02-2025,6281.36900,118701,Mirae_Large_Cap,Nippon India Mutual Fund
07-02-2025,6279.00590,118701,Mirae_Large_Cap,Nippon India Mutual Fund
06-02-2025,6277.79710,118701,Mirae_Large_Cap,Nippon India Mutual Fund
05-02-2025,6276.28630,118701,Mirae_Large_Cap,Nippon India Mutual Fund
04-02-2025,6274.72750,118701,Mirae_Large_Cap,Nippon India Mutual Fund
03-02-2025,6273.32090,118701,Mirae_Large_Cap,Nippon India Mutual Fund
02-02-2025,6272.11720,118701,Mirae_Large_Cap,Nippon India Mutual Fund
31-01-2025,6269.71870,118701,Mirae_Large_Cap,Nippon India Mutual Fund
30-01-2025,6268.52230,118701,Mirae_Large_Cap,Nippon India Mutual Fund
29-01-2025,6267.33940,118701,Mirae_Large_Cap,Nippon India Mutual Fund
28-01-2025,6266.00790,118701,Mirae_Large_Cap,Nippon India Mutual Fund
27-01-2025,6264.71390,118701,Mirae_Large_Cap,Nippon India Mutual Fund
26-01-2025,6263.40560,118701,Mirae_Large_Cap,Nippon India Mutual Fund
24-01-2025,6261.00840,118701,Mirae_Large_Cap,Nippon India Mutual Fund
23-01-2025,6259.97860,118701,Mirae_Large_Cap,Nippon India Mutual Fund
22-01-2025,6258.75790,118701,Mirae_Large_Cap,Nippon India Mutual Fund
21-01-2025,6257.78510,118701,Mirae_Large_Cap,Nippon India Mutual Fund
20-01-2025,6256.60220,118701,Mirae_Large_Cap,Nippon India Mutual Fund
19-01-2025,6255.48170,118701,Mirae_Large_Cap,Nippon India Mutual Fund
17-01-2025,6253.10520,118701,Mirae_Large_Cap,Nippon India Mutual Fund
16-01-2025,6251.91820,118701,Mirae_Large_Cap,Nippon India Mutual Fund
15-01-2025,6250.54910,118701,Mirae_Large_Cap,Nippon India Mutual Fund
14-01-2025,6249.22240,118701,Mirae_Large_Cap,Nippon India Mutual Fund
13-01-2025,6247.89820,118701,Mirae_Large_Cap,Nippon India Mutual Fund
12-01-2025,6246.60330,118701,Mirae_Large_Cap,Nippon India Mutual Fund
10-01-2025,6244.19990,118701,Mirae_Large_Cap,Nippon India Mutual Fund
09-01-2025,6242.95620,118701,Mirae_Large_Cap,Nippon India Mutual Fund
08-01-2025,6242.24050,118701,Mirae_Large_Cap,Nippon India Mutual Fund
07-01-2025,6241.62100,118701,Mirae_Large_Cap,Nippon India Mutual Fund
06-01-2025,6240.50380,118701,Mirae_Large_Cap,Nippon India Mutual Fund
05-01-2025,6239.20340,118701,Mirae_Large_Cap,Nippon India Mutual Fund
03-01-2025,6236.86530,118701,Mirae_Large_Cap,Nippon India Mutual Fund
02-01-2025,6235.83290,118701,Mirae_Large_Cap,Nippon India Mutual Fund
01-01-2025,6234.14620,118701,Mirae_Large_Cap,Nippon India Mutual Fund
31-12-2024,6232.58730,118701,Mirae_Large_Cap,Nippon India Mutual Fund
30-12-2024,6229.38640,118701,Mirae_Large_Cap,Nippon India Mutual Fund
29-12-2024,6228.03130,118701,Mirae_Large_Cap,Nippon India Mutual Fund
27-12-2024,6225.56880,118701,Mirae_Large_Cap,Nippon India Mutual Fund
26-12-2024,6224.44950,118701,Mirae_Large_Cap,Nippon India Mutual Fund
25-12-2024,6223.31740,118701,Mirae_Large_Cap,Nippon India Mutual Fund
24-12-2024,6222.09910,118701,Mirae_Large_Cap,Nippon India Mutual Fund
23-12-2024,6221.79270,118701,Mirae_Large_Cap,Nippon India Mutual Fund
22-12-2024,6221.18660,118701,Mirae_Large_Cap,Nippon India Mutual Fund
20-12-2024,6218.79040,118701,Mirae_Large_Cap,Nippon India Mutual Fund
19-12-2024,6217.67000,118701,Mirae_Large_Cap,Nippon India Mutual Fund
18-12-2024,6216.72700,118701,Mirae_Large_Cap,Nippon India Mutual Fund
17-12-2024,6215.67950,118701,Mirae_Large_Cap,Nippon India Mutual Fund
16-12-2024,6214.58920,118701,Mirae_Large_Cap,Nippon India Mutual Fund
15-12-2024,6213.14820,118701,Mirae_Large_Cap,Nippon India Mutual Fund
14-12-2024,6211.96290,118701,Mirae_Large_Cap,Nippon India Mutual Fund
13-12-2024,6210.77830,118701,Mirae_Large_Cap,Nippon India Mutual Fund
12-12-2024,6210.04880,118701,Mirae_Large_Cap,Nippon India Mutual Fund
11-12-2024,6209.04090,118701,Mirae_Large_Cap,Nippon India Mutual Fund
10-12-2024,6207.96180,118701,Mirae_Large_Cap,Nippon India Mutual Fund
09-12-2024,6206.83160,118701,Mirae_Large_Cap,Nippon India Mutual Fund
08-12-2024,6205.71340,118701,Mirae_Large_Cap,Nippon India Mutual Fund
06-12-2024,6203.39220,118701,Mirae_Large_Cap,Nippon India Mutual Fund
05-12-2024,6201.93850,118701,Mirae_Large_Cap,Nippon India Mutual Fund
04-12-2024,6200.69100,118701,Mirae_Large_Cap,Nippon India Mutual Fund
03-12-2024,6199.49870,118701,Mirae_Large_Cap,Nippon India Mutual Fund
02-12-2024,6198.47290,118701,Mirae_Large_Cap,Nippon India Mutual Fund
01-12-2024,6197.21410,118701,Mirae_Large_Cap,Nippon India Mutual Fund
29-11-2024,6194.87640,118701,Mirae_Large_Cap,Nippon India Mutual Fund
28-11-2024,6193.61860,118701,Mirae_Large_Cap,Nippon India Mutual Fund
27-11-2024,6192.61580,118701,Mirae_Large_Cap,Nippon India Mutual Fund
26-11-2024,6191.48240,118701,Mirae_Large_Cap,Nippon India Mutual Fund
25-11-2024,6190.38780,118701,Mirae_Large_Cap,Nippon India Mutual Fund
24-11-2024,6189.15350,118701,Mirae_Large_Cap,Nippon India Mutual Fund
23-11-2024,6187.99800,118701,Mirae_Large_Cap,Nippon India Mutual Fund
22-11-2024,6186.84240,118701,Mirae_Large_Cap,Nippon India Mutual Fund
21-11-2024,6185.73350,118701,Mirae_Large_Cap,Nippon India Mutual Fund
20-11-2024,6184.69270,118701,Mirae_Large_Cap,Nippon India Mutual Fund
19-11-2024,6183.54500,118701,Mirae_Large_Cap,Nippon India Mutual Fund
18-11-2024,6182.29150,118701,Mirae_Large_Cap,Nippon India Mutual Fund
17-11-2024,6181.17070,118701,Mirae_Large_Cap,Nippon India Mutual Fund
15-11-2024,6178.87140,118701,Mirae_Large_Cap,Nippon India Mutual Fund
14-11-2024,6177.72260,118701,Mirae_Large_Cap,Nippon India Mutual Fund
13-11-2024,6176.53850,118701,Mirae_Large_Cap,Nippon India Mutual Fund
12-11-2024,6175.34690,118701,Mirae_Large_Cap,Nippon India Mutual Fund
11-11-2024,6174.16630,118701,Mirae_Large_Cap,Nippon India Mutual Fund
10-11-2024,6173.02250,118701,Mirae_Large_Cap,Nippon India Mutual Fund
08-11-2024,6170.73450,118701,Mirae_Large_Cap,Nippon India Mutual Fund
07-11-2024,6169.55500,118701,Mirae_Large_Cap,Nippon India Mutual Fund
06-11-2024,6168.34620,118701,Mirae_Large_Cap,Nippon India Mutual Fund
05-11-2024,6167.12920,118701,Mirae_Large_Cap,Nippon India Mutual Fund
04-11-2024,6165.63310,118701,Mirae_Large_Cap,Nippon India Mutual Fund
03-11-2024,6164.37200,118701,Mirae_Large_Cap,Nippon India Mutual Fund
31-10-2024,6160.91470,118701,Mirae_Large_Cap,Nippon India Mutual Fund
30-10-2024,6159.69620,118701,Mirae_Large_Cap,Nippon India Mutual Fund
29-10-2024,6158.52940,118701,Mirae_Large_Cap,Nippon India Mutual Fund
28-10-2024,6157.33340,118701,Mirae_Large_Cap,Nippon India Mutual Fund
27-10-2024,6156.28250,118701,Mirae_Large_Cap,Nippon India Mutual Fund
25-10-2024,6153.98580,118701,Mirae_Large_Cap,Nippon India Mutual Fund
24-10-2024,6152.80790,118701,Mirae_Large_Cap,Nippon India Mutual Fund
23-10-2024,6151.68010,118701,Mirae_Large_Cap,Nippon India Mutual Fund
22-10-2024,6150.47300,118701,Mirae_Large_Cap,Nippon India Mutual Fund
21-10-2024,6149.55150,118701,Mirae_Large_Cap,Nippon India Mutual Fund
20-10-2024,6148.46390,118701,Mirae_Large_Cap,Nippon India Mutual Fund
18-10-2024,6146.18540,118701,Mirae_Large_Cap,Nippon India Mutual Fund
17-10-2024,6145.09920,118701,Mirae_Large_Cap,Nippon India Mutual Fund
16-10-2024,6144.05710,118701,Mirae_Large_Cap,Nippon India Mutual Fund
15-10-2024,6142.87340,118701,Mirae_Large_Cap,Nippon India Mutual Fund
14-10-2024,6141.86860,118701,Mirae_Large_Cap,Nippon India Mutual Fund
13-10-2024,6140.83520,118701,Mirae_Large_Cap,Nippon India Mutual Fund
11-10-2024,6138.58480,118701,Mirae_Large_Cap,Nippon India Mutual Fund
10-10-2024,6137.35390,118701,Mirae_Large_Cap,Nippon India Mutual Fund
09-10-2024,6136.18170,118701,Mirae_Large_Cap,Nippon India Mutual Fund
08-10-2024,6134.84970,118701,Mirae_Large_Cap,Nippon India Mutual Fund
07-10-2024,6133.67000,118701,Mirae_Large_Cap,Nippon India Mutual Fund
06-10-2024,6132.49380,118701,Mirae_Large_Cap,Nippon India Mutual Fund
04-10-2024,6130.23870,118701,Mirae_Large_Cap,Nippon India Mutual Fund
03-10-2024,6128.88150,118701,Mirae_Large_Cap,Nippon India Mutual Fund
02-10-2024,6127.26030,118701,Mirae_Large_Cap,Nippon India Mutual Fund
01-10-2024,6126.11070,118701,Mirae_Large_Cap,Nippon India Mutual Fund
30-09-2024,6124.59430,118701,Mirae_Large_Cap,Nippon India Mutual Fund
29-09-2024,6122.62980,118701,Mirae_Large_Cap,Nippon India Mutual Fund
27-09-2024,6120.29510,118701,Mirae_Large_Cap,Nippon India Mutual Fund
26-09-2024,6119.17220,118701,Mirae_Large_Cap,Nippon India Mutual Fund
25-09-2024,6117.85010,118701,Mirae_Large_Cap,Nippon India Mutual Fund
24-09-2024,6116.77280,118701,Mirae_Large_Cap,Nippon India Mutual Fund
23-09-2024,6115.53200,118701,Mirae_Large_Cap,Nippon India Mutual Fund
22-09-2024,6114.28530,118701,Mirae_Large_Cap,Nippon India Mutual Fund
20-09-2024,6111.93630,118701,Mirae_Large_Cap,Nippon India Mutual Fund
19-09-2024,6110.65190,118701,Mirae_Large_Cap,Nippon India Mutual Fund
18-09-2024,6109.30960,118701,Mirae_Large_Cap,Nippon India Mutual Fund
17-09-2024,6108.13280,118701,Mirae_Large_Cap,Nippon India Mutual Fund
16-09-2024,6106.86050,118701,Mirae_Large_Cap,Nippon India Mutual Fund
15-09-2024,6105.70730,118701,Mirae_Large_Cap,Nippon India Mutual Fund
14-09-2024,6104.53120,118701,Mirae_Large_Cap,Nippon India Mutual Fund
13-09-2024,6103.35540,118701,Mirae_Large_Cap,Nippon India Mutual Fund
12-09-2024,6102.19780,118701,Mirae_Large_Cap,Nippon India Mutual Fund
11-09-2024,6101.01520,118701,Mirae_Large_Cap,Nippon India Mutual Fund
10-09-2024,6099.90050,118701,Mirae_Large_Cap,Nippon India Mutual Fund
09-09-2024,6098.90000,118701,Mirae_Large_Cap,Nippon India Mutual Fund
08-09-2024,6097.72070,118701,Mirae_Large_Cap,Nippon India Mutual Fund
06-09-2024,6095.40640,118701,Mirae_Large_Cap,Nippon India Mutual Fund
05-09-2024,6094.35980,118701,Mirae_Large_Cap,Nippon India Mutual Fund
04-09-2024,6093.28240,118701,Mirae_Large_Cap,Nippon India Mutual Fund
03-09-2024,6092.15700,118701,Mirae_Large_Cap,Nippon India Mutual Fund
02-09-2024,6091.04240,118701,Mirae_Large_Cap,Nippon India Mutual Fund
01-09-2024,6089.78840,118701,Mirae_Large_Cap,Nippon India Mutual Fund
30-08-2024,6087.47750,118701,Mirae_Large_Cap,Nippon India Mutual Fund
29-08-2024,6086.39500,118701,Mirae_Large_Cap,Nippon India Mutual Fund
28-08-2024,6085.29180,118701,Mirae_Large_Cap,Nippon India Mutual Fund
27-08-2024,6084.18650,118701,Mirae_Large_Cap,Nippon India Mutual Fund
26-08-2024,6083.06290,118701,Mirae_Large_Cap,Nippon India Mutual Fund
25-08-2024,6081.93780,118701,Mirae_Large_Cap,Nippon India Mutual Fund
23-08-2024,6079.67900,118701,Mirae_Large_Cap,Nippon India Mutual Fund
22-08-2024,6078.48900,118701,Mirae_Large_Cap,Nippon India Mutual Fund
21-08-2024,6077.32370,118701,Mirae_Large_Cap,Nippon India Mutual Fund
20-08-2024,6076.23880,118701,Mirae_Large_Cap,Nippon India Mutual Fund
19-08-2024,6074.96250,118701,Mirae_Large_Cap,Nippon India Mutual Fund
18-08-2024,6073.85200,118701,Mirae_Large_Cap,Nippon India Mutual Fund
16-08-2024,6071.56130,118701,Mirae_Large_Cap,Nippon India Mutual Fund
15-08-2024,6070.38350,118701,Mirae_Large_Cap,Nippon India Mutual Fund
14-08-2024,6069.23860,118701,Mirae_Large_Cap,Nippon India Mutual Fund
13-08-2024,6068.07530,118701,Mirae_Large_Cap,Nippon India Mutual Fund
12-08-2024,6067.00250,118701,Mirae_Large_Cap,Nippon India Mutual Fund
11-08-2024,6065.89010,118701,Mirae_Large_Cap,Nippon India Mutual Fund
09-08-2024,6063.63030,118701,Mirae_Large_Cap,Nippon India Mutual Fund
08-08-2024,6062.47380,118701,Mirae_Large_Cap,Nippon India Mutual Fund
07-08-2024,6061.34770,118701,Mirae_Large_Cap,Nippon India Mutual Fund
06-08-2024,6060.12700,118701,Mirae_Large_Cap,Nippon India Mutual Fund
05-08-2024,6059.09560,118701,Mirae_Large_Cap,Nippon India Mutual Fund
04-08-2024,6057.88610,118701,Mirae_Large_Cap,Nippon India Mutual Fund
02-08-2024,6055.60870,118701,Mirae_Large_Cap,Nippon India Mutual Fund
01-08-2024,6054.51590,118701,Mirae_Large_Cap,Nippon India Mutual Fund
31-07-2024,6053.31390,118701,Mirae_Large_Cap,Nippon India Mutual Fund
30-07-2024,6052.23070,118701,Mirae_Large_Cap,Nippon India Mutual Fund
29-07-2024,6051.04260,118701,Mirae_Large_Cap,Nippon India Mutual Fund
28-07-2024,6049.92060,118701,Mirae_Large_Cap,Nippon India Mutual Fund
26-07-2024,6047.67340,118701,Mirae_Large_Cap,Nippon India Mutual Fund
25-07-2024,6046.54900,118701,Mirae_Large_Cap,Nippon India Mutual Fund
24-07-2024,6045.40500,118701,Mirae_Large_Cap,Nippon India Mutual Fund
23-07-2024,6044.27390,118701,Mirae_Large_Cap,Nippon India Mutual Fund
22-07-2024,6043.19060,118701,Mirae_Large_Cap,Nippon India Mutual Fund
21-07-2024,6042.03190,118701,Mirae_Large_Cap,Nippon India Mutual Fund
19-07-2024,6039.78250,118701,Mirae_Large_Cap,Nippon India Mutual Fund
18-07-2024,6038.65700,118701,Mirae_Large_Cap,Nippon India Mutual Fund
17-07-2024,6037.37670,118701,Mirae_Large_Cap,Nippon India Mutual Fund
16-07-2024,6036.25090,118701,Mirae_Large_Cap,Nippon India Mutual Fund
15-07-2024,6035.18950,118701,Mirae_Large_Cap,Nippon India Mutual Fund
14-07-2024,6033.87890,118701,Mirae_Large_Cap,Nippon India Mutual Fund
12-07-2024,6031.62820,118701,Mirae_Large_Cap,Nippon India Mutual Fund
11-07-2024,6030.40810,118701,Mirae_Large_Cap,Nippon India Mutual Fund
10-07-2024,6029.13690,118701,Mirae_Large_Cap,Nippon India Mutual Fund
09-07-2024,6027.97300,118701,Mirae_Large_Cap,Nippon India Mutual Fund
08-07-2024,6026.81880,118701,Mirae_Large_Cap,Nippon India Mutual Fund
07-07-2024,6025.84670,118701,Mirae_Large_Cap,Nippon India Mutual Fund
05-07-2024,6023.59300,118701,Mirae_Large_Cap,Nippon India Mutual Fund
04-07-2024,6022.55980,118701,Mirae_Large_Cap,Nippon India Mutual Fund
03-07-2024,6021.47010,118701,Mirae_Large_Cap,Nippon India Mutual Fund
02-07-2024,6020.25660,118701,Mirae_Large_Cap,Nippon India Mutual Fund
01-07-2024,6018.37280,118701,Mirae_Large_Cap,Nippon India Mutual Fund
30-06-2024,6016.42670,118701,Mirae_Large_Cap,Nippon India Mutual Fund
28-06-2024,6014.09230,118701,Mirae_Large_Cap,Nippon India Mutual Fund
27-06-2024,6012.48120,118701,Mirae_Large_Cap,Nippon India Mutual Fund
26-06-2024,6011.41000,118701,Mirae_Large_Cap,Nippon India Mutual Fund
25-06-2024,6010.40220,118701,Mirae_Large_Cap,Nippon India Mutual Fund
24-06-2024,6009.58330,118701,Mirae_Large_Cap,Nippon India Mutual Fund
23-06-2024,6008.49200,118701,Mirae_Large_Cap,Nippon India Mutual Fund
21-06-2024,6006.20210,118701,Mirae_Large_Cap,Nippon India Mutual Fund
20-06-2024,6005.04780,118701,Mirae_Large_Cap,Nippon India Mutual Fund
19-06-2024,6003.90510,118701,Mirae_Large_Cap,Nippon India Mutual Fund
18-06-2024,6002.73420,118701,Mirae_Large_Cap,Nippon India Mutual Fund
17-06-2024,6001.57380,118701,Mirae_Large_Cap,Nippon India Mutual Fund
14-06-2024,5998.15940,118701,Mirae_Large_Cap,Nippon India Mutual Fund
13-06-2024,5996.98990,118701,Mirae_Large_Cap,Nippon India Mutual Fund
12-06-2024,5995.91700,118701,Mirae_Large_Cap,Nippon India Mutual Fund
11-06-2024,5994.69940,118701,Mirae_Large_Cap,Nippon India Mutual Fund
10-06-2024,5993.51940,118701,Mirae_Large_Cap,Nippon India Mutual Fund
09-06-2024,5992.33960,118701,Mirae_Large_Cap,Nippon India Mutual Fund
07-06-2024,5990.07860,118701,Mirae_Large_Cap,Nippon India Mutual Fund
06-06-2024,5988.94660,118701,Mirae_Large_Cap,Nippon India Mutual Fund
05-06-2024,5987.69100,118701,Mirae_Large_Cap,Nippon India Mutual Fund
04-06-2024,5986.48910,118701,Mirae_Large_Cap,Nippon India Mutual Fund
03-06-2024,5985.41110,118701,Mirae_Large_Cap,Nippon India Mutual Fund
02-06-2024,5984.11730,118701,Mirae_Large_Cap,Nippon India Mutual Fund
31-05-2024,5981.83350,118701,Mirae_Large_Cap,Nippon India Mutual Fund
30-05-2024,5980.67160,118701,Mirae_Large_Cap,Nippon India Mutual Fund
29-05-2024,5979.55000,118701,Mirae_Large_Cap,Nippon India Mutual Fund
28-05-2024,5978.38190,118701,Mirae_Large_Cap,Nippon India Mutual Fund
27-05-2024,5977.27720,118701,Mirae_Large_Cap,Nippon India Mutual Fund
26-05-2024,5976.15840,118701,Mirae_Large_Cap,Nippon India Mutual Fund
24-05-2024,5973.86680,118701,Mirae_Large_Cap,Nippon India Mutual Fund
23-05-2024,5972.63860,118701,Mirae_Large_Cap,Nippon India Mutual Fund
22-05-2024,5971.48680,118701,Mirae_Large_Cap,Nippon India Mutual Fund
21-05-2024,5970.21320,118701,Mirae_Large_Cap,Nippon India Mutual Fund
20-05-2024,5968.35710,118701,Mirae_Large_Cap,Nippon India Mutual Fund
17-05-2024,5964.90210,118701,Mirae_Large_Cap,Nippon India Mutual Fund
16-05-2024,5963.72720,118701,Mirae_Large_Cap,Nippon India Mutual Fund
15-05-2024,5962.48940,118701,Mirae_Large_Cap,Nippon India Mutual Fund
14-05-2024,5961.19070,118701,Mirae_Large_Cap,Nippon India Mutual Fund
13-05-2024,5959.83020,118701,Mirae_Large_Cap,Nippon India Mutual Fund
12-05-2024,5958.69360,118701,Mirae_Large_Cap,Nippon India Mutual Fund
10-05-2024,5956.36800,118701,Mirae_Large_Cap,Nippon India Mutual Fund
09-05-2024,5955.49380,118701,Mirae_Large_Cap,Nippon India Mutual Fund
08-05-2024,5954.53810,118701,Mirae_Large_Cap,Nippon India Mutual Fund
07-05-2024,5953.78100,118701,Mirae_Large_Cap,Nippon India Mutual Fund
06-05-2024,5952.87590,118701,Mirae_Large_Cap,Nippon India Mutual Fund
05-05-2024,5951.76150,118701,Mirae_Large_Cap,Nippon India Mutual Fund
03-05-2024,5949.51090,118701,Mirae_Large_Cap,Nippon India Mutual Fund
02-05-2024,5948.24670,118701,Mirae_Large_Cap,Nippon India Mutual Fund
01-05-2024,5946.93010,118701,Mirae_Large_Cap,Nippon India Mutual Fund
30-04-2024,5945.79380,118701,Mirae_Large_Cap,Nippon India Mutual Fund
29-04-2024,5944.79700,118701,Mirae_Large_Cap,Nippon India Mutual Fund
28-04-2024,5943.79010,118701,Mirae_Large_Cap,Nippon India Mutual Fund
26-04-2024,5941.54060,118701,Mirae_Large_Cap,Nippon India Mutual Fund
25-04-2024,5940.67690,118701,Mirae_Large_Cap,Nippon India Mutual Fund
24-04-2024,5940.02310,118701,Mirae_Large_Cap,Nippon India Mutual Fund
23-04-2024,5939.07750,118701,Mirae_Large_Cap,Nippon India Mutual Fund
22-04-2024,5937.94240,118701,Mirae_Large_Cap,Nippon India Mutual Fund
21-04-2024,5936.86950,118701,Mirae_Large_Cap,Nippon India Mutual Fund
19-04-2024,5934.67760,118701,Mirae_Large_Cap,Nippon India Mutual Fund
18-04-2024,5933.74690,118701,Mirae_Large_Cap,Nippon India Mutual Fund
17-04-2024,5932.64750,118701,Mirae_Large_Cap,Nippon India Mutual Fund
16-04-2024,5931.56190,118701,Mirae_Large_Cap,Nippon India Mutual Fund
15-04-2024,5930.34420,118701,Mirae_Large_Cap,Nippon India Mutual Fund
14-04-2024,5929.01460,118701,Mirae_Large_Cap,Nippon India Mutual Fund
12-04-2024,5926.83250,118701,Mirae_Large_Cap,Nippon India Mutual Fund
11-04-2024,5925.68890,118701,Mirae_Large_Cap,Nippon India Mutual Fund
10-04-2024,5924.59710,118701,Mirae_Large_Cap,Nippon India Mutual Fund
09-04-2024,5922.66990,118701,Mirae_Large_Cap,Nippon India Mutual Fund
08-04-2024,5921.54230,118701,Mirae_Large_Cap,Nippon India Mutual Fund
07-04-2024,5919.85490,118701,Mirae_Large_Cap,Nippon India Mutual Fund
05-04-2024,5917.61920,118701,Mirae_Large_Cap,Nippon India Mutual Fund
04-04-2024,5916.26440,118701,Mirae_Large_Cap,Nippon India Mutual Fund
03-04-2024,5914.91460,118701,Mirae_Large_Cap,Nippon India Mutual Fund
02-04-2024,5913.77000,118701,Mirae_Large_Cap,Nippon India Mutual Fund
01-04-2024,5910.11550,118701,Mirae_Large_Cap,Nippon India Mutual Fund
31-03-2024,5908.93000,118701,Mirae_Large_Cap,Nippon India Mutual Fund
28-03-2024,5905.37640,118701,Mirae_Large_Cap,Nippon India Mutual Fund
27-03-2024,5901.04450,118701,Mirae_Large_Cap,Nippon India Mutual Fund
26-03-2024,5899.93590,118701,Mirae_Large_Cap,Nippon India Mutual Fund
25-03-2024,5899.39330,118701,Mirae_Large_Cap,Nippon India Mutual Fund
22-03-2024,5895.79060,118701,Mirae_Large_Cap,Nippon India Mutual Fund
21-03-2024,5895.14040,118701,Mirae_Large_Cap,Nippon India Mutual Fund
20-03-2024,5894.21230,118701,Mirae_Large_Cap,Nippon India Mutual Fund
19-03-2024,5893.07910,118701,Mirae_Large_Cap,Nippon India Mutual Fund
18-03-2024,5891.89340,118701,Mirae_Large_Cap,Nippon India Mutual Fund
17-03-2024,5890.64250,118701,Mirae_Large_Cap,Nippon India Mutual Fund
15-03-2024,5888.28720,118701,Mirae_Large_Cap,Nippon India Mutual Fund
14-03-2024,5887.22160,118701,Mirae_Large_Cap,Nippon India Mutual Fund
13-03-2024,5886.21550,118701,Mirae_Large_Cap,Nippon India Mutual Fund
12-03-2024,5884.88330,118701,Mirae_Large_Cap,Nippon India Mutual Fund
11-03-2024,5883.59000,118701,Mirae_Large_Cap,Nippon India Mutual Fund
10-03-2024,5882.36360,118701,Mirae_Large_Cap,Nippon India Mutual Fund
07-03-2024,5878.88410,118701,Mirae_Large_Cap,Nippon India Mutual Fund
06-03-2024,5877.60530,118701,Mirae_Large_Cap,Nippon India Mutual Fund
05-03-2024,5876.41680,118701,Mirae_Large_Cap,Nippon India Mutual Fund
04-03-2024,5875.14920,118701,Mirae_Large_Cap,Nippon India Mutual Fund
03-03-2024,5873.88150,118701,Mirae_Large_Cap,Nippon India Mutual Fund
01-03-2024,5871.57360,118701,Mirae_Large_Cap,Nippon India Mutual Fund
29-02-2024,5870.37860,118701,Mirae_Large_Cap,Nippon India Mutual Fund
28-02-2024,5869.12990,118701,Mirae_Large_Cap,Nippon India Mutual Fund
27-02-2024,5867.93360,118701,Mirae_Large_Cap,Nippon India Mutual Fund
26-02-2024,5866.63190,118701,Mirae_Large_Cap,Nippon India Mutual Fund
25-02-2024,5865.53250,118701,Mirae_Large_Cap,Nippon India Mutual Fund
23-02-2024,5863.22640,118701,Mirae_Large_Cap,Nippon India Mutual Fund
22-02-2024,5862.00080,118701,Mirae_Large_Cap,Nippon India Mutual Fund
21-02-2024,5860.42390,118701,Mirae_Large_Cap,Nippon India Mutual Fund
20-02-2024,5859.12140,118701,Mirae_Large_Cap,Nippon India Mutual Fund
19-02-2024,5857.88690,118701,Mirae_Large_Cap,Nippon India Mutual Fund
18-02-2024,5856.73760,118701,Mirae_Large_Cap,Nippon India Mutual Fund
16-02-2024,5854.43990,118701,Mirae_Large_Cap,Nippon India Mutual Fund
15-02-2024,5853.14710,118701,Mirae_Large_Cap,Nippon India Mutual Fund
14-02-2024,5851.79290,118701,Mirae_Large_Cap,Nippon India Mutual Fund
13-02-2024,5850.59400,118701,Mirae_Large_Cap,Nippon India Mutual Fund
12-02-2024,5849.40760,118701,Mirae_Large_Cap,Nippon India Mutual Fund
11-02-2024,5848.33330,118701,Mirae_Large_Cap,Nippon India Mutual Fund
09-02-2024,5846.01770,118701,Mirae_Large_Cap,Nippon India Mutual Fund
08-02-2024,5844.85020,118701,Mirae_Large_Cap,Nippon India Mutual Fund
07-02-2024,5843.76670,118701,Mirae_Large_Cap,Nippon India Mutual Fund
06-02-2024,5842.67400,118701,Mirae_Large_Cap,Nippon India Mutual Fund
05-02-2024,5841.58900,118701,Mirae_Large_Cap,Nippon India Mutual Fund
04-02-2024,5840.37030,118701,Mirae_Large_Cap,Nippon India Mutual Fund
02-02-2024,5838.03870,118701,Mirae_Large_Cap,Nippon India Mutual Fund
01-02-2024,5836.75130,118701,Mirae_Large_Cap,Nippon India Mutual Fund
31-01-2024,5835.62810,118701,Mirae_Large_Cap,Nippon India Mutual Fund
30-01-2024,5834.40840,118701,Mirae_Large_Cap,Nippon India Mutual Fund
29-01-2024,5833.28660,118701,Mirae_Large_Cap,Nippon India Mutual Fund
28-01-2024,5832.11580,118701,Mirae_Large_Cap,Nippon India Mutual Fund
25-01-2024,5828.64070,118701,Mirae_Large_Cap,Nippon India Mutual Fund
24-01-2024,5827.44880,118701,Mirae_Large_Cap,Nippon India Mutual Fund
23-01-2024,5826.54470,118701,Mirae_Large_Cap,Nippon India Mutual Fund
22-01-2024,5825.74980,118701,Mirae_Large_Cap,Nippon India Mutual Fund
21-01-2024,5824.62520,118701,Mirae_Large_Cap,Nippon India Mutual Fund
19-01-2024,5822.37640,118701,Mirae_Large_Cap,Nippon India Mutual Fund
18-01-2024,5821.38630,118701,Mirae_Large_Cap,Nippon India Mutual Fund
17-01-2024,5820.28900,118701,Mirae_Large_Cap,Nippon India Mutual Fund
16-01-2024,5819.33880,118701,Mirae_Large_Cap,Nippon India Mutual Fund
15-01-2024,5818.30400,118701,Mirae_Large_Cap,Nippon India Mutual Fund
14-01-2024,5817.26610,118701,Mirae_Large_Cap,Nippon India Mutual Fund
12-01-2024,5815.00760,118701,Mirae_Large_Cap,Nippon India Mutual Fund
11-01-2024,5813.80710,118701,Mirae_Large_Cap,Nippon India Mutual Fund
10-01-2024,5812.70680,118701,Mirae_Large_Cap,Nippon India Mutual Fund
09-01-2024,5811.54570,118701,Mirae_Large_Cap,Nippon India Mutual Fund
08-01-2024,5810.13930,118701,Mirae_Large_Cap,Nippon India Mutual Fund
07-01-2024,5808.88840,118701,Mirae_Large_Cap,Nippon India Mutual Fund
05-01-2024,5806.66570,118701,Mirae_Large_Cap,Nippon India Mutual Fund
04-01-2024,5805.47550,118701,Mirae_Large_Cap,Nippon India Mutual Fund
03-01-2024,5804.21840,118701,Mirae_Large_Cap,Nippon India Mutual Fund
02-01-2024,5802.96560,118701,Mirae_Large_Cap,Nippon India Mutual Fund
01-01-2024,5801.55610,118701,Mirae_Large_Cap,Nippon India Mutual Fund
31-12-2023,5799.97690,118701,Mirae_Large_Cap,Nippon India Mutual Fund
30-12-2023,5798.82010,118701,Mirae_Large_Cap,Nippon India Mutual Fund
29-12-2023,5797.66480,118701,Mirae_Large_Cap,Nippon India Mutual Fund
28-12-2023,5795.32040,118701,Mirae_Large_Cap,Nippon India Mutual Fund
27-12-2023,5793.73430,118701,Mirae_Large_Cap,Nippon India Mutual Fund
26-12-2023,5792.86400,118701,Mirae_Large_Cap,Nippon India Mutual Fund
25-12-2023,5791.76310,118701,Mirae_Large_Cap,Nippon India Mutual Fund
22-12-2023,5788.27070,118701,Mirae_Large_Cap,Nippon India Mutual Fund
21-12-2023,5787.19640,118701,Mirae_Large_Cap,Nippon India Mutual Fund
20-12-2023,5786.01070,118701,Mirae_Large_Cap,Nippon India Mutual Fund
19-12-2023,5784.82640,118701,Mirae_Large_Cap,Nippon India Mutual Fund
18-12-2023,5783.48730,118701,Mirae_Large_Cap,Nippon India Mutual Fund
17-12-2023,5782.57810,118701,Mirae_Large_Cap,Nippon India Mutual Fund
15-12-2023,5780.26550,118701,Mirae_Large_Cap,Nippon India Mutual Fund
14-12-2023,5779.33260,118701,Mirae_Large_Cap,Nippon India Mutual Fund
13-12-2023,5778.32060,118701,Mirae_Large_Cap,Nippon India Mutual Fund
12-12-2023,5777.11460,118701,Mirae_Large_Cap,Nippon India Mutual Fund
11-12-2023,5776.36520,118701,Mirae_Large_Cap,Nippon India Mutual Fund
10-12-2023,5775.53290,118701,Mirae_Large_Cap,Nippon India Mutual Fund
08-12-2023,5773.28230,118701,Mirae_Large_Cap,Nippon India Mutual Fund
07-12-2023,5772.19910,118701,Mirae_Large_Cap,Nippon India Mutual Fund
06-12-2023,5770.96320,118701,Mirae_Large_Cap,Nippon India Mutual Fund
05-12-2023,5769.80590,118701,Mirae_Large_Cap,Nippon India Mutual Fund
04-12-2023,5768.67090,118701,Mirae_Large_Cap,Nippon India Mutual Fund
03-12-2023,5767.64340,118701,Mirae_Large_Cap,Nippon India Mutual Fund
01-12-2023,5765.39350,118701,Mirae_Large_Cap,Nippon India Mutual Fund
30-11-2023,5764.41170,118701,Mirae_Large_Cap,Nippon India Mutual Fund
29-11-2023,5763.33270,118701,Mirae_Large_Cap,Nippon India Mutual Fund
28-11-2023,5762.29650,118701,Mirae_Large_Cap,Nippon India Mutual Fund
27-11-2023,5761.22790,118701,Mirae_Large_Cap,Nippon India Mutual Fund
24-11-2023,5757.88480,118701,Mirae_Large_Cap,Nippon India Mutual Fund
23-11-2023,5756.74710,118701,Mirae_Large_Cap,Nippon India Mutual Fund
22-11-2023,5755.67970,118701,Mirae_Large_Cap,Nippon India Mutual Fund
21-11-2023,5754.59390,118701,Mirae_Large_Cap,Nippon India Mutual Fund
20-11-2023,5753.53520,118701,Mirae_Large_Cap,Nippon India Mutual Fund
19-11-2023,5752.46650,118701,Mirae_Large_Cap,Nippon India Mutual Fund
17-11-2023,5750.25810,118701,Mirae_Large_Cap,Nippon India Mutual Fund
16-11-2023,5749.21970,118701,Mirae_Large_Cap,Nippon India Mutual Fund
15-11-2023,5748.17100,118701,Mirae_Large_Cap,Nippon India Mutual Fund
14-11-2023,5747.03440,118701,Mirae_Large_Cap,Nippon India Mutual Fund
13-11-2023,5745.93280,118701,Mirae_Large_Cap,Nippon India Mutual Fund
12-11-2023,5744.74170,118701,Mirae_Large_Cap,Nippon India Mutual Fund
10-11-2023,5742.53130,118701,Mirae_Large_Cap,Nippon India Mutual Fund
09-11-2023,5741.55460,118701,Mirae_Large_Cap,Nippon India Mutual Fund
08-11-2023,5740.61200,118701,Mirae_Large_Cap,Nippon India Mutual Fund
07-11-2023,5739.51960,118701,Mirae_Large_Cap,Nippon India Mutual Fund
06-11-2023,5738.45830,118701,Mirae_Large_Cap,Nippon India Mutual Fund
05-11-2023,5737.33000,118701,Mirae_Large_Cap,Nippon India Mutual Fund
03-11-2023,5735.09540,118701,Mirae_Large_Cap,Nippon India Mutual Fund
02-11-2023,5734.06570,118701,Mirae_Large_Cap,Nippon India Mutual Fund
01-11-2023,5732.86170,118701,Mirae_Large_Cap,Nippon India Mutual Fund
31-10-2023,5731.65660,118701,Mirae_Large_Cap,Nippon India Mutual Fund
30-10-2023,5730.52390,118701,Mirae_Large_Cap,Nippon India Mutual Fund
29-10-2023,5729.45670,118701,Mirae_Large_Cap,Nippon India Mutual Fund
27-10-2023,5727.24800,118701,Mirae_Large_Cap,Nippon India Mutual Fund
26-10-2023,5726.13780,118701,Mirae_Large_Cap,Nippon India Mutual Fund
25-10-2023,5725.13730,118701,Mirae_Large_Cap,Nippon India Mutual Fund
24-10-2023,5724.13580,118701,Mirae_Large_Cap,Nippon India Mutual Fund
23-10-2023,5723.04320,118701,Mirae_Large_Cap,Nippon India Mutual Fund
22-10-2023,5722.06350,118701,Mirae_Large_Cap,Nippon India Mutual Fund
20-10-2023,5719.87320,118701,Mirae_Large_Cap,Nippon India Mutual Fund
19-10-2023,5719.03220,118701,Mirae_Large_Cap,Nippon India Mutual Fund
18-10-2023,5718.20270,118701,Mirae_Large_Cap,Nippon India Mutual Fund
17-10-2023,5717.03040,118701,Mirae_Large_Cap,Nippon India Mutual Fund
16-10-2023,5715.94450,118701,Mirae_Large_Cap,Nippon India Mutual Fund
15-10-2023,5714.87640,118701,Mirae_Large_Cap,Nippon India Mutual Fund
13-10-2023,5712.73130,118701,Mirae_Large_Cap,Nippon India Mutual Fund
12-10-2023,5711.68910,118701,Mirae_Large_Cap,Nippon India Mutual Fund
11-10-2023,5710.62750,118701,Mirae_Large_Cap,Nippon India Mutual Fund
10-10-2023,5709.60380,118701,Mirae_Large_Cap,Nippon India Mutual Fund
09-10-2023,5708.57950,118701,Mirae_Large_Cap,Nippon India Mutual Fund
08-10-2023,5707.52990,118701,Mirae_Large_Cap,Nippon India Mutual Fund
06-10-2023,5705.40200,118701,Mirae_Large_Cap,Nippon India Mutual Fund
05-10-2023,5704.59230,118701,Mirae_Large_Cap,Nippon India Mutual Fund
04-10-2023,5703.43490,118701,Mirae_Large_Cap,Nippon India Mutual Fund
03-10-2023,5702.35620,118701,Mirae_Large_Cap,Nippon India Mutual Fund
02-10-2023,5701.14380,118701,Mirae_Large_Cap,Nippon India Mutual Fund
29-09-2023,5697.93250,118701,Mirae_Large_Cap,Nippon India Mutual Fund
28-09-2023,5696.15650,118701,Mirae_Large_Cap,Nippon India Mutual Fund
27-09-2023,5695.25980,118701,Mirae_Large_Cap,Nippon India Mutual Fund
26-09-2023,5693.94380,118701,Mirae_Large_Cap,Nippon India Mutual Fund
25-09-2023,5693.24690,118701,Mirae_Large_Cap,Nippon India Mutual Fund
24-09-2023,5692.23780,118701,Mirae_Large_Cap,Nippon India Mutual Fund
22-09-2023,5690.10900,118701,Mirae_Large_Cap,Nippon India Mutual Fund
21-09-2023,5689.06480,118701,Mirae_Large_Cap,Nippon India Mutual Fund
20-09-2023,5687.92230,118701,Mirae_Large_Cap,Nippon India Mutual Fund
19-09-2023,5686.85900,118701,Mirae_Large_Cap,Nippon India Mutual Fund
18-09-2023,5685.79340,118701,Mirae_Large_Cap,Nippon India Mutual Fund
17-09-2023,5684.80050,118701,Mirae_Large_Cap,Nippon India Mutual Fund
15-09-2023,5682.67240,118701,Mirae_Large_Cap,Nippon India Mutual Fund
14-09-2023,5681.59720,118701,Mirae_Large_Cap,Nippon India Mutual Fund
13-09-2023,5680.27120,118701,Mirae_Large_Cap,Nippon India Mutual Fund
12-09-2023,5679.21180,118701,Mirae_Large_Cap,Nippon India Mutual Fund
11-09-2023,5678.40390,118701,Mirae_Large_Cap,Nippon India Mutual Fund
10-09-2023,5677.40980,118701,Mirae_Large_Cap,Nippon India Mutual Fund
08-09-2023,5675.30550,118701,Mirae_Large_Cap,Nippon India Mutual Fund
07-09-2023,5674.34000,118701,Mirae_Large_Cap,Nippon India Mutual Fund
06-09-2023,5673.32410,118701,Mirae_Large_Cap,Nippon India Mutual Fund
05-09-2023,5672.26870,118701,Mirae_Large_Cap,Nippon India Mutual Fund
04-09-2023,5671.17340,118701,Mirae_Large_Cap,Nippon India Mutual Fund
03-09-2023,5670.10490,118701,Mirae_Large_Cap,Nippon India Mutual Fund
01-09-2023,5668.00490,118701,Mirae_Large_Cap,Nippon India Mutual Fund
31-08-2023,5666.86190,118701,Mirae_Large_Cap,Nippon India Mutual Fund
30-08-2023,5665.73890,118701,Mirae_Large_Cap,Nippon India Mutual Fund
29-08-2023,5664.67830,118701,Mirae_Large_Cap,Nippon India Mutual Fund
28-08-2023,5663.64360,118701,Mirae_Large_Cap,Nippon India Mutual Fund
27-08-2023,5662.54390,118701,Mirae_Large_Cap,Nippon India Mutual Fund
25-08-2023,5660.42970,118701,Mirae_Large_Cap,Nippon India Mutual Fund
24-08-2023,5659.34000,118701,Mirae_Large_Cap,Nippon India Mutual Fund
23-08-2023,5658.24530,118701,Mirae_Large_Cap,Nippon India Mutual Fund
22-08-2023,5657.19100,118701,Mirae_Large_Cap,Nippon India Mutual Fund
21-08-2023,5656.11440,118701,Mirae_Large_Cap,Nippon India Mutual Fund
20-08-2023,5655.09850,118701,Mirae_Large_Cap,Nippon India Mutual Fund
18-08-2023,5652.99280,118701,Mirae_Large_Cap,Nippon India Mutual Fund
17-08-2023,5651.93990,118701,Mirae_Large_Cap,Nippon India Mutual Fund
16-08-2023,5651.03470,118701,Mirae_Large_Cap,Nippon India Mutual Fund
15-08-2023,5649.98400,118701,Mirae_Large_Cap,Nippon India Mutual Fund
14-08-2023,5648.93340,118701,Mirae_Large_Cap,Nippon India Mutual Fund
13-08-2023,5648.00450,118701,Mirae_Large_Cap,Nippon India Mutual Fund
11-08-2023,5645.92070,118701,Mirae_Large_Cap,Nippon India Mutual Fund
10-08-2023,5644.88940,118701,Mirae_Large_Cap,Nippon India Mutual Fund
09-08-2023,5644.15400,118701,Mirae_Large_Cap,Nippon India Mutual Fund
08-08-2023,5643.13710,118701,Mirae_Large_Cap,Nippon India Mutual Fund
07-08-2023,5642.19100,118701,Mirae_Large_Cap,Nippon India Mutual Fund
06-08-2023,5641.32840,118701,Mirae_Large_Cap,Nippon India Mutual Fund
04-08-2023,5639.32050,118701,Mirae_Large_Cap,Nippon India Mutual Fund
03-08-2023,5638.27740,118701,Mirae_Large_Cap,Nippon India Mutual Fund
02-08-2023,5637.16370,118701,Mirae_Large_Cap,Nippon India Mutual Fund
01-08-2023,5636.03740,118701,Mirae_Large_Cap,Nippon India Mutual Fund
31-07-2023,5634.91330,118701,Mirae_Large_Cap,Nippon India Mutual Fund
30-07-2023,5633.85890,118701,Mirae_Large_Cap,Nippon India Mutual Fund
28-07-2023,5631.78930,118701,Mirae_Large_Cap,Nippon India Mutual Fund
27-07-2023,5630.90600,118701,Mirae_Large_Cap,Nippon India Mutual Fund
26-07-2023,5629.92670,118701,Mirae_Large_Cap,Nippon India Mutual Fund
25-07-2023,5628.81070,118701,Mirae_Large_Cap,Nippon India Mutual Fund
24-07-2023,5627.81340,118701,Mirae_Large_Cap,Nippon India Mutual Fund
23-07-2023,5626.77120,118701,Mirae_Large_Cap,Nippon India Mutual Fund
21-07-2023,5624.71240,118701,Mirae_Large_Cap,Nippon India Mutual Fund
20-07-2023,5623.71100,118701,Mirae_Large_Cap,Nippon India Mutual Fund
19-07-2023,5622.67880,118701,Mirae_Large_Cap,Nippon India Mutual Fund
18-07-2023,5621.58160,118701,Mirae_Large_Cap,Nippon India Mutual Fund
17-07-2023,5620.53390,118701,Mirae_Large_Cap,Nippon India Mutual Fund
16-07-2023,5619.48440,118701,Mirae_Large_Cap,Nippon India Mutual Fund
14-07-2023,5617.44600,118701,Mirae_Large_Cap,Nippon India Mutual Fund
13-07-2023,5616.45750,118701,Mirae_Large_Cap,Nippon India Mutual Fund
12-07-2023,5615.29800,118701,Mirae_Large_Cap,Nippon India Mutual Fund
11-07-2023,5614.14940,118701,Mirae_Large_Cap,Nippon India Mutual Fund
10-07-2023,5613.14780,118701,Mirae_Large_Cap,Nippon India Mutual Fund
09-07-2023,5612.19520,118701,Mirae_Large_Cap,Nippon India Mutual Fund
07-07-2023,5610.13390,118701,Mirae_Large_Cap,Nippon India Mutual Fund
06-07-2023,5609.18680,118701,Mirae_Large_Cap,Nippon India Mutual Fund
05-07-2023,5608.09940,118701,Mirae_Large_Cap,Nippon India Mutual Fund
04-07-2023,5607.06800,118701,Mirae_Large_Cap,Nippon India Mutual Fund
03-07-2023,5605.94480,118701,Mirae_Large_Cap,Nippon India Mutual Fund
02-07-2023,5604.18130,118701,Mirae_Large_Cap,Nippon India Mutual Fund
30-06-2023,5602.10640,118701,Mirae_Large_Cap,Nippon India Mutual Fund
29-06-2023,5600.99870,118701,Mirae_Large_Cap,Nippon India Mutual Fund
28-06-2023,5599.96330,118701,Mirae_Large_Cap,Nippon India Mutual Fund
27-06-2023,5598.91940,118701,Mirae_Large_Cap,Nippon India Mutual Fund
26-06-2023,5597.98040,118701,Mirae_Large_Cap,Nippon India Mutual Fund
25-06-2023,5597.30230,118701,Mirae_Large_Cap,Nippon India Mutual Fund
23-06-2023,5595.26160,118701,Mirae_Large_Cap,Nippon India Mutual Fund
22-06-2023,5594.31980,118701,Mirae_Large_Cap,Nippon India Mutual Fund
21-06-2023,5593.39210,118701,Mirae_Large_Cap,Nippon India Mutual Fund
20-06-2023,5592.12430,118701,Mirae_Large_Cap,Nippon India Mutual Fund
19-06-2023,5590.94380,118701,Mirae_Large_Cap,Nippon India Mutual Fund
18-06-2023,5590.00360,118701,Mirae_Large_Cap,Nippon India Mutual Fund
16-06-2023,5587.95360,118701,Mirae_Large_Cap,Nippon India Mutual Fund
15-06-2023,5586.90400,118701,Mirae_Large_Cap,Nippon India Mutual Fund
14-06-2023,5585.64670,118701,Mirae_Large_Cap,Nippon India Mutual Fund
13-06-2023,5584.54000,118701,Mirae_Large_Cap,Nippon India Mutual Fund
12-06-2023,5583.67210,118701,Mirae_Large_Cap,Nippon India Mutual Fund
11-06-2023,5582.64070,118701,Mirae_Large_Cap,Nippon India Mutual Fund
09-06-2023,5580.61110,118701,Mirae_Large_Cap,Nippon India Mutual Fund
08-06-2023,5579.77280,118701,Mirae_Large_Cap,Nippon India Mutual Fund
07-06-2023,5578.88740,118701,Mirae_Large_Cap,Nippon India Mutual Fund
06-06-2023,5577.94180,118701,Mirae_Large_Cap,Nippon India Mutual Fund
05-06-2023,5576.90790,118701,Mirae_Large_Cap,Nippon India Mutual Fund
04-06-2023,5575.77640,118701,Mirae_Large_Cap,Nippon India Mutual Fund
02-06-2023,5573.78500,118701,Mirae_Large_Cap,Nippon India Mutual Fund
01-06-2023,5572.65600,118701,Mirae_Large_Cap,Nippon India Mutual Fund
31-05-2023,5571.42560,118701,Mirae_Large_Cap,Nippon India Mutual Fund
30-05-2023,5570.33170,118701,Mirae_Large_Cap,Nippon India Mutual Fund
29-05-2023,5569.21200,118701,Mirae_Large_Cap,Nippon India Mutual Fund
28-05-2023,5568.50700,118701,Mirae_Large_Cap,Nippon India Mutual Fund
26-05-2023,5566.52350,118701,Mirae_Large_Cap,Nippon India Mutual Fund
25-05-2023,5565.48310,118701,Mirae_Large_Cap,Nippon India Mutual Fund
24-05-2023,5564.50580,118701,Mirae_Large_Cap,Nippon India Mutual Fund
23-05-2023,5563.52140,118701,Mirae_Large_Cap,Nippon India Mutual Fund
22-05-2023,5562.59800,118701,Mirae_Large_Cap,Nippon India Mutual Fund
21-05-2023,5561.10990,118701,Mirae_Large_Cap,Nippon India Mutual Fund
19-05-2023,5559.12630,118701,Mirae_Large_Cap,Nippon India Mutual Fund
18-05-2023,5557.83860,118701,Mirae_Large_Cap,Nippon India Mutual Fund
17-05-2023,5556.53730,118701,Mirae_Large_Cap,Nippon India Mutual Fund
16-05-2023,5555.09280,118701,Mirae_Large_Cap,Nippon India Mutual Fund
15-05-2023,5553.77840,118701,Mirae_Large_Cap,Nippon India Mutual Fund
14-05-2023,5552.73770,118701,Mirae_Large_Cap,Nippon India Mutual Fund
12-05-2023,5550.62990,118701,Mirae_Large_Cap,Nippon India Mutual Fund
11-05-2023,5549.74560,118701,Mirae_Large_Cap,Nippon India Mutual Fund
10-05-2023,5548.70770,118701,Mirae_Large_Cap,Nippon India Mutual Fund
09-05-2023,5547.66500,118701,Mirae_Large_Cap,Nippon India Mutual Fund
08-05-2023,5546.66690,118701,Mirae_Large_Cap,Nippon India Mutual Fund
07-05-2023,5545.49540,118701,Mirae_Large_Cap,Nippon India Mutual Fund
05-05-2023,5543.45660,118701,Mirae_Large_Cap,Nippon India Mutual Fund
04-05-2023,5542.43830,118701,Mirae_Large_Cap,Nippon India Mutual Fund
03-05-2023,5541.36430,118701,Mirae_Large_Cap,Nippon India Mutual Fund
02-05-2023,5540.30570,118701,Mirae_Large_Cap,Nippon India Mutual Fund
01-05-2023,5539.23420,118701,Mirae_Large_Cap,Nippon India Mutual Fund
28-04-2023,5536.12100,118701,Mirae_Large_Cap,Nippon India Mutual Fund
27-04-2023,5535.39370,118701,Mirae_Large_Cap,Nippon India Mutual Fund
26-04-2023,5534.46530,118701,Mirae_Large_Cap,Nippon India Mutual Fund
25-04-2023,5533.51280,118701,Mirae_Large_Cap,Nippon India Mutual Fund
24-04-2023,5532.77620,118701,Mirae_Large_Cap,Nippon India Mutual Fund
23-04-2023,5531.81080,118701,Mirae_Large_Cap,Nippon India Mutual Fund
21-04-2023,5529.78670,118701,Mirae_Large_Cap,Nippon India Mutual Fund
20-04-2023,5529.09030,118701,Mirae_Large_Cap,Nippon India Mutual Fund
19-04-2023,5528.12350,118701,Mirae_Large_Cap,Nippon India Mutual Fund
18-04-2023,5527.22280,118701,Mirae_Large_Cap,Nippon India Mutual Fund
17-04-2023,5526.33520,118701,Mirae_Large_Cap,Nippon India Mutual Fund
16-04-2023,5525.26920,118701,Mirae_Large_Cap,Nippon India Mutual Fund
14-04-2023,5523.25310,118701,Mirae_Large_Cap,Nippon India Mutual Fund
13-04-2023,5522.24620,118701,Mirae_Large_Cap,Nippon India Mutual Fund
12-04-2023,5521.27660,118701,Mirae_Large_Cap,Nippon India Mutual Fund
11-04-2023,5519.96040,118701,Mirae_Large_Cap,Nippon India Mutual Fund
10-04-2023,5518.90000,118701,Mirae_Large_Cap,Nippon India Mutual Fund
09-04-2023,5517.64670,118701,Mirae_Large_Cap,Nippon India Mutual Fund
06-04-2023,5514.57030,118701,Mirae_Large_Cap,Nippon India Mutual Fund
05-04-2023,5512.47860,118701,Mirae_Large_Cap,Nippon India Mutual Fund
04-04-2023,5511.64560,118701,Mirae_Large_Cap,Nippon India Mutual Fund
03-04-2023,5510.62260,118701,Mirae_Large_Cap,Nippon India Mutual Fund
02-04-2023,5509.03310,118701,Mirae_Large_Cap,Nippon India Mutual Fund
31-03-2023,5506.93540,118701,Mirae_Large_Cap,Nippon India Mutual Fund
30-03-2023,5503.20630,118701,Mirae_Large_Cap,Nippon India Mutual Fund
29-03-2023,5502.10490,118701,Mirae_Large_Cap,Nippon India Mutual Fund
28-03-2023,5497.70600,118701,Mirae_Large_Cap,Nippon India Mutual Fund
27-03-2023,5499.10990,118701,Mirae_Large_Cap,Nippon India Mutual Fund
26-03-2023,5499.34710,118701,Mirae_Large_Cap,Nippon India Mutual Fund
24-03-2023,5497.18950,118701,Mirae_Large_Cap,Nippon India Mutual Fund
23-03-2023,5496.57510,118701,Mirae_Large_Cap,Nippon India Mutual Fund
22-03-2023,5495.30470,118701,Mirae_Large_Cap,Nippon India Mutual Fund
21-03-2023,5494.24330,118701,Mirae_Large_Cap,Nippon India Mutual Fund
20-03-2023,5492.39060,118701,Mirae_Large_Cap,Nippon India Mutual Fund
19-03-2023,5491.06990,118701,Mirae_Large_Cap,Nippon India Mutual Fund
17-03-2023,5488.94010,118701,Mirae_Large_Cap,Nippon India Mutual Fund
16-03-2023,5487.91690,118701,Mirae_Large_Cap,Nippon India Mutual Fund
15-03-2023,5486.88300,118701,Mirae_Large_Cap,Nippon India Mutual Fund
14-03-2023,5486.11630,118701,Mirae_Large_Cap,Nippon India Mutual Fund
13-03-2023,5484.92630,118701,Mirae_Large_Cap,Nippon India Mutual Fund
12-03-2023,5483.46140,118701,Mirae_Large_Cap,Nippon India Mutual Fund
10-03-2023,5481.33260,118701,Mirae_Large_Cap,Nippon India Mutual Fund
09-03-2023,5479.51650,118701,Mirae_Large_Cap,Nippon India Mutual Fund
08-03-2023,5478.38570,118701,Mirae_Large_Cap,Nippon India Mutual Fund
07-03-2023,5477.40280,118701,Mirae_Large_Cap,Nippon India Mutual Fund
06-03-2023,5476.34050,118701,Mirae_Large_Cap,Nippon India Mutual Fund
05-03-2023,5475.39630,118701,Mirae_Large_Cap,Nippon India Mutual Fund
03-03-2023,5473.27970,118701,Mirae_Large_Cap,Nippon India Mutual Fund
02-03-2023,5472.27470,118701,Mirae_Large_Cap,Nippon India Mutual Fund
01-03-2023,5471.38160,118701,Mirae_Large_Cap,Nippon India Mutual Fund
28-02-2023,5470.35560,118701,Mirae_Large_Cap,Nippon India Mutual Fund
27-02-2023,5469.61700,118701,Mirae_Large_Cap,Nippon India Mutual Fund
26-02-2023,5468.87260,118701,Mirae_Large_Cap,Nippon India Mutual Fund
24-02-2023,5466.78720,118701,Mirae_Large_Cap,Nippon India Mutual Fund
23-02-2023,5465.95860,118701,Mirae_Large_Cap,Nippon India Mutual Fund
22-02-2023,5465.10660,118701,Mirae_Large_Cap,Nippon India Mutual Fund
21-02-2023,5464.32680,118701,Mirae_Large_Cap,Nippon India Mutual Fund
20-02-2023,5463.34920,118701,Mirae_Large_Cap,Nippon India Mutual Fund
19-02-2023,5462.50510,118701,Mirae_Large_Cap,Nippon India Mutual Fund
17-02-2023,5460.48090,118701,Mirae_Large_Cap,Nippon India Mutual Fund
16-02-2023,5459.59160,118701,Mirae_Large_Cap,Nippon India Mutual Fund
15-02-2023,5458.60610,118701,Mirae_Large_Cap,Nippon India Mutual Fund
14-02-2023,5457.72020,118701,Mirae_Large_Cap,Nippon India Mutual Fund
13-02-2023,5456.79000,118701,Mirae_Large_Cap,Nippon India Mutual Fund
12-02-2023,5455.72690,118701,Mirae_Large_Cap,Nippon India Mutual Fund
10-02-2023,5453.73490,118701,Mirae_Large_Cap,Nippon India Mutual Fund
09-02-2023,5452.65210,118701,Mirae_Large_Cap,Nippon India Mutual Fund
08-02-2023,5451.78540,118701,Mirae_Large_Cap,Nippon India Mutual Fund
07-02-2023,5450.97410,118701,Mirae_Large_Cap,Nippon India Mutual Fund
06-02-2023,5450.06730,118701,Mirae_Large_Cap,Nippon India Mutual Fund
05-02-2023,5449.05750,118701,Mirae_Large_Cap,Nippon India Mutual Fund
03-02-2023,5447.06540,118701,Mirae_Large_Cap,Nippon India Mutual Fund
02-02-2023,5446.08180,118701,Mirae_Large_Cap,Nippon India Mutual Fund
01-02-2023,5445.05190,118701,Mirae_Large_Cap,Nippon India Mutual Fund
31-01-2023,5443.88000,118701,Mirae_Large_Cap,Nippon India Mutual Fund
30-01-2023,5442.91920,118701,Mirae_Large_Cap,Nippon India Mutual Fund
29-01-2023,5442.07730,118701,Mirae_Large_Cap,Nippon India Mutual Fund
27-01-2023,5440.12340,118701,Mirae_Large_Cap,Nippon India Mutual Fund
26-01-2023,5439.07630,118701,Mirae_Large_Cap,Nippon India Mutual Fund
25-01-2023,5438.11260,118701,Mirae_Large_Cap,Nippon India Mutual Fund
24-01-2023,5437.21160,118701,Mirae_Large_Cap,Nippon India Mutual Fund
23-01-2023,5436.39220,118701,Mirae_Large_Cap,Nippon India Mutual Fund
22-01-2023,5435.57640,118701,Mirae_Large_Cap,Nippon India Mutual Fund
20-01-2023,5433.66880,118701,Mirae_Large_Cap,Nippon India Mutual Fund
19-01-2023,5432.76110,118701,Mirae_Large_Cap,Nippon India Mutual Fund
18-01-2023,5431.82910,118701,Mirae_Large_Cap,Nippon India Mutual Fund
17-01-2023,5430.94300,118701,Mirae_Large_Cap,Nippon India Mutual Fund
16-01-2023,5430.01520,118701,Mirae_Large_Cap,Nippon India Mutual Fund
15-01-2023,5429.16860,118701,Mirae_Large_Cap,Nippon India Mutual Fund
13-01-2023,5427.30920,118701,Mirae_Large_Cap,Nippon India Mutual Fund
12-01-2023,5426.67520,118701,Mirae_Large_Cap,Nippon India Mutual Fund
11-01-2023,5425.82790,118701,Mirae_Large_Cap,Nippon India Mutual Fund
10-01-2023,5424.97580,118701,Mirae_Large_Cap,Nippon India Mutual Fund
09-01-2023,5424.16680,118701,Mirae_Large_Cap,Nippon India Mutual Fund
08-01-2023,5423.21510,118701,Mirae_Large_Cap,Nippon India Mutual Fund
06-01-2023,5421.39640,118701,Mirae_Large_Cap,Nippon India Mutual Fund
05-01-2023,5420.46450,118701,Mirae_Large_Cap,Nippon India Mutual Fund
04-01-2023,5419.42640,118701,Mirae_Large_Cap,Nippon India Mutual Fund
03-01-2023,5418.49550,118701,Mirae_Large_Cap,Nippon India Mutual Fund
02-01-2023,5417.40370,118701,Mirae_Large_Cap,Nippon India Mutual Fund
01-01-2023,5416.01330,118701,Mirae_Large_Cap,Nippon India Mutual Fund
30-12-2022,5414.13670,118701,Mirae_Large_Cap,Nippon India Mutual Fund
29-12-2022,5412.44480,118701,Mirae_Large_Cap,Nippon India Mutual Fund
28-12-2022,5411.03620,118701,Mirae_Large_Cap,Nippon India Mutual Fund
27-12-2022,5409.91110,118701,Mirae_Large_Cap,Nippon India Mutual Fund
26-12-2022,5408.88930,118701,Mirae_Large_Cap,Nippon India Mutual Fund
25-12-2022,5408.00130,118701,Mirae_Large_Cap,Nippon India Mutual Fund
23-12-2022,5406.04030,118701,Mirae_Large_Cap,Nippon India Mutual Fund
22-12-2022,5405.07340,118701,Mirae_Large_Cap,Nippon India Mutual Fund
21-12-2022,5404.03020,118701,Mirae_Large_Cap,Nippon India Mutual Fund
20-12-2022,5402.87070,118701,Mirae_Large_Cap,Nippon India Mutual Fund
19-12-2022,5401.88880,118701,Mirae_Large_Cap,Nippon India Mutual Fund
18-12-2022,5400.88640,118701,Mirae_Large_Cap,Nippon India Mutual Fund
16-12-2022,5398.89240,118701,Mirae_Large_Cap,Nippon India Mutual Fund
15-12-2022,5398.11290,118701,Mirae_Large_Cap,Nippon India Mutual Fund
14-12-2022,5397.32470,118701,Mirae_Large_Cap,Nippon India Mutual Fund
13-12-2022,5396.39580,118701,Mirae_Large_Cap,Nippon India Mutual Fund
12-12-2022,5395.56120,118701,Mirae_Large_Cap,Nippon India Mutual Fund
11-12-2022,5394.55300,118701,Mirae_Large_Cap,Nippon India Mutual Fund
09-12-2022,5392.67840,118701,Mirae_Large_Cap,Nippon India Mutual Fund
08-12-2022,5391.75620,118701,Mirae_Large_Cap,Nippon India Mutual Fund
07-12-2022,5390.75890,118701,Mirae_Large_Cap,Nippon India Mutual Fund
06-12-2022,5389.94140,118701,Mirae_Large_Cap,Nippon India Mutual Fund
05-12-2022,5388.96430,118701,Mirae_Large_Cap,Nippon India Mutual Fund
04-12-2022,5387.99940,118701,Mirae_Large_Cap,Nippon India Mutual Fund
02-12-2022,5386.16240,118701,Mirae_Large_Cap,Nippon India Mutual Fund
01-12-2022,5385.28670,118701,Mirae_Large_Cap,Nippon India Mutual Fund
30-11-2022,5384.34020,118701,Mirae_Large_Cap,Nippon India Mutual Fund
29-11-2022,5383.32300,118701,Mirae_Large_Cap,Nippon India Mutual Fund
28-11-2022,5382.28400,118701,Mirae_Large_Cap,Nippon India Mutual Fund
27-11-2022,5381.18250,118701,Mirae_Large_Cap,Nippon India Mutual Fund
25-11-2022,5379.31450,118701,Mirae_Large_Cap,Nippon India Mutual Fund
24-11-2022,5378.30990,118701,Mirae_Large_Cap,Nippon India Mutual Fund
23-11-2022,5377.33400,118701,Mirae_Large_Cap,Nippon India Mutual Fund
22-11-2022,5376.34350,118701,Mirae_Large_Cap,Nippon India Mutual Fund
21-11-2022,5375.45120,118701,Mirae_Large_Cap,Nippon India Mutual Fund
20-11-2022,5374.55710,118701,Mirae_Large_Cap,Nippon India Mutual Fund
18-11-2022,5372.71840,118701,Mirae_Large_Cap,Nippon India Mutual Fund
17-11-2022,5371.80250,118701,Mirae_Large_Cap,Nippon India Mutual Fund
16-11-2022,5370.82100,118701,Mirae_Large_Cap,Nippon India Mutual Fund
15-11-2022,5369.84320,118701,Mirae_Large_Cap,Nippon India Mutual Fund
14-11-2022,5368.87810,118701,Mirae_Large_Cap,Nippon India Mutual Fund
13-11-2022,5367.90510,118701,Mirae_Large_Cap,Nippon India Mutual Fund
11-11-2022,5366.08070,118701,Mirae_Large_Cap,Nippon India Mutual Fund
10-11-2022,5365.09370,118701,Mirae_Large_Cap,Nippon India Mutual Fund
09-11-2022,5363.98140,118701,Mirae_Large_Cap,Nippon India Mutual Fund
08-11-2022,5363.17250,118701,Mirae_Large_Cap,Nippon India Mutual Fund
07-11-2022,5362.25570,118701,Mirae_Large_Cap,Nippon India Mutual Fund
06-11-2022,5361.13050,118701,Mirae_Large_Cap,Nippon India Mutual Fund
04-11-2022,5359.28980,118701,Mirae_Large_Cap,Nippon India Mutual Fund
03-11-2022,5358.40830,118701,Mirae_Large_Cap,Nippon India Mutual Fund
02-11-2022,5357.39080,118701,Mirae_Large_Cap,Nippon India Mutual Fund
01-11-2022,5356.12920,118701,Mirae_Large_Cap,Nippon India Mutual Fund
31-10-2022,5354.83450,118701,Mirae_Large_Cap,Nippon India Mutual Fund
30-10-2022,5353.90790,118701,Mirae_Large_Cap,Nippon India Mutual Fund
28-10-2022,5352.01760,118701,Mirae_Large_Cap,Nippon India Mutual Fund
27-10-2022,5351.12990,118701,Mirae_Large_Cap,Nippon India Mutual Fund
26-10-2022,5350.25560,118701,Mirae_Large_Cap,Nippon India Mutual Fund
25-10-2022,5349.31630,118701,Mirae_Large_Cap,Nippon India Mutual Fund
24-10-2022,5348.46250,118701,Mirae_Large_Cap,Nippon India Mutual Fund
21-10-2022,5345.67010,118701,Mirae_Large_Cap,Nippon India Mutual Fund
20-10-2022,5345.20150,118701,Mirae_Large_Cap,Nippon India Mutual Fund
19-10-2022,5344.40480,118701,Mirae_Large_Cap,Nippon India Mutual Fund
18-10-2022,5343.50370,118701,Mirae_Large_Cap,Nippon India Mutual Fund
17-10-2022,5342.52430,118701,Mirae_Large_Cap,Nippon India Mutual Fund
16-10-2022,5341.61270,118701,Mirae_Large_Cap,Nippon India Mutual Fund
14-10-2022,5339.79290,118701,Mirae_Large_Cap,Nippon India Mutual Fund
13-10-2022,5339.09920,118701,Mirae_Large_Cap,Nippon India Mutual Fund
12-10-2022,5338.18520,118701,Mirae_Large_Cap,Nippon India Mutual Fund
11-10-2022,5337.55860,118701,Mirae_Large_Cap,Nippon India Mutual Fund
10-10-2022,5337.42750,118701,Mirae_Large_Cap,Nippon India Mutual Fund
09-10-2022,5336.85230,118701,Mirae_Large_Cap,Nippon India Mutual Fund
07-10-2022,5335.12520,118701,Mirae_Large_Cap,Nippon India Mutual Fund
06-10-2022,5334.69610,118701,Mirae_Large_Cap,Nippon India Mutual Fund
05-10-2022,5333.90150,118701,Mirae_Large_Cap,Nippon India Mutual Fund
03-10-2022,5332.11820,118701,Mirae_Large_Cap,Nippon India Mutual Fund
02-10-2022,5329.70440,118701,Mirae_Large_Cap,Nippon India Mutual Fund
30-09-2022,5327.96570,118701,Mirae_Large_Cap,Nippon India Mutual Fund
29-09-2022,5325.69940,118701,Mirae_Large_Cap,Nippon India Mutual Fund
28-09-2022,5323.91300,118701,Mirae_Large_Cap,Nippon India Mutual Fund
27-09-2022,5323.61230,118701,Mirae_Large_Cap,Nippon India Mutual Fund
26-09-2022,5323.84000,118701,Mirae_Large_Cap,Nippon India Mutual Fund
25-09-2022,5323.71210,118701,Mirae_Large_Cap,Nippon India Mutual Fund
23-09-2022,5321.97170,118701,Mirae_Large_Cap,Nippon India Mutual Fund
22-09-2022,5321.31620,118701,Mirae_Large_Cap,Nippon India Mutual Fund
21-09-2022,5320.49230,118701,Mirae_Large_Cap,Nippon India Mutual Fund
20-09-2022,5319.92690,118701,Mirae_Large_Cap,Nippon India Mutual Fund
19-09-2022,5319.55130,118701,Mirae_Large_Cap,Nippon India Mutual Fund
18-09-2022,5319.00290,118701,Mirae_Large_Cap,Nippon India Mutual Fund
16-09-2022,5317.32110,118701,Mirae_Large_Cap,Nippon India Mutual Fund
15-09-2022,5316.82270,118701,Mirae_Large_Cap,Nippon India Mutual Fund
14-09-2022,5316.20760,118701,Mirae_Large_Cap,Nippon India Mutual Fund
13-09-2022,5315.64000,118701,Mirae_Large_Cap,Nippon India Mutual Fund
12-09-2022,5314.98520,118701,Mirae_Large_Cap,Nippon India Mutual Fund
11-09-2022,5314.40760,118701,Mirae_Large_Cap,Nippon India Mutual Fund
09-09-2022,5312.82520,118701,Mirae_Large_Cap,Nippon India Mutual Fund
08-09-2022,5312.09210,118701,Mirae_Large_Cap,Nippon India Mutual Fund
07-09-2022,5311.37410,118701,Mirae_Large_Cap,Nippon India Mutual Fund
06-09-2022,5310.54800,118701,Mirae_Large_Cap,Nippon India Mutual Fund
05-09-2022,5309.59680,118701,Mirae_Large_Cap,Nippon India Mutual Fund
04-09-2022,5308.62300,118701,Mirae_Large_Cap,Nippon India Mutual Fund
02-09-2022,5307.03800,118701,Mirae_Large_Cap,Nippon India Mutual Fund
01-09-2022,5306.10360,118701,Mirae_Large_Cap,Nippon India Mutual Fund
31-08-2022,5305.26870,118701,Mirae_Large_Cap,Nippon India Mutual Fund
30-08-2022,5304.46830,118701,Mirae_Large_Cap,Nippon India Mutual Fund
29-08-2022,5303.80900,118701,Mirae_Large_Cap,Nippon India Mutual Fund
28-08-2022,5302.99000,118701,Mirae_Large_Cap,Nippon India Mutual Fund
26-08-2022,5301.38460,118701,Mirae_Large_Cap,Nippon India Mutual Fund
25-08-2022,5300.63420,118701,Mirae_Large_Cap,Nippon India Mutual Fund
24-08-2022,5299.87680,118701,Mirae_Large_Cap,Nippon India Mutual Fund
23-08-2022,5299.11880,118701,Mirae_Large_Cap,Nippon India Mutual Fund
22-08-2022,5298.41820,118701,Mirae_Large_Cap,Nippon India Mutual Fund
21-08-2022,5297.55890,118701,Mirae_Large_Cap,Nippon India Mutual Fund
19-08-2022,5295.98090,118701,Mirae_Large_Cap,Nippon India Mutual Fund
18-08-2022,5295.05440,118701,Mirae_Large_Cap,Nippon India Mutual Fund
17-08-2022,5294.18370,118701,Mirae_Large_Cap,Nippon India Mutual Fund
16-08-2022,5293.22230,118701,Mirae_Large_Cap,Nippon India Mutual Fund
15-08-2022,5292.43120,118701,Mirae_Large_Cap,Nippon India Mutual Fund
12-08-2022,5290.05930,118701,Mirae_Large_Cap,Nippon India Mutual Fund
11-08-2022,5289.38990,118701,Mirae_Large_Cap,Nippon India Mutual Fund
10-08-2022,5288.50890,118701,Mirae_Large_Cap,Nippon India Mutual Fund
09-08-2022,5287.71990,118701,Mirae_Large_Cap,Nippon India Mutual Fund
08-08-2022,5286.91430,118701,Mirae_Large_Cap,Nippon India Mutual Fund
07-08-2022,5286.26790,118701,Mirae_Large_Cap,Nippon India Mutual Fund
05-08-2022,5284.68130,118701,Mirae_Large_Cap,Nippon India Mutual Fund
04-08-2022,5284.09500,118701,Mirae_Large_Cap,Nippon India Mutual Fund
03-08-2022,5283.35750,118701,Mirae_Large_Cap,Nippon India Mutual Fund
02-08-2022,5282.55440,118701,Mirae_Large_Cap,Nippon India Mutual Fund
01-08-2022,5281.52760,118701,Mirae_Large_Cap,Nippon India Mutual Fund
31-07-2022,5280.40760,118701,Mirae_Large_Cap,Nippon India Mutual Fund
29-07-2022,5278.80550,118701,Mirae_Large_Cap,Nippon India Mutual Fund
28-07-2022,5278.03730,118701,Mirae_Large_Cap,Nippon India Mutual Fund
27-07-2022,5277.27600,118701,Mirae_Large_Cap,Nippon India Mutual Fund
26-07-2022,5277.08850,118701,Mirae_Large_Cap,Nippon India Mutual Fund
25-07-2022,5276.79580,118701,Mirae_Large_Cap,Nippon India Mutual Fund
24-07-2022,5276.14750,118701,Mirae_Large_Cap,Nippon India Mutual Fund
22-07-2022,5274.66760,118701,Mirae_Large_Cap,Nippon India Mutual Fund
21-07-2022,5274.09720,118701,Mirae_Large_Cap,Nippon India Mutual Fund
20-07-2022,5273.67790,118701,Mirae_Large_Cap,Nippon India Mutual Fund
19-07-2022,5273.31020,118701,Mirae_Large_Cap,Nippon India Mutual Fund
18-07-2022,5272.77370,118701,Mirae_Large_Cap,Nippon India Mutual Fund
17-07-2022,5272.11660,118701,Mirae_Large_Cap,Nippon India Mutual Fund
15-07-2022,5270.77380,118701,Mirae_Large_Cap,Nippon India Mutual Fund
14-07-2022,5270.14920,118701,Mirae_Large_Cap,Nippon India Mutual Fund
13-07-2022,5269.32110,118701,Mirae_Large_Cap,Nippon India Mutual Fund
12-07-2022,5268.67610,118701,Mirae_Large_Cap,Nippon India Mutual Fund
11-07-2022,5267.99620,118701,Mirae_Large_Cap,Nippon India Mutual Fund
10-07-2022,5267.36210,118701,Mirae_Large_Cap,Nippon India Mutual Fund
08-07-2022,5265.98640,118701,Mirae_Large_Cap,Nippon India Mutual Fund
07-07-2022,5265.35610,118701,Mirae_Large_Cap,Nippon India Mutual Fund
06-07-2022,5264.55040,118701,Mirae_Large_Cap,Nippon India Mutual Fund
05-07-2022,5263.64110,118701,Mirae_Large_Cap,Nippon India Mutual Fund
04-07-2022,5262.86760,118701,Mirae_Large_Cap,Nippon India Mutual Fund
03-07-2022,5262.11730,118701,Mirae_Large_Cap,Nippon India Mutual Fund
02-07-2022,5261.40880,118701,Mirae_Large_Cap,Nippon India Mutual Fund
01-07-2022,5260.69980,118701,Mirae_Large_Cap,Nippon India Mutual Fund
30-06-2022,5259.79470,118701,Mirae_Large_Cap,Nippon India Mutual Fund
29-06-2022,5258.64970,118701,Mirae_Large_Cap,Nippon India Mutual Fund
28-06-2022,5257.90770,118701,Mirae_Large_Cap,Nippon India Mutual Fund
27-06-2022,5257.27540,118701,Mirae_Large_Cap,Nippon India Mutual Fund
26-06-2022,5256.73570,118701,Mirae_Large_Cap,Nippon India Mutual Fund
24-06-2022,5255.31620,118701,Mirae_Large_Cap,Nippon India Mutual Fund
23-06-2022,5254.58260,118701,Mirae_Large_Cap,Nippon India Mutual Fund
22-06-2022,5253.72180,118701,Mirae_Large_Cap,Nippon India Mutual Fund
21-06-2022,5252.91450,118701,Mirae_Large_Cap,Nippon India Mutual Fund
20-06-2022,5252.08540,118701,Mirae_Large_Cap,Nippon India Mutual Fund
19-06-2022,5251.22200,118701,Mirae_Large_Cap,Nippon India Mutual Fund
17-06-2022,5249.76400,118701,Mirae_Large_Cap,Nippon India Mutual Fund
16-06-2022,5249.74360,118701,Mirae_Large_Cap,Nippon India Mutual Fund
15-06-2022,5249.07530,118701,Mirae_Large_Cap,Nippon India Mutual Fund
14-06-2022,5248.55020,118701,Mirae_Large_Cap,Nippon India Mutual Fund
13-06-2022,5247.76740,118701,Mirae_Large_Cap,Nippon India Mutual Fund
12-06-2022,5247.29350,118701,Mirae_Large_Cap,Nippon India Mutual Fund
10-06-2022,5245.94610,118701,Mirae_Large_Cap,Nippon India Mutual Fund
09-06-2022,5245.23580,118701,Mirae_Large_Cap,Nippon India Mutual Fund
08-06-2022,5244.46490,118701,Mirae_Large_Cap,Nippon India Mutual Fund
07-06-2022,5243.04880,118701,Mirae_Large_Cap,Nippon India Mutual Fund
06-06-2022,5242.86870,118701,Mirae_Large_Cap,Nippon India Mutual Fund
05-06-2022,5242.32000,118701,Mirae_Large_Cap,Nippon India Mutual Fund
03-06-2022,5241.03950,118701,Mirae_Large_Cap,Nippon India Mutual Fund
02-06-2022,5240.32060,118701,Mirae_Large_Cap,Nippon India Mutual Fund
01-06-2022,5239.70620,118701,Mirae_Large_Cap,Nippon India Mutual Fund
31-05-2022,5239.10000,118701,Mirae_Large_Cap,Nippon India Mutual Fund
30-05-2022,5238.42020,118701,Mirae_Large_Cap,Nippon India Mutual Fund
29-05-2022,5237.69110,118701,Mirae_Large_Cap,Nippon India Mutual Fund
27-05-2022,5236.36110,118701,Mirae_Large_Cap,Nippon India Mutual Fund
26-05-2022,5235.68300,118701,Mirae_Large_Cap,Nippon India Mutual Fund
25-05-2022,5235.06250,118701,Mirae_Large_Cap,Nippon India Mutual Fund
24-05-2022,5234.28920,118701,Mirae_Large_Cap,Nippon India Mutual Fund
23-05-2022,5233.53860,118701,Mirae_Large_Cap,Nippon India Mutual Fund
22-05-2022,5232.85280,118701,Mirae_Large_Cap,Nippon India Mutual Fund
20-05-2022,5231.55750,118701,Mirae_Large_Cap,Nippon India Mutual Fund
19-05-2022,5230.89260,118701,Mirae_Large_Cap,Nippon India Mutual Fund
18-05-2022,5230.18000,118701,Mirae_Large_Cap,Nippon India Mutual Fund
17-05-2022,5229.57100,118701,Mirae_Large_Cap,Nippon India Mutual Fund
16-05-2022,5228.75720,118701,Mirae_Large_Cap,Nippon India Mutual Fund
15-05-2022,5228.10770,118701,Mirae_Large_Cap,Nippon India Mutual Fund
13-05-2022,5226.80950,118701,Mirae_Large_Cap,Nippon India Mutual Fund
12-05-2022,5226.38560,118701,Mirae_Large_Cap,Nippon India Mutual Fund
11-05-2022,5225.69060,118701,Mirae_Large_Cap,Nippon India Mutual Fund
10-05-2022,5225.15780,118701,Mirae_Large_Cap,Nippon India Mutual Fund
09-05-2022,5224.60530,118701,Mirae_Large_Cap,Nippon India Mutual Fund
08-05-2022,5224.23310,118701,Mirae_Large_Cap,Nippon India Mutual Fund
06-05-2022,5222.99950,118701,Mirae_Large_Cap,Nippon India Mutual Fund
05-05-2022,5222.34070,118701,Mirae_Large_Cap,Nippon India Mutual Fund
04-05-2022,5223.20070,118701,Mirae_Large_Cap,Nippon India Mutual Fund
03-05-2022,5225.15180,118701,Mirae_Large_Cap,Nippon India Mutual Fund
02-05-2022,5224.59870,118701,Mirae_Large_Cap,Nippon India Mutual Fund
01-05-2022,5223.92160,118701,Mirae_Large_Cap,Nippon India Mutual Fund
29-04-2022,5222.81360,118701,Mirae_Large_Cap,Nippon India Mutual Fund
28-04-2022,5222.51920,118701,Mirae_Large_Cap,Nippon India Mutual Fund
27-04-2022,5222.11960,118701,Mirae_Large_Cap,Nippon India Mutual Fund
26-04-2022,5221.62110,118701,Mirae_Large_Cap,Nippon India Mutual Fund
25-04-2022,5221.35870,118701,Mirae_Large_Cap,Nippon India Mutual Fund
24-04-2022,5220.88260,118701,Mirae_Large_Cap,Nippon India Mutual Fund
22-04-2022,5219.82650,118701,Mirae_Large_Cap,Nippon India Mutual Fund
21-04-2022,5219.57280,118701,Mirae_Large_Cap,Nippon India Mutual Fund
20-04-2022,5218.95970,118701,Mirae_Large_Cap,Nippon India Mutual Fund
19-04-2022,5218.20980,118701,Mirae_Large_Cap,Nippon India Mutual Fund
18-04-2022,5217.40390,118701,Mirae_Large_Cap,Nippon India Mutual Fund
17-04-2022,5216.84640,118701,Mirae_Large_Cap,Nippon India Mutual Fund
15-04-2022,5215.80150,118701,Mirae_Large_Cap,Nippon India Mutual Fund
13-04-2022,5214.75710,118701,Mirae_Large_Cap,Nippon India Mutual Fund
12-04-2022,5214.33750,118701,Mirae_Large_Cap,Nippon India Mutual Fund
11-04-2022,5213.71980,118701,Mirae_Large_Cap,Nippon India Mutual Fund
10-04-2022,5213.08100,118701,Mirae_Large_Cap,Nippon India Mutual Fund
08-04-2022,5212.04420,118701,Mirae_Large_Cap,Nippon India Mutual Fund
07-04-2022,5212.37700,118701,Mirae_Large_Cap,Nippon India Mutual Fund
06-04-2022,5211.89510,118701,Mirae_Large_Cap,Nippon India Mutual Fund
05-04-2022,5211.31950,118701,Mirae_Large_Cap,Nippon India Mutual Fund
04-04-2022,5210.71590,118701,Mirae_Large_Cap,Nippon India Mutual Fund
03-04-2022,5209.59000,118701,Mirae_Large_Cap,Nippon India Mutual Fund
31-03-2022,5208.02700,118701,Mirae_Large_Cap,Nippon India Mutual Fund
30-03-2022,5206.63380,118701,Mirae_Large_Cap,Nippon India Mutual Fund
29-03-2022,5206.29780,118701,Mirae_Large_Cap,Nippon India Mutual Fund
28-03-2022,5205.80480,118701,Mirae_Large_Cap,Nippon India Mutual Fund
27-03-2022,5205.28840,118701,Mirae_Large_Cap,Nippon India Mutual Fund
25-03-2022,5204.22780,118701,Mirae_Large_Cap,Nippon India Mutual Fund
24-03-2022,5203.62460,118701,Mirae_Large_Cap,Nippon India Mutual Fund
23-03-2022,5203.07370,118701,Mirae_Large_Cap,Nippon India Mutual Fund
22-03-2022,5202.67400,118701,Mirae_Large_Cap,Nippon India Mutual Fund
21-03-2022,5202.20700,118701,Mirae_Large_Cap,Nippon India Mutual Fund
20-03-2022,5201.69330,118701,Mirae_Large_Cap,Nippon India Mutual Fund
18-03-2022,5200.60320,118701,Mirae_Large_Cap,Nippon India Mutual Fund
17-03-2022,5200.05900,118701,Mirae_Large_Cap,Nippon India Mutual Fund
16-03-2022,5199.50370,118701,Mirae_Large_Cap,Nippon India Mutual Fund
15-03-2022,5198.95510,118701,Mirae_Large_Cap,Nippon India Mutual Fund
14-03-2022,5198.20830,118701,Mirae_Large_Cap,Nippon India Mutual Fund
13-03-2022,5197.55860,118701,Mirae_Large_Cap,Nippon India Mutual Fund
11-03-2022,5196.54610,118701,Mirae_Large_Cap,Nippon India Mutual Fund
10-03-2022,5195.98600,118701,Mirae_Large_Cap,Nippon India Mutual Fund
09-03-2022,5195.43040,118701,Mirae_Large_Cap,Nippon India Mutual Fund
08-03-2022,5194.91530,118701,Mirae_Large_Cap,Nippon India Mutual Fund
07-03-2022,5194.51870,118701,Mirae_Large_Cap,Nippon India Mutual Fund
06-03-2022,5194.06120,118701,Mirae_Large_Cap,Nippon India Mutual Fund
04-03-2022,5193.05370,118701,Mirae_Large_Cap,Nippon India Mutual Fund
03-03-2022,5192.53990,118701,Mirae_Large_Cap,Nippon India Mutual Fund
02-03-2022,5192.14250,118701,Mirae_Large_Cap,Nippon India Mutual Fund
01-03-2022,5191.64080,118701,Mirae_Large_Cap,Nippon India Mutual Fund
28-02-2022,5191.13190,118701,Mirae_Large_Cap,Nippon India Mutual Fund
27-02-2022,5190.69140,118701,Mirae_Large_Cap,Nippon India Mutual Fund
25-02-2022,5189.68410,118701,Mirae_Large_Cap,Nippon India Mutual Fund
24-02-2022,5189.09180,118701,Mirae_Large_Cap,Nippon India Mutual Fund
23-02-2022,5188.56170,118701,Mirae_Large_Cap,Nippon India Mutual Fund
22-02-2022,5188.03710,118701,Mirae_Large_Cap,Nippon India Mutual Fund
21-02-2022,5187.62610,118701,Mirae_Large_Cap,Nippon India Mutual Fund
20-02-2022,5187.16980,118701,Mirae_Large_Cap,Nippon India Mutual Fund
18-02-2022,5186.17210,118701,Mirae_Large_Cap,Nippon India Mutual Fund
17-02-2022,5185.67770,118701,Mirae_Large_Cap,Nippon India Mutual Fund
16-02-2022,5185.17560,118701,Mirae_Large_Cap,Nippon India Mutual Fund
15-02-2022,5184.57750,118701,Mirae_Large_Cap,Nippon India Mutual Fund
14-02-2022,5183.93260,118701,Mirae_Large_Cap,Nippon India Mutual Fund
13-02-2022,5183.27320,118701,Mirae_Large_Cap,Nippon India Mutual Fund
11-02-2022,5182.27780,118701,Mirae_Large_Cap,Nippon India Mutual Fund
10-02-2022,5181.70490,118701,Mirae_Large_Cap,Nippon India Mutual Fund
09-02-2022,5180.64870,118701,Mirae_Large_Cap,Nippon India Mutual Fund
08-02-2022,5180.13440,118701,Mirae_Large_Cap,Nippon India Mutual Fund
07-02-2022,5179.62940,118701,Mirae_Large_Cap,Nippon India Mutual Fund
06-02-2022,5179.10940,118701,Mirae_Large_Cap,Nippon India Mutual Fund
04-02-2022,5178.06240,118701,Mirae_Large_Cap,Nippon India Mutual Fund
03-02-2022,5177.59280,118701,Mirae_Large_Cap,Nippon India Mutual Fund
02-02-2022,5177.02700,118701,Mirae_Large_Cap,Nippon India Mutual Fund
01-02-2022,5176.71230,118701,Mirae_Large_Cap,Nippon India Mutual Fund
31-01-2022,5176.24610,118701,Mirae_Large_Cap,Nippon India Mutual Fund
30-01-2022,5175.69870,118701,Mirae_Large_Cap,Nippon India Mutual Fund
28-01-2022,5174.70780,118701,Mirae_Large_Cap,Nippon India Mutual Fund
27-01-2022,5174.07650,118701,Mirae_Large_Cap,Nippon India Mutual Fund
26-01-2022,5173.76180,118701,Mirae_Large_Cap,Nippon India Mutual Fund
25-01-2022,5173.24520,118701,Mirae_Large_Cap,Nippon India Mutual Fund
24-01-2022,5172.73810,118701,Mirae_Large_Cap,Nippon India Mutual Fund
23-01-2022,5172.24890,118701,Mirae_Large_Cap,Nippon India Mutual Fund
21-01-2022,5171.15610,118701,Mirae_Large_Cap,Nippon India Mutual Fund
20-01-2022,5170.63730,118701,Mirae_Large_Cap,Nippon India Mutual Fund
19-01-2022,5170.13960,118701,Mirae_Large_Cap,Nippon India Mutual Fund
18-01-2022,5170.14730,118701,Mirae_Large_Cap,Nippon India Mutual Fund
17-01-2022,5169.80430,118701,Mirae_Large_Cap,Nippon India Mutual Fund
16-01-2022,5169.37810,118701,Mirae_Large_Cap,Nippon India Mutual Fund
14-01-2022,5168.43180,118701,Mirae_Large_Cap,Nippon India Mutual Fund
13-01-2022,5167.95230,118701,Mirae_Large_Cap,Nippon India Mutual Fund
12-01-2022,5167.43880,118701,Mirae_Large_Cap,Nippon India Mutual Fund
11-01-2022,5166.82230,118701,Mirae_Large_Cap,Nippon India Mutual Fund
10-01-2022,5166.27930,118701,Mirae_Large_Cap,Nippon India Mutual Fund
09-01-2022,5165.81000,118701,Mirae_Large_Cap,Nippon India Mutual Fund
07-01-2022,5164.84760,118701,Mirae_Large_Cap,Nippon India Mutual Fund
06-01-2022,5164.36940,118701,Mirae_Large_Cap,Nippon India Mutual Fund
05-01-2022,5163.94780,118701,Mirae_Large_Cap,Nippon India Mutual Fund
04-01-2022,5163.30080,118701,Mirae_Large_Cap,Nippon India Mutual Fund
03-01-2022,5162.72400,118701,Mirae_Large_Cap,Nippon India Mutual Fund
02-01-2022,5162.08580,118701,Mirae_Large_Cap,Nippon India Mutual Fund
31-12-2021,5161.09410,118701,Mirae_Large_Cap,Nippon India Mutual Fund
30-12-2021,5160.46420,118701,Mirae_Large_Cap,Nippon India Mutual Fund
29-12-2021,5159.84890,118701,Mirae_Large_Cap,Nippon India Mutual Fund
28-12-2021,5159.25770,118701,Mirae_Large_Cap,Nippon India Mutual Fund
27-12-2021,5158.78330,118701,Mirae_Large_Cap,Nippon India Mutual Fund
26-12-2021,5158.15580,118701,Mirae_Large_Cap,Nippon India Mutual Fund
24-12-2021,5157.14930,118701,Mirae_Large_Cap,Nippon India Mutual Fund
23-12-2021,5156.43250,118701,Mirae_Large_Cap,Nippon India Mutual Fund
22-12-2021,5155.81060,118701,Mirae_Large_Cap,Nippon India Mutual Fund
21-12-2021,5155.34020,118701,Mirae_Large_Cap,Nippon India Mutual Fund
20-12-2021,5155.18490,118701,Mirae_Large_Cap,Nippon India Mutual Fund
19-12-2021,5154.58440,118701,Mirae_Large_Cap,Nippon India Mutual Fund
17-12-2021,5153.53160,118701,Mirae_Large_Cap,Nippon India Mutual Fund
16-12-2021,5153.02720,118701,Mirae_Large_Cap,Nippon India Mutual Fund
15-12-2021,5152.77790,118701,Mirae_Large_Cap,Nippon India Mutual Fund
14-12-2021,5152.26080,118701,Mirae_Large_Cap,Nippon India Mutual Fund
13-12-2021,5151.91580,118701,Mirae_Large_Cap,Nippon India Mutual Fund
12-12-2021,5151.39360,118701,Mirae_Large_Cap,Nippon India Mutual Fund
10-12-2021,5150.42300,118701,Mirae_Large_Cap,Nippon India Mutual Fund
09-12-2021,5149.92080,118701,Mirae_Large_Cap,Nippon India Mutual Fund
08-12-2021,5149.47660,118701,Mirae_Large_Cap,Nippon India Mutual Fund
07-12-2021,5148.88110,118701,Mirae_Large_Cap,Nippon India Mutual Fund
06-12-2021,5148.40490,118701,Mirae_Large_Cap,Nippon India Mutual Fund
05-12-2021,5147.95050,118701,Mirae_Large_Cap,Nippon India Mutual Fund
03-12-2021,5147.00260,118701,Mirae_Large_Cap,Nippon India Mutual Fund
02-12-2021,5146.50600,118701,Mirae_Large_Cap,Nippon India Mutual Fund
01-12-2021,5146.02010,118701,Mirae_Large_Cap,Nippon India Mutual Fund
30-11-2021,5145.50810,118701,Mirae_Large_Cap,Nippon India Mutual Fund
29-11-2021,5144.96380,118701,Mirae_Large_Cap,Nippon India Mutual Fund
28-11-2021,5144.47150,118701,Mirae_Large_Cap,Nippon India Mutual Fund
26-11-2021,5143.50160,118701,Mirae_Large_Cap,Nippon India Mutual Fund
25-11-2021,5143.00120,118701,Mirae_Large_Cap,Nippon India Mutual Fund
24-11-2021,5142.49680,118701,Mirae_Large_Cap,Nippon India Mutual Fund
23-11-2021,5141.79840,118701,Mirae_Large_Cap,Nippon India Mutual Fund
22-11-2021,5141.27970,118701,Mirae_Large_Cap,Nippon India Mutual Fund
21-11-2021,5141.03270,118701,Mirae_Large_Cap,Nippon India Mutual Fund
19-11-2021,5140.04390,118701,Mirae_Large_Cap,Nippon India Mutual Fund
18-11-2021,5139.54940,118701,Mirae_Large_Cap,Nippon India Mutual Fund
17-11-2021,5138.99880,118701,Mirae_Large_Cap,Nippon India Mutual Fund
16-11-2021,5138.47930,118701,Mirae_Large_Cap,Nippon India Mutual Fund
15-11-2021,5137.93710,118701,Mirae_Large_Cap,Nippon India Mutual Fund
14-11-2021,5137.43630,118701,Mirae_Large_Cap,Nippon India Mutual Fund
12-11-2021,5136.48980,118701,Mirae_Large_Cap,Nippon India Mutual Fund
11-11-2021,5135.87900,118701,Mirae_Large_Cap,Nippon India Mutual Fund
10-11-2021,5135.36630,118701,Mirae_Large_Cap,Nippon India Mutual Fund
09-11-2021,5134.77370,118701,Mirae_Large_Cap,Nippon India Mutual Fund
08-11-2021,5133.99540,118701,Mirae_Large_Cap,Nippon India Mutual Fund
07-11-2021,5133.05660,118701,Mirae_Large_Cap,Nippon India Mutual Fund
05-11-2021,5131.94780,118701,Mirae_Large_Cap,Nippon India Mutual Fund
03-11-2021,5130.83860,118701,Mirae_Large_Cap,Nippon India Mutual Fund
02-11-2021,5130.09690,118701,Mirae_Large_Cap,Nippon India Mutual Fund
01-11-2021,5129.52890,118701,Mirae_Large_Cap,Nippon India Mutual Fund
31-10-2021,5129.11150,118701,Mirae_Large_Cap,Nippon India Mutual Fund
29-10-2021,5128.13310,118701,Mirae_Large_Cap,Nippon India Mutual Fund
28-10-2021,5127.81540,118701,Mirae_Large_Cap,Nippon India Mutual Fund
27-10-2021,5127.29990,118701,Mirae_Large_Cap,Nippon India Mutual Fund
26-10-2021,5127.10830,118701,Mirae_Large_Cap,Nippon India Mutual Fund
25-10-2021,5126.91070,118701,Mirae_Large_Cap,Nippon India Mutual Fund
24-10-2021,5126.74270,118701,Mirae_Large_Cap,Nippon India Mutual Fund
23-10-2021,5126.27630,118701,Mirae_Large_Cap,Nippon India Mutual Fund
22-10-2021,5125.81140,118701,Mirae_Large_Cap,Nippon India Mutual Fund
21-10-2021,5125.42960,118701,Mirae_Large_Cap,Nippon India Mutual Fund
20-10-2021,5125.05440,118701,Mirae_Large_Cap,Nippon India Mutual Fund
19-10-2021,5124.72450,118701,Mirae_Large_Cap,Nippon India Mutual Fund
18-10-2021,5124.26860,118701,Mirae_Large_Cap,Nippon India Mutual Fund
17-10-2021,5124.08540,118701,Mirae_Large_Cap,Nippon India Mutual Fund
15-10-2021,5123.18960,118701,Mirae_Large_Cap,Nippon India Mutual Fund
14-10-2021,5122.74190,118701,Mirae_Large_Cap,Nippon India Mutual Fund
13-10-2021,5122.36830,118701,Mirae_Large_Cap,Nippon India Mutual Fund
12-10-2021,5121.85970,118701,Mirae_Large_Cap,Nippon India Mutual Fund
11-10-2021,5121.38460,118701,Mirae_Large_Cap,Nippon India Mutual Fund
10-10-2021,5120.74830,118701,Mirae_Large_Cap,Nippon India Mutual Fund
08-10-2021,5119.86320,118701,Mirae_Large_Cap,Nippon India Mutual Fund
07-10-2021,5119.27300,118701,Mirae_Large_Cap,Nippon India Mutual Fund
06-10-2021,5118.77370,118701,Mirae_Large_Cap,Nippon India Mutual Fund
05-10-2021,5118.30190,118701,Mirae_Large_Cap,Nippon India Mutual Fund
04-10-2021,5117.88240,118701,Mirae_Large_Cap,Nippon India Mutual Fund
03-10-2021,5117.39500,118701,Mirae_Large_Cap,Nippon India Mutual Fund
01-10-2021,5116.48650,118701,Mirae_Large_Cap,Nippon India Mutual Fund
30-09-2021,5115.89590,118701,Mirae_Large_Cap,Nippon India Mutual Fund
29-09-2021,5115.35380,118701,Mirae_Large_Cap,Nippon India Mutual Fund
28-09-2021,5115.11400,118701,Mirae_Large_Cap,Nippon India Mutual Fund
27-09-2021,5114.81190,118701,Mirae_Large_Cap,Nippon India Mutual Fund
26-09-2021,5114.42050,118701,Mirae_Large_Cap,Nippon India Mutual Fund
24-09-2021,5113.53270,118701,Mirae_Large_Cap,Nippon India Mutual Fund
23-09-2021,5113.13410,118701,Mirae_Large_Cap,Nippon India Mutual Fund
22-09-2021,5112.72010,118701,Mirae_Large_Cap,Nippon India Mutual Fund
21-09-2021,5112.27980,118701,Mirae_Large_Cap,Nippon India Mutual Fund
20-09-2021,5111.93930,118701,Mirae_Large_Cap,Nippon India Mutual Fund
19-09-2021,5111.54580,118701,Mirae_Large_Cap,Nippon India Mutual Fund
17-09-2021,5110.66520,118701,Mirae_Large_Cap,Nippon India Mutual Fund
16-09-2021,5110.27300,118701,Mirae_Large_Cap,Nippon India Mutual Fund
15-09-2021,5109.82530,118701,Mirae_Large_Cap,Nippon India Mutual Fund
14-09-2021,5109.37970,118701,Mirae_Large_Cap,Nippon India Mutual Fund
13-09-2021,5108.94500,118701,Mirae_Large_Cap,Nippon India Mutual Fund
12-09-2021,5108.48070,118701,Mirae_Large_Cap,Nippon India Mutual Fund
09-09-2021,5107.19950,118701,Mirae_Large_Cap,Nippon India Mutual Fund
08-09-2021,5106.78220,118701,Mirae_Large_Cap,Nippon India Mutual Fund
07-09-2021,5106.34740,118701,Mirae_Large_Cap,Nippon India Mutual Fund
06-09-2021,5105.95690,118701,Mirae_Large_Cap,Nippon India Mutual Fund
05-09-2021,5105.51060,118701,Mirae_Large_Cap,Nippon India Mutual Fund
03-09-2021,5104.65740,118701,Mirae_Large_Cap,Nippon India Mutual Fund
02-09-2021,5104.22710,118701,Mirae_Large_Cap,Nippon India Mutual Fund
01-09-2021,5103.80040,118701,Mirae_Large_Cap,Nippon India Mutual Fund
31-08-2021,5103.34490,118701,Mirae_Large_Cap,Nippon India Mutual Fund
30-08-2021,5102.86270,118701,Mirae_Large_Cap,Nippon India Mutual Fund
29-08-2021,5102.40360,118701,Mirae_Large_Cap,Nippon India Mutual Fund
27-08-2021,5101.51120,118701,Mirae_Large_Cap,Nippon India Mutual Fund
26-08-2021,5101.04610,118701,Mirae_Large_Cap,Nippon India Mutual Fund
25-08-2021,5100.55110,118701,Mirae_Large_Cap,Nippon India Mutual Fund
24-08-2021,5100.05610,118701,Mirae_Large_Cap,Nippon India Mutual Fund
23-08-2021,5099.54930,118701,Mirae_Large_Cap,Nippon India Mutual Fund
22-08-2021,5099.09630,118701,Mirae_Large_Cap,Nippon India Mutual Fund
20-08-2021,5098.22150,118701,Mirae_Large_Cap,Nippon India Mutual Fund
19-08-2021,5097.74480,118701,Mirae_Large_Cap,Nippon India Mutual Fund
18-08-2021,5097.29970,118701,Mirae_Large_Cap,Nippon India Mutual Fund
17-08-2021,5096.70690,118701,Mirae_Large_Cap,Nippon India Mutual Fund
16-08-2021,5096.17930,118701,Mirae_Large_Cap,Nippon India Mutual Fund
15-08-2021,5095.72550,118701,Mirae_Large_Cap,Nippon India Mutual Fund
13-08-2021,5094.81300,118701,Mirae_Large_Cap,Nippon India Mutual Fund
12-08-2021,5094.23200,118701,Mirae_Large_Cap,Nippon India Mutual Fund
11-08-2021,5093.55220,118701,Mirae_Large_Cap,Nippon India Mutual Fund
10-08-2021,5092.99000,118701,Mirae_Large_Cap,Nippon India Mutual Fund
09-08-2021,5092.41200,118701,Mirae_Large_Cap,Nippon India Mutual Fund
08-08-2021,5091.88730,118701,Mirae_Large_Cap,Nippon India Mutual Fund
06-08-2021,5090.94060,118701,Mirae_Large_Cap,Nippon India Mutual Fund
05-08-2021,5090.51160,118701,Mirae_Large_Cap,Nippon India Mutual Fund
04-08-2021,5090.04740,118701,Mirae_Large_Cap,Nippon India Mutual Fund
03-08-2021,5089.62900,118701,Mirae_Large_Cap,Nippon India Mutual Fund
02-08-2021,5089.19610,118701,Mirae_Large_Cap,Nippon India Mutual Fund
01-08-2021,5088.71250,118701,Mirae_Large_Cap,Nippon India Mutual Fund
30-07-2021,5087.79300,118701,Mirae_Large_Cap,Nippon India Mutual Fund
29-07-2021,5087.36680,118701,Mirae_Large_Cap,Nippon India Mutual Fund
28-07-2021,5086.93180,118701,Mirae_Large_Cap,Nippon India Mutual Fund
27-07-2021,5086.43530,118701,Mirae_Large_Cap,Nippon India Mutual Fund
26-07-2021,5085.95420,118701,Mirae_Large_Cap,Nippon India Mutual Fund
25-07-2021,5085.45330,118701,Mirae_Large_Cap,Nippon India Mutual Fund
23-07-2021,5084.51450,118701,Mirae_Large_Cap,Nippon India Mutual Fund
22-07-2021,5083.98520,118701,Mirae_Large_Cap,Nippon India Mutual Fund
21-07-2021,5083.44200,118701,Mirae_Large_Cap,Nippon India Mutual Fund
20-07-2021,5082.95150,118701,Mirae_Large_Cap,Nippon India Mutual Fund
19-07-2021,5082.49470,118701,Mirae_Large_Cap,Nippon India Mutual Fund
18-07-2021,5082.01960,118701,Mirae_Large_Cap,Nippon India Mutual Fund
16-07-2021,5081.10720,118701,Mirae_Large_Cap,Nippon India Mutual Fund
15-07-2021,5080.69070,118701,Mirae_Large_Cap,Nippon India Mutual Fund
14-07-2021,5080.25390,118701,Mirae_Large_Cap,Nippon India Mutual Fund
13-07-2021,5079.66670,118701,Mirae_Large_Cap,Nippon India Mutual Fund
12-07-2021,5079.11140,118701,Mirae_Large_Cap,Nippon India Mutual Fund
11-07-2021,5078.58700,118701,Mirae_Large_Cap,Nippon India Mutual Fund
09-07-2021,5077.61750,118701,Mirae_Large_Cap,Nippon India Mutual Fund
08-07-2021,5077.20110,118701,Mirae_Large_Cap,Nippon India Mutual Fund
07-07-2021,5076.71430,118701,Mirae_Large_Cap,Nippon India Mutual Fund
06-07-2021,5076.17360,118701,Mirae_Large_Cap,Nippon India Mutual Fund
05-07-2021,5075.82700,118701,Mirae_Large_Cap,Nippon India Mutual Fund
04-07-2021,5075.42900,118701,Mirae_Large_Cap,Nippon India Mutual Fund
02-07-2021,5074.52720,118701,Mirae_Large_Cap,Nippon India Mutual Fund
01-07-2021,5074.23730,118701,Mirae_Large_Cap,Nippon India Mutual Fund
30-06-2021,5073.58540,118701,Mirae_Large_Cap,Nippon India Mutual Fund
29-06-2021,5073.10210,118701,Mirae_Large_Cap,Nippon India Mutual Fund
28-06-2021,5072.58320,118701,Mirae_Large_Cap,Nippon India Mutual Fund
27-06-2021,5072.04350,118701,Mirae_Large_Cap,Nippon India Mutual Fund
25-06-2021,5071.12590,118701,Mirae_Large_Cap,Nippon India Mutual Fund
24-06-2021,5070.63260,118701,Mirae_Large_Cap,Nippon India Mutual Fund
23-06-2021,5070.07520,118701,Mirae_Large_Cap,Nippon India Mutual Fund
22-06-2021,5069.63330,118701,Mirae_Large_Cap,Nippon India Mutual Fund
21-06-2021,5069.06440,118701,Mirae_Large_Cap,Nippon India Mutual Fund
20-06-2021,5068.35140,118701,Mirae_Large_Cap,Nippon India Mutual Fund
18-06-2021,5067.45330,118701,Mirae_Large_Cap,Nippon India Mutual Fund
17-06-2021,5066.90750,118701,Mirae_Large_Cap,Nippon India Mutual Fund
16-06-2021,5066.62870,118701,Mirae_Large_Cap,Nippon India Mutual Fund
15-06-2021,5066.43730,118701,Mirae_Large_Cap,Nippon India Mutual Fund
14-06-2021,5066.02420,118701,Mirae_Large_Cap,Nippon India Mutual Fund
13-06-2021,5065.56410,118701,Mirae_Large_Cap,Nippon India Mutual Fund
11-06-2021,5064.65120,118701,Mirae_Large_Cap,Nippon India Mutual Fund
10-06-2021,5064.22350,118701,Mirae_Large_Cap,Nippon India Mutual Fund
09-06-2021,5063.75940,118701,Mirae_Large_Cap,Nippon India Mutual Fund
08-06-2021,5063.28110,118701,Mirae_Large_Cap,Nippon India Mutual Fund
07-06-2021,5062.77430,118701,Mirae_Large_Cap,Nippon India Mutual Fund
06-06-2021,5062.33690,118701,Mirae_Large_Cap,Nippon India Mutual Fund
04-06-2021,5061.43240,118701,Mirae_Large_Cap,Nippon India Mutual Fund
03-06-2021,5060.93790,118701,Mirae_Large_Cap,Nippon India Mutual Fund
02-06-2021,5060.41750,118701,Mirae_Large_Cap,Nippon India Mutual Fund
01-06-2021,5059.96490,118701,Mirae_Large_Cap,Nippon India Mutual Fund
31-05-2021,5059.55140,118701,Mirae_Large_Cap,Nippon India Mutual Fund
30-05-2021,5059.09380,118701,Mirae_Large_Cap,Nippon India Mutual Fund
28-05-2021,5058.18700,118701,Mirae_Large_Cap,Nippon India Mutual Fund
27-05-2021,5057.69400,118701,Mirae_Large_Cap,Nippon India Mutual Fund
26-05-2021,5057.15760,118701,Mirae_Large_Cap,Nippon India Mutual Fund
25-05-2021,5056.68470,118701,Mirae_Large_Cap,Nippon India Mutual Fund
24-05-2021,5056.26300,118701,Mirae_Large_Cap,Nippon India Mutual Fund
23-05-2021,5055.83010,118701,Mirae_Large_Cap,Nippon India Mutual Fund
21-05-2021,5054.93140,118701,Mirae_Large_Cap,Nippon India Mutual Fund
20-05-2021,5054.47240,118701,Mirae_Large_Cap,Nippon India Mutual Fund
19-05-2021,5054.00630,118701,Mirae_Large_Cap,Nippon India Mutual Fund
18-05-2021,5053.62380,118701,Mirae_Large_Cap,Nippon India Mutual Fund
17-05-2021,5053.14320,118701,Mirae_Large_Cap,Nippon India Mutual Fund
16-05-2021,5052.70220,118701,Mirae_Large_Cap,Nippon India Mutual Fund
14-05-2021,5051.79340,118701,Mirae_Large_Cap,Nippon India Mutual Fund
13-05-2021,5051.34830,118701,Mirae_Large_Cap,Nippon India Mutual Fund
12-05-2021,5050.87490,118701,Mirae_Large_Cap,Nippon India Mutual Fund
11-05-2021,5050.48380,118701,Mirae_Large_Cap,Nippon India Mutual Fund
10-05-2021,5050.04780,118701,Mirae_Large_Cap,Nippon India Mutual Fund
09-05-2021,5049.66680,118701,Mirae_Large_Cap,Nippon India Mutual Fund
07-05-2021,5048.76880,118701,Mirae_Large_Cap,Nippon India Mutual Fund
06-05-2021,5048.35270,118701,Mirae_Large_Cap,Nippon India Mutual Fund
05-05-2021,5048.03430,118701,Mirae_Large_Cap,Nippon India Mutual Fund
04-05-2021,5047.66370,118701,Mirae_Large_Cap,Nippon India Mutual Fund
03-05-2021,5047.23830,118701,Mirae_Large_Cap,Nippon India Mutual Fund
02-05-2021,5046.82120,118701,Mirae_Large_Cap,Nippon India Mutual Fund
30-04-2021,5045.94660,118701,Mirae_Large_Cap,Nippon India Mutual Fund
29-04-2021,5045.58830,118701,Mirae_Large_Cap,Nippon India Mutual Fund
28-04-2021,5045.17750,118701,Mirae_Large_Cap,Nippon India Mutual Fund
27-04-2021,5044.77400,118701,Mirae_Large_Cap,Nippon India Mutual Fund
26-04-2021,5044.37470,118701,Mirae_Large_Cap,Nippon India Mutual Fund
25-04-2021,5043.79730,118701,Mirae_Large_Cap,Nippon India Mutual Fund
23-04-2021,5042.93250,118701,Mirae_Large_Cap,Nippon India Mutual Fund
22-04-2021,5042.51830,118701,Mirae_Large_Cap,Nippon India Mutual Fund
21-04-2021,5041.96560,118701,Mirae_Large_Cap,Nippon India Mutual Fund
20-04-2021,5041.52520,118701,Mirae_Large_Cap,Nippon India Mutual Fund
19-04-2021,5041.01410,118701,Mirae_Large_Cap,Nippon India Mutual Fund
18-04-2021,5040.54850,118701,Mirae_Large_Cap,Nippon India Mutual Fund
16-04-2021,5039.67680,118701,Mirae_Large_Cap,Nippon India Mutual Fund
15-04-2021,5039.21200,118701,Mirae_Large_Cap,Nippon India Mutual Fund
14-04-2021,5038.80240,118701,Mirae_Large_Cap,Nippon India Mutual Fund
12-04-2021,5037.83380,118701,Mirae_Large_Cap,Nippon India Mutual Fund
11-04-2021,5037.49790,118701,Mirae_Large_Cap,Nippon India Mutual Fund
09-04-2021,5036.62860,118701,Mirae_Large_Cap,Nippon India Mutual Fund
08-04-2021,5036.20990,118701,Mirae_Large_Cap,Nippon India Mutual Fund
07-04-2021,5035.86190,118701,Mirae_Large_Cap,Nippon India Mutual Fund
06-04-2021,5035.52730,118701,Mirae_Large_Cap,Nippon India Mutual Fund
05-04-2021,5034.94620,118701,Mirae_Large_Cap,Nippon India Mutual Fund
04-04-2021,5034.32960,118701,Mirae_Large_Cap,Nippon India Mutual Fund
02-04-2021,5033.45540,118701,Mirae_Large_Cap,Nippon India Mutual Fund
01-04-2021,5033.02510,118701,Mirae_Large_Cap,Nippon India Mutual Fund
31-03-2021,5032.59130,118701,Mirae_Large_Cap,Nippon India Mutual Fund
30-03-2021,5032.07260,118701,Mirae_Large_Cap,Nippon India Mutual Fund
29-03-2021,5031.40010,118701,Mirae_Large_Cap,Nippon India Mutual Fund
26-03-2021,5030.03310,118701,Mirae_Large_Cap,Nippon India Mutual Fund
25-03-2021,5029.41340,118701,Mirae_Large_Cap,Nippon India Mutual Fund
24-03-2021,5028.88330,118701,Mirae_Large_Cap,Nippon India Mutual Fund
23-03-2021,5028.30930,118701,Mirae_Large_Cap,Nippon India Mutual Fund
22-03-2021,5027.59710,118701,Mirae_Large_Cap,Nippon India Mutual Fund
21-03-2021,5026.95720,118701,Mirae_Large_Cap,Nippon India Mutual Fund
19-03-2021,5025.92990,118701,Mirae_Large_Cap,Nippon India Mutual Fund
18-03-2021,5025.31680,118701,Mirae_Large_Cap,Nippon India Mutual Fund
17-03-2021,5024.76070,118701,Mirae_Large_Cap,Nippon India Mutual Fund
16-03-2021,5024.22710,118701,Mirae_Large_Cap,Nippon India Mutual Fund
15-03-2021,5023.77510,118701,Mirae_Large_Cap,Nippon India Mutual Fund
14-03-2021,5023.44180,118701,Mirae_Large_Cap,Nippon India Mutual Fund
12-03-2021,5022.48300,118701,Mirae_Large_Cap,Nippon India Mutual Fund
11-03-2021,5022.13870,118701,Mirae_Large_Cap,Nippon India Mutual Fund
10-03-2021,5021.69290,118701,Mirae_Large_Cap,Nippon India Mutual Fund
09-03-2021,5021.11690,118701,Mirae_Large_Cap,Nippon India Mutual Fund
08-03-2021,5020.71970,118701,Mirae_Large_Cap,Nippon India Mutual Fund
07-03-2021,5020.33320,118701,Mirae_Large_Cap,Nippon India Mutual Fund
05-03-2021,5019.45920,118701,Mirae_Large_Cap,Nippon India Mutual Fund
04-03-2021,5019.19140,118701,Mirae_Large_Cap,Nippon India Mutual Fund
03-03-2021,5018.81920,118701,Mirae_Large_Cap,Nippon India Mutual Fund
02-03-2021,5018.47480,118701,Mirae_Large_Cap,Nippon India Mutual Fund
01-03-2021,5018.08960,118701,Mirae_Large_Cap,Nippon India Mutual Fund
28-02-2021,5017.75950,118701,Mirae_Large_Cap,Nippon India Mutual Fund
26-02-2021,5016.91820,118701,Mirae_Large_Cap,Nippon India Mutual Fund
25-02-2021,5016.78690,118701,Mirae_Large_Cap,Nippon India Mutual Fund
24-02-2021,5016.26870,118701,Mirae_Large_Cap,Nippon India Mutual Fund
23-02-2021,5015.65000,118701,Mirae_Large_Cap,Nippon India Mutual Fund
22-02-2021,5015.26610,118701,Mirae_Large_Cap,Nippon India Mutual Fund
21-02-2021,5014.94360,118701,Mirae_Large_Cap,Nippon India Mutual Fund
19-02-2021,5014.15000,118701,Mirae_Large_Cap,Nippon India Mutual Fund
18-02-2021,5013.75340,118701,Mirae_Large_Cap,Nippon India Mutual Fund
17-02-2021,5013.09180,118701,Mirae_Large_Cap,Nippon India Mutual Fund
16-02-2021,5012.27500,118701,Mirae_Large_Cap,Nippon India Mutual Fund
15-02-2021,5011.69580,118701,Mirae_Large_Cap,Nippon India Mutual Fund
14-02-2021,5011.16210,118701,Mirae_Large_Cap,Nippon India Mutual Fund
12-02-2021,5010.26460,118701,Mirae_Large_Cap,Nippon India Mutual Fund
11-02-2021,5009.76490,118701,Mirae_Large_Cap,Nippon India Mutual Fund
10-02-2021,5009.26960,118701,Mirae_Large_Cap,Nippon India Mutual Fund
09-02-2021,5008.77660,118701,Mirae_Large_Cap,Nippon India Mutual Fund
08-02-2021,5008.32810,118701,Mirae_Large_Cap,Nippon India Mutual Fund
07-02-2021,5007.85640,118701,Mirae_Large_Cap,Nippon India Mutual Fund
05-02-2021,5006.97600,118701,Mirae_Large_Cap,Nippon India Mutual Fund
04-02-2021,5006.39020,118701,Mirae_Large_Cap,Nippon India Mutual Fund
03-02-2021,5005.92980,118701,Mirae_Large_Cap,Nippon India Mutual Fund
02-02-2021,5005.60760,118701,Mirae_Large_Cap,Nippon India Mutual Fund
01-02-2021,5004.99550,118701,Mirae_Large_Cap,Nippon India Mutual Fund
31-01-2021,5004.51220,118701,Mirae_Large_Cap,Nippon India Mutual Fund
29-01-2021,5003.63030,118701,Mirae_Large_Cap,Nippon India Mutual Fund
28-01-2021,5003.08710,118701,Mirae_Large_Cap,Nippon India Mutual Fund
27-01-2021,5002.63870,118701,Mirae_Large_Cap,Nippon India Mutual Fund
26-01-2021,5002.10850,118701,Mirae_Large_Cap,Nippon India Mutual Fund
25-01-2021,5001.65780,118701,Mirae_Large_Cap,Nippon India Mutual Fund
24-01-2021,5001.34470,118701,Mirae_Large_Cap,Nippon India Mutual Fund
22-01-2021,5000.45370,118701,Mirae_Large_Cap,Nippon India Mutual Fund
21-01-2021,5000.08010,118701,Mirae_Large_Cap,Nippon India Mutual Fund
20-01-2021,4999.65130,118701,Mirae_Large_Cap,Nippon India Mutual Fund
19-01-2021,4999.19790,118701,Mirae_Large_Cap,Nippon India Mutual Fund
18-01-2021,4998.78070,118701,Mirae_Large_Cap,Nippon India Mutual Fund
17-01-2021,4998.46890,118701,Mirae_Large_Cap,Nippon India Mutual Fund
15-01-2021,4997.60540,118701,Mirae_Large_Cap,Nippon India Mutual Fund
14-01-2021,4997.48730,118701,Mirae_Large_Cap,Nippon India Mutual Fund
13-01-2021,4997.11210,118701,Mirae_Large_Cap,Nippon India Mutual Fund
12-01-2021,4996.43550,118701,Mirae_Large_Cap,Nippon India Mutual Fund
11-01-2021,4996.00470,118701,Mirae_Large_Cap,Nippon India Mutual Fund
10-01-2021,4996.29920,118701,Mirae_Large_Cap,Nippon India Mutual Fund
08-01-2021,4995.47570,118701,Mirae_Large_Cap,Nippon India Mutual Fund
07-01-2021,4995.08190,118701,Mirae_Large_Cap,Nippon India Mutual Fund
06-01-2021,4994.98750,118701,Mirae_Large_Cap,Nippon India Mutual Fund
05-01-2021,4994.75170,118701,Mirae_Large_Cap,Nippon India Mutual Fund
04-01-2021,4994.39000,118701,Mirae_Large_Cap,Nippon India Mutual Fund
03-01-2021,4993.93490,118701,Mirae_Large_Cap,Nippon India Mutual Fund
01-01-2021,4993.15650,118701,Mirae_Large_Cap,Nippon India Mutual Fund
31-12-2020,4992.69500,118701,Mirae_Large_Cap,Nippon India Mutual Fund
30-12-2020,4992.16630,118701,Mirae_Large_Cap,Nippon India Mutual Fund
29-12-2020,4991.51380,118701,Mirae_Large_Cap,Nippon India Mutual Fund
28-12-2020,4990.88560,118701,Mirae_Large_Cap,Nippon India Mutual Fund
27-12-2020,4990.46810,118701,Mirae_Large_Cap,Nippon India Mutual Fund
25-12-2020,4989.64280,118701,Mirae_Large_Cap,Nippon India Mutual Fund
23-12-2020,4988.76720,118701,Mirae_Large_Cap,Nippon India Mutual Fund
22-12-2020,4988.27530,118701,Mirae_Large_Cap,Nippon India Mutual Fund
21-12-2020,4987.84720,118701,Mirae_Large_Cap,Nippon India Mutual Fund
20-12-2020,4987.47720,118701,Mirae_Large_Cap,Nippon India Mutual Fund
18-12-2020,4986.60520,118701,Mirae_Large_Cap,Nippon India Mutual Fund
17-12-2020,4986.19430,118701,Mirae_Large_Cap,Nippon India Mutual Fund
16-12-2020,4985.85490,118701,Mirae_Large_Cap,Nippon India Mutual Fund
15-12-2020,4985.46760,118701,Mirae_Large_Cap,Nippon India Mutual Fund
14-12-2020,4985.12680,118701,Mirae_Large_Cap,Nippon India Mutual Fund
13-12-2020,4984.73780,118701,Mirae_Large_Cap,Nippon India Mutual Fund
11-12-2020,4983.92470,118701,Mirae_Large_Cap,Nippon India Mutual Fund
10-12-2020,4983.51500,118701,Mirae_Large_Cap,Nippon India Mutual Fund
09-12-2020,4982.96010,118701,Mirae_Large_Cap,Nippon India Mutual Fund
08-12-2020,4982.65440,118701,Mirae_Large_Cap,Nippon India Mutual Fund
07-12-2020,4982.37620,118701,Mirae_Large_Cap,Nippon India Mutual Fund
06-12-2020,4981.91430,118701,Mirae_Large_Cap,Nippon India Mutual Fund
04-12-2020,4981.10210,118701,Mirae_Large_Cap,Nippon India Mutual Fund
03-12-2020,4980.62570,118701,Mirae_Large_Cap,Nippon India Mutual Fund
02-12-2020,4980.26530,118701,Mirae_Large_Cap,Nippon India Mutual Fund
01-12-2020,4980.35340,118701,Mirae_Large_Cap,Nippon India Mutual Fund
30-11-2020,4980.22800,118701,Mirae_Large_Cap,Nippon India Mutual Fund
27-11-2020,4979.10800,118701,Mirae_Large_Cap,Nippon India Mutual Fund
26-11-2020,4978.73390,118701,Mirae_Large_Cap,Nippon India Mutual Fund
25-11-2020,4978.20710,118701,Mirae_Large_Cap,Nippon India Mutual Fund
24-11-2020,4977.64780,118701,Mirae_Large_Cap,Nippon India Mutual Fund
23-11-2020,4977.30390,118701,Mirae_Large_Cap,Nippon India Mutual Fund
22-11-2020,4977.00150,118701,Mirae_Large_Cap,Nippon India Mutual Fund
20-11-2020,4976.26590,118701,Mirae_Large_Cap,Nippon India Mutual Fund
19-11-2020,4975.95990,118701,Mirae_Large_Cap,Nippon India Mutual Fund
18-11-2020,4975.31770,118701,Mirae_Large_Cap,Nippon India Mutual Fund
17-11-2020,4974.69440,118701,Mirae_Large_Cap,Nippon India Mutual Fund
16-11-2020,4974.24050,118701,Mirae_Large_Cap,Nippon India Mutual Fund
13-11-2020,4973.07600,118701,Mirae_Large_Cap,Nippon India Mutual Fund
12-11-2020,4972.67180,118701,Mirae_Large_Cap,Nippon India Mutual Fund
11-11-2020,4972.02050,118701,Mirae_Large_Cap,Nippon India Mutual Fund
10-11-2020,4971.53810,118701,Mirae_Large_Cap,Nippon India Mutual Fund
09-11-2020,4971.17230,118701,Mirae_Large_Cap,Nippon India Mutual Fund
08-11-2020,4970.73890,118701,Mirae_Large_Cap,Nippon India Mutual Fund
06-11-2020,4969.92900,118701,Mirae_Large_Cap,Nippon India Mutual Fund
05-11-2020,4969.41080,118701,Mirae_Large_Cap,Nippon India Mutual Fund
04-11-2020,4968.94890,118701,Mirae_Large_Cap,Nippon India Mutual Fund
03-11-2020,4968.47340,118701,Mirae_Large_Cap,Nippon India Mutual Fund
02-11-2020,4967.96490,118701,Mirae_Large_Cap,Nippon India Mutual Fund
01-11-2020,4967.59110,118701,Mirae_Large_Cap,Nippon India Mutual Fund
30-10-2020,4966.76510,118701,Mirae_Large_Cap,Nippon India Mutual Fund
29-10-2020,4966.35220,118701,Mirae_Large_Cap,Nippon India Mutual Fund
28-10-2020,4965.96180,118701,Mirae_Large_Cap,Nippon India Mutual Fund
27-10-2020,4965.52930,118701,Mirae_Large_Cap,Nippon India Mutual Fund
26-10-2020,4965.19600,118701,Mirae_Large_Cap,Nippon India Mutual Fund
25-10-2020,4964.84770,118701,Mirae_Large_Cap,Nippon India Mutual Fund
23-10-2020,4964.02780,118701,Mirae_Large_Cap,Nippon India Mutual Fund
22-10-2020,4963.60330,118701,Mirae_Large_Cap,Nippon India Mutual Fund
21-10-2020,4963.17540,118701,Mirae_Large_Cap,Nippon India Mutual Fund
20-10-2020,4962.67900,118701,Mirae_Large_Cap,Nippon India Mutual Fund
19-10-2020,4962.18880,118701,Mirae_Large_Cap,Nippon India Mutual Fund
18-10-2020,4961.71010,118701,Mirae_Large_Cap,Nippon India Mutual Fund
16-10-2020,4960.86630,118701,Mirae_Large_Cap,Nippon India Mutual Fund
15-10-2020,4960.37310,118701,Mirae_Large_Cap,Nippon India Mutual Fund
14-10-2020,4959.85620,118701,Mirae_Large_Cap,Nippon India Mutual Fund
13-10-2020,4959.33580,118701,Mirae_Large_Cap,Nippon India Mutual Fund
12-10-2020,4958.78210,118701,Mirae_Large_Cap,Nippon India Mutual Fund
11-10-2020,4958.36260,118701,Mirae_Large_Cap,Nippon India Mutual Fund
09-10-2020,4957.50970,118701,Mirae_Large_Cap,Nippon India Mutual Fund
08-10-2020,4957.04580,118701,Mirae_Large_Cap,Nippon India Mutual Fund
07-10-2020,4956.56390,118701,Mirae_Large_Cap,Nippon India Mutual Fund
06-10-2020,4956.00900,118701,Mirae_Large_Cap,Nippon India Mutual Fund
05-10-2020,4955.49430,118701,Mirae_Large_Cap,Nippon India Mutual Fund
04-10-2020,4955.02470,118701,Mirae_Large_Cap,Nippon India Mutual Fund
02-10-2020,4954.15730,118701,Mirae_Large_Cap,Nippon India Mutual Fund
01-10-2020,4953.72430,118701,Mirae_Large_Cap,Nippon India Mutual Fund
30-09-2020,4953.25930,118701,Mirae_Large_Cap,Nippon India Mutual Fund
29-09-2020,4952.43400,118701,Mirae_Large_Cap,Nippon India Mutual Fund
28-09-2020,4951.86100,118701,Mirae_Large_Cap,Nippon India Mutual Fund
27-09-2020,4951.34730,118701,Mirae_Large_Cap,Nippon India Mutual Fund
25-09-2020,4950.40160,118701,Mirae_Large_Cap,Nippon India Mutual Fund
24-09-2020,4949.92310,118701,Mirae_Large_Cap,Nippon India Mutual Fund
23-09-2020,4949.47040,118701,Mirae_Large_Cap,Nippon India Mutual Fund
22-09-2020,4949.04910,118701,Mirae_Large_Cap,Nippon India Mutual Fund
21-09-2020,4948.62360,118701,Mirae_Large_Cap,Nippon India Mutual Fund
20-09-2020,4948.26590,118701,Mirae_Large_Cap,Nippon India Mutual Fund
18-09-2020,4947.37910,118701,Mirae_Large_Cap,Nippon India Mutual Fund
17-09-2020,4946.96720,118701,Mirae_Large_Cap,Nippon India Mutual Fund
16-09-2020,4946.46980,118701,Mirae_Large_Cap,Nippon India Mutual Fund
15-09-2020,4946.00520,118701,Mirae_Large_Cap,Nippon India Mutual Fund
14-09-2020,4945.59390,118701,Mirae_Large_Cap,Nippon India Mutual Fund
13-09-2020,4945.11720,118701,Mirae_Large_Cap,Nippon India Mutual Fund
11-09-2020,4944.21760,118701,Mirae_Large_Cap,Nippon India Mutual Fund
10-09-2020,4944.01750,118701,Mirae_Large_Cap,Nippon India Mutual Fund
09-09-2020,4943.58490,118701,Mirae_Large_Cap,Nippon India Mutual Fund
08-09-2020,4943.31920,118701,Mirae_Large_Cap,Nippon India Mutual Fund
07-09-2020,4943.06340,118701,Mirae_Large_Cap,Nippon India Mutual Fund
06-09-2020,4942.66690,118701,Mirae_Large_Cap,Nippon India Mutual Fund
04-09-2020,4941.83260,118701,Mirae_Large_Cap,Nippon India Mutual Fund
03-09-2020,4941.40440,118701,Mirae_Large_Cap,Nippon India Mutual Fund
02-09-2020,4940.98100,118701,Mirae_Large_Cap,Nippon India Mutual Fund
01-09-2020,4940.53220,118701,Mirae_Large_Cap,Nippon India Mutual Fund
31-08-2020,4939.98510,118701,Mirae_Large_Cap,Nippon India Mutual Fund
30-08-2020,4939.49690,118701,Mirae_Large_Cap,Nippon India Mutual Fund
28-08-2020,4938.62570,118701,Mirae_Large_Cap,Nippon India Mutual Fund
27-08-2020,4938.29960,118701,Mirae_Large_Cap,Nippon India Mutual Fund
26-08-2020,4937.83780,118701,Mirae_Large_Cap,Nippon India Mutual Fund
25-08-2020,4937.33100,118701,Mirae_Large_Cap,Nippon India Mutual Fund
24-08-2020,4937.16650,118701,Mirae_Large_Cap,Nippon India Mutual Fund
23-08-2020,4936.86150,118701,Mirae_Large_Cap,Nippon India Mutual Fund
21-08-2020,4936.02510,118701,Mirae_Large_Cap,Nippon India Mutual Fund
20-08-2020,4935.65940,118701,Mirae_Large_Cap,Nippon India Mutual Fund
19-08-2020,4935.05360,118701,Mirae_Large_Cap,Nippon India Mutual Fund
18-08-2020,4934.41460,118701,Mirae_Large_Cap,Nippon India Mutual Fund
17-08-2020,4933.95020,118701,Mirae_Large_Cap,Nippon India Mutual Fund
16-08-2020,4933.37720,118701,Mirae_Large_Cap,Nippon India Mutual Fund
14-08-2020,4932.51520,118701,Mirae_Large_Cap,Nippon India Mutual Fund
13-08-2020,4931.95910,118701,Mirae_Large_Cap,Nippon India Mutual Fund
12-08-2020,4931.43030,118701,Mirae_Large_Cap,Nippon India Mutual Fund
11-08-2020,4930.91290,118701,Mirae_Large_Cap,Nippon India Mutual Fund
10-08-2020,4930.39930,118701,Mirae_Large_Cap,Nippon India Mutual Fund
09-08-2020,4929.95450,118701,Mirae_Large_Cap,Nippon India Mutual Fund
07-08-2020,4929.11330,118701,Mirae_Large_Cap,Nippon India Mutual Fund
06-08-2020,4928.74230,118701,Mirae_Large_Cap,Nippon India Mutual Fund
05-08-2020,4928.25620,118701,Mirae_Large_Cap,Nippon India Mutual Fund
04-08-2020,4927.73950,118701,Mirae_Large_Cap,Nippon India Mutual Fund
03-08-2020,4927.24320,118701,Mirae_Large_Cap,Nippon India Mutual Fund
02-08-2020,4926.77590,118701,Mirae_Large_Cap,Nippon India Mutual Fund
31-07-2020,4925.87710,118701,Mirae_Large_Cap,Nippon India Mutual Fund
30-07-2020,4925.40590,118701,Mirae_Large_Cap,Nippon India Mutual Fund
29-07-2020,4924.93970,118701,Mirae_Large_Cap,Nippon India Mutual Fund
28-07-2020,4924.54770,118701,Mirae_Large_Cap,Nippon India Mutual Fund
27-07-2020,4924.26500,118701,Mirae_Large_Cap,Nippon India Mutual Fund
26-07-2020,4923.89590,118701,Mirae_Large_Cap,Nippon India Mutual Fund
24-07-2020,4922.99750,118701,Mirae_Large_Cap,Nippon India Mutual Fund
23-07-2020,4922.57720,118701,Mirae_Large_Cap,Nippon India Mutual Fund
22-07-2020,4922.15260,118701,Mirae_Large_Cap,Nippon India Mutual Fund
21-07-2020,4921.59460,118701,Mirae_Large_Cap,Nippon India Mutual Fund
20-07-2020,4921.16720,118701,Mirae_Large_Cap,Nippon India Mutual Fund
19-07-2020,4920.86230,118701,Mirae_Large_Cap,Nippon India Mutual Fund
17-07-2020,4919.95790,118701,Mirae_Large_Cap,Nippon India Mutual Fund
16-07-2020,4919.50560,118701,Mirae_Large_Cap,Nippon India Mutual Fund
15-07-2020,4919.22640,118701,Mirae_Large_Cap,Nippon India Mutual Fund
14-07-2020,4918.63100,118701,Mirae_Large_Cap,Nippon India Mutual Fund
13-07-2020,4918.21380,118701,Mirae_Large_Cap,Nippon India Mutual Fund
12-07-2020,4917.77710,118701,Mirae_Large_Cap,Nippon India Mutual Fund
10-07-2020,4916.88600,118701,Mirae_Large_Cap,Nippon India Mutual Fund
09-07-2020,4916.50360,118701,Mirae_Large_Cap,Nippon India Mutual Fund
08-07-2020,4915.93450,118701,Mirae_Large_Cap,Nippon India Mutual Fund
07-07-2020,4915.43280,118701,Mirae_Large_Cap,Nippon India Mutual Fund
06-07-2020,4914.99200,118701,Mirae_Large_Cap,Nippon India Mutual Fund
05-07-2020,4914.65050,118701,Mirae_Large_Cap,Nippon India Mutual Fund
03-07-2020,4913.75620,118701,Mirae_Large_Cap,Nippon India Mutual Fund
02-07-2020,4913.42460,118701,Mirae_Large_Cap,Nippon India Mutual Fund
01-07-2020,4913.00170,118701,Mirae_Large_Cap,Nippon India Mutual Fund
30-06-2020,4912.19570,118701,Mirae_Large_Cap,Nippon India Mutual Fund
29-06-2020,4911.55380,118701,Mirae_Large_Cap,Nippon India Mutual Fund
28-06-2020,4911.03750,118701,Mirae_Large_Cap,Nippon India Mutual Fund
26-06-2020,4910.11220,118701,Mirae_Large_Cap,Nippon India Mutual Fund
25-06-2020,4909.65810,118701,Mirae_Large_Cap,Nippon India Mutual Fund
24-06-2020,4908.92680,118701,Mirae_Large_Cap,Nippon India Mutual Fund
23-06-2020,4908.25660,118701,Mirae_Large_Cap,Nippon India Mutual Fund
22-06-2020,4907.69490,118701,Mirae_Large_Cap,Nippon India Mutual Fund
21-06-2020,4907.15910,118701,Mirae_Large_Cap,Nippon India Mutual Fund
19-06-2020,4906.22080,118701,Mirae_Large_Cap,Nippon India Mutual Fund
18-06-2020,4905.47520,118701,Mirae_Large_Cap,Nippon India Mutual Fund
17-06-2020,4904.69000,118701,Mirae_Large_Cap,Nippon India Mutual Fund
16-06-2020,4903.95360,118701,Mirae_Large_Cap,Nippon India Mutual Fund
15-06-2020,4903.37040,118701,Mirae_Large_Cap,Nippon India Mutual Fund
14-06-2020,4902.57340,118701,Mirae_Large_Cap,Nippon India Mutual Fund
12-06-2020,4901.60470,118701,Mirae_Large_Cap,Nippon India Mutual Fund
11-06-2020,4900.74740,118701,Mirae_Large_Cap,Nippon India Mutual Fund
10-06-2020,4899.99210,118701,Mirae_Large_Cap,Nippon India Mutual Fund
09-06-2020,4899.38270,118701,Mirae_Large_Cap,Nippon India Mutual Fund
08-06-2020,4898.92290,118701,Mirae_Large_Cap,Nippon India Mutual Fund
07-06-2020,4898.36870,118701,Mirae_Large_Cap,Nippon India Mutual Fund
05-06-2020,4897.35530,118701,Mirae_Large_Cap,Nippon India Mutual Fund
04-06-2020,4897.12740,118701,Mirae_Large_Cap,Nippon India Mutual Fund
03-06-2020,4896.75770,118701,Mirae_Large_Cap,Nippon India Mutual Fund
02-06-2020,4896.24400,118701,Mirae_Large_Cap,Nippon India Mutual Fund
01-06-2020,4896.01800,118701,Mirae_Large_Cap,Nippon India Mutual Fund
31-05-2020,4895.65160,118701,Mirae_Large_Cap,Nippon India Mutual Fund
29-05-2020,4894.65440,118701,Mirae_Large_Cap,Nippon India Mutual Fund
28-05-2020,4894.49840,118701,Mirae_Large_Cap,Nippon India Mutual Fund
27-05-2020,4894.21840,118701,Mirae_Large_Cap,Nippon India Mutual Fund
26-05-2020,4893.81620,118701,Mirae_Large_Cap,Nippon India Mutual Fund
25-05-2020,4893.20370,118701,Mirae_Large_Cap,Nippon India Mutual Fund
22-05-2020,4891.72510,118701,Mirae_Large_Cap,Nippon India Mutual Fund
21-05-2020,4890.57220,118701,Mirae_Large_Cap,Nippon India Mutual Fund
20-05-2020,4889.69560,118701,Mirae_Large_Cap,Nippon India Mutual Fund
19-05-2020,4888.79150,118701,Mirae_Large_Cap,Nippon India Mutual Fund
18-05-2020,4888.10680,118701,Mirae_Large_Cap,Nippon India Mutual Fund
17-05-2020,4887.34230,118701,Mirae_Large_Cap,Nippon India Mutual Fund
15-05-2020,4886.26060,118701,Mirae_Large_Cap,Nippon India Mutual Fund
14-05-2020,4885.32650,118701,Mirae_Large_Cap,Nippon India Mutual Fund
13-05-2020,4884.65500,118701,Mirae_Large_Cap,Nippon India Mutual Fund
12-05-2020,4883.49610,118701,Mirae_Large_Cap,Nippon India Mutual Fund
11-05-2020,4882.14170,118701,Mirae_Large_Cap,Nippon India Mutual Fund
10-05-2020,4881.15720,118701,Mirae_Large_Cap,Nippon India Mutual Fund
08-05-2020,4879.97320,118701,Mirae_Large_Cap,Nippon India Mutual Fund
07-05-2020,4879.04340,118701,Mirae_Large_Cap,Nippon India Mutual Fund
06-05-2020,4878.44090,118701,Mirae_Large_Cap,Nippon India Mutual Fund
05-05-2020,4877.29320,118701,Mirae_Large_Cap,Nippon India Mutual Fund
04-05-2020,4876.12940,118701,Mirae_Large_Cap,Nippon India Mutual Fund
03-05-2020,4875.48120,118701,Mirae_Large_Cap,Nippon India Mutual Fund
01-05-2020,4874.23410,118701,Mirae_Large_Cap,Nippon India Mutual Fund
30-04-2020,4873.61530,118701,Mirae_Large_Cap,Nippon India Mutual Fund
29-04-2020,4873.22760,118701,Mirae_Large_Cap,Nippon India Mutual Fund
28-04-2020,4873.04170,118701,Mirae_Large_Cap,Nippon India Mutual Fund
27-04-2020,4873.29040,118701,Mirae_Large_Cap,Nippon India Mutual Fund
26-04-2020,4873.06510,118701,Mirae_Large_Cap,Nippon India Mutual Fund
24-04-2020,4871.91510,118701,Mirae_Large_Cap,Nippon India Mutual Fund
23-04-2020,4871.12820,118701,Mirae_Large_Cap,Nippon India Mutual Fund
22-04-2020,4870.18510,118701,Mirae_Large_Cap,Nippon India Mutual Fund
21-04-2020,4868.35000,118701,Mirae_Large_Cap,Nippon India Mutual Fund
20-04-2020,4867.19200,118701,Mirae_Large_Cap,Nippon India Mutual Fund
19-04-2020,4865.75480,118701,Mirae_Large_Cap,Nippon India Mutual Fund
17-04-2020,4864.52060,118701,Mirae_Large_Cap,Nippon India Mutual Fund
16-04-2020,4862.33820,118701,Mirae_Large_Cap,Nippon India Mutual Fund
15-04-2020,4861.57500,118701,Mirae_Large_Cap,Nippon India Mutual Fund
14-04-2020,4861.04350,118701,Mirae_Large_Cap,Nippon India Mutual Fund
13-04-2020,4860.37880,118701,Mirae_Large_Cap,Nippon India Mutual Fund
12-04-2020,4859.37580,118701,Mirae_Large_Cap,Nippon India Mutual Fund
09-04-2020,4857.42540,118701,Mirae_Large_Cap,Nippon India Mutual Fund
08-04-2020,4856.77210,118701,Mirae_Large_Cap,Nippon India Mutual Fund
07-04-2020,4856.14260,118701,Mirae_Large_Cap,Nippon India Mutual Fund
06-04-2020,4856.18980,118701,Mirae_Large_Cap,Nippon India Mutual Fund
04-04-2020,4854.88340,118701,Mirae_Large_Cap,Nippon India Mutual Fund
03-04-2020,4854.23120,118701,Mirae_Large_Cap,Nippon India Mutual Fund
02-04-2020,4852.10500,118701,Mirae_Large_Cap,Nippon India Mutual Fund
01-04-2020,4851.39720,118701,Mirae_Large_Cap,Nippon India Mutual Fund
31-03-2020,4850.68850,118701,Mirae_Large_Cap,Nippon India Mutual Fund
30-03-2020,4848.59660,118701,Mirae_Large_Cap,Nippon India Mutual Fund
29-03-2020,4847.14950,118701,Mirae_Large_Cap,Nippon India Mutual Fund
27-03-2020,4845.68470,118701,Mirae_Large_Cap,Nippon India Mutual Fund
26-03-2020,4829.85990,118701,Mirae_Large_Cap,Nippon India Mutual Fund
25-03-2020,4827.43460,118701,Mirae_Large_Cap,Nippon India Mutual Fund
24-03-2020,4826.35220,118701,Mirae_Large_Cap,Nippon India Mutual Fund
23-03-2020,4829.21430,118701,Mirae_Large_Cap,Nippon India Mutual Fund
22-03-2020,4834.39800,118701,Mirae_Large_Cap,Nippon India Mutual Fund
20-03-2020,4832.65090,118701,Mirae_Large_Cap,Nippon India Mutual Fund
19-03-2020,4832.46360,118701,Mirae_Large_Cap,Nippon India Mutual Fund
18-03-2020,4836.58540,118701,Mirae_Large_Cap,Nippon India Mutual Fund
17-03-2020,4836.98420,118701,Mirae_Large_Cap,Nippon India Mutual Fund
16-03-2020,4836.52400,118701,Mirae_Large_Cap,Nippon India Mutual Fund
15-03-2020,4835.84560,118701,Mirae_Large_Cap,Nippon India Mutual Fund
13-03-2020,4834.40800,118701,Mirae_Large_Cap,Nippon India Mutual Fund
12-03-2020,4834.13060,118701,Mirae_Large_Cap,Nippon India Mutual Fund
11-03-2020,4833.94530,118701,Mirae_Large_Cap,Nippon India Mutual Fund
10-03-2020,4833.15630,118701,Mirae_Large_Cap,Nippon India Mutual Fund
09-03-2020,4832.34730,118701,Mirae_Large_Cap,Nippon India Mutual Fund
08-03-2020,4831.41400,118701,Mirae_Large_Cap,Nippon India Mutual Fund
06-03-2020,4829.78660,118701,Mirae_Large_Cap,Nippon India Mutual Fund
05-03-2020,4828.95350,118701,Mirae_Large_Cap,Nippon India Mutual Fund
04-03-2020,4828.07850,118701,Mirae_Large_Cap,Nippon India Mutual Fund
03-03-2020,4826.53380,118701,Mirae_Large_Cap,Nippon India Mutual Fund
02-03-2020,4825.67140,118701,Mirae_Large_Cap,Nippon India Mutual Fund
01-03-2020,4824.99770,118701,Mirae_Large_Cap,Nippon India Mutual Fund
28-02-2020,4823.59200,118701,Mirae_Large_Cap,Nippon India Mutual Fund
27-02-2020,4822.95170,118701,Mirae_Large_Cap,Nippon India Mutual Fund
26-02-2020,4822.64480,118701,Mirae_Large_Cap,Nippon India Mutual Fund
25-02-2020,4821.94980,118701,Mirae_Large_Cap,Nippon India Mutual Fund
24-02-2020,4821.31010,118701,Mirae_Large_Cap,Nippon India Mutual Fund
23-02-2020,4820.64400,118701,Mirae_Large_Cap,Nippon India Mutual Fund
20-02-2020,4818.59790,118701,Mirae_Large_Cap,Nippon India Mutual Fund
19-02-2020,4818.02670,118701,Mirae_Large_Cap,Nippon India Mutual Fund
18-02-2020,4817.34420,118701,Mirae_Large_Cap,Nippon India Mutual Fund
17-02-2020,4816.68400,118701,Mirae_Large_Cap,Nippon India Mutual Fund
16-02-2020,4816.00270,118701,Mirae_Large_Cap,Nippon India Mutual Fund
14-02-2020,4814.64470,118701,Mirae_Large_Cap,Nippon India Mutual Fund
13-02-2020,4813.97330,118701,Mirae_Large_Cap,Nippon India Mutual Fund
12-02-2020,4813.24010,118701,Mirae_Large_Cap,Nippon India Mutual Fund
11-02-2020,4812.44830,118701,Mirae_Large_Cap,Nippon India Mutual Fund
10-02-2020,4811.51520,118701,Mirae_Large_Cap,Nippon India Mutual Fund
09-02-2020,4810.79400,118701,Mirae_Large_Cap,Nippon India Mutual Fund
07-02-2020,4809.41830,118701,Mirae_Large_Cap,Nippon India Mutual Fund
06-02-2020,4808.70080,118701,Mirae_Large_Cap,Nippon India Mutual Fund
05-02-2020,4807.97650,118701,Mirae_Large_Cap,Nippon India Mutual Fund
04-02-2020,4807.28540,118701,Mirae_Large_Cap,Nippon India Mutual Fund
03-02-2020,4806.58700,118701,Mirae_Large_Cap,Nippon India Mutual Fund
02-02-2020,4805.91820,118701,Mirae_Large_Cap,Nippon India Mutual Fund
31-01-2020,4804.54940,118701,Mirae_Large_Cap,Nippon India Mutual Fund
30-01-2020,4803.87900,118701,Mirae_Large_Cap,Nippon India Mutual Fund
29-01-2020,4803.18630,118701,Mirae_Large_Cap,Nippon India Mutual Fund
28-01-2020,4802.50680,118701,Mirae_Large_Cap,Nippon India Mutual Fund
27-01-2020,4801.82310,118701,Mirae_Large_Cap,Nippon India Mutual Fund
26-01-2020,4801.14190,118701,Mirae_Large_Cap,Nippon India Mutual Fund
24-01-2020,4799.78720,118701,Mirae_Large_Cap,Nippon India Mutual Fund
23-01-2020,4799.11620,118701,Mirae_Large_Cap,Nippon India Mutual Fund
22-01-2020,4798.43480,118701,Mirae_Large_Cap,Nippon India Mutual Fund
21-01-2020,4797.74460,118701,Mirae_Large_Cap,Nippon India Mutual Fund
20-01-2020,4797.05010,118701,Mirae_Large_Cap,Nippon India Mutual Fund
19-01-2020,4796.35410,118701,Mirae_Large_Cap,Nippon India Mutual Fund
17-01-2020,4794.98920,118701,Mirae_Large_Cap,Nippon India Mutual Fund
16-01-2020,4794.30360,118701,Mirae_Large_Cap,Nippon India Mutual Fund
15-01-2020,4793.59510,118701,Mirae_Large_Cap,Nippon India Mutual Fund
14-01-2020,4792.95490,118701,Mirae_Large_Cap,Nippon India Mutual Fund
13-01-2020,4792.40450,118701,Mirae_Large_Cap,Nippon India Mutual Fund
12-01-2020,4791.93130,118701,Mirae_Large_Cap,Nippon India Mutual Fund
10-01-2020,4790.59620,118701,Mirae_Large_Cap,Nippon India Mutual Fund
09-01-2020,4790.14310,118701,Mirae_Large_Cap,Nippon India Mutual Fund
08-01-2020,4789.49350,118701,Mirae_Large_Cap,Nippon India Mutual Fund
07-01-2020,4788.86740,118701,Mirae_Large_Cap,Nippon India Mutual Fund
06-01-2020,4788.17790,118701,Mirae_Large_Cap,Nippon India Mutual Fund
05-01-2020,4787.54320,118701,Mirae_Large_Cap,Nippon India Mutual Fund
03-01-2020,4786.28400,118701,Mirae_Large_Cap,Nippon India Mutual Fund
02-01-2020,4785.68960,118701,Mirae_Large_Cap,Nippon India Mutual Fund
01-01-2020,4784.62440,118701,Mirae_Large_Cap,Nippon India Mutual Fund
31-12-2019,4783.85100,118701,Mirae_Large_Cap,Nippon India Mutual Fund
30-12-2019,4783.21890,118701,Mirae_Large_Cap,Nippon India Mutual Fund
29-12-2019,4782.57830,118701,Mirae_Large_Cap,Nippon India Mutual Fund
27-12-2019,4781.25930,118701,Mirae_Large_Cap,Nippon India Mutual Fund
26-12-2019,4780.48780,118701,Mirae_Large_Cap,Nippon India Mutual Fund
25-12-2019,4779.81750,118701,Mirae_Large_Cap,Nippon India Mutual Fund
23-12-2019,4778.48750,118701,Mirae_Large_Cap,Nippon India Mutual Fund
22-12-2019,4777.79960,118701,Mirae_Large_Cap,Nippon India Mutual Fund
20-12-2019,4776.46270,118701,Mirae_Large_Cap,Nippon India Mutual Fund
19-12-2019,4775.84390,118701,Mirae_Large_Cap,Nippon India Mutual Fund
18-12-2019,4775.14970,118701,Mirae_Large_Cap,Nippon India Mutual Fund
17-12-2019,4774.44320,118701,Mirae_Large_Cap,Nippon India Mutual Fund
16-12-2019,4773.75570,118701,Mirae_Large_Cap,Nippon India Mutual Fund
15-12-2019,4773.07900,118701,Mirae_Large_Cap,Nippon India Mutual Fund
13-12-2019,4771.75980,118701,Mirae_Large_Cap,Nippon India Mutual Fund
12-12-2019,4771.14210,118701,Mirae_Large_Cap,Nippon India Mutual Fund
11-12-2019,4770.48150,118701,Mirae_Large_Cap,Nippon India Mutual Fund
10-12-2019,4769.77460,118701,Mirae_Large_Cap,Nippon India Mutual Fund
09-12-2019,4769.03280,118701,Mirae_Large_Cap,Nippon India Mutual Fund
08-12-2019,4768.28030,118701,Mirae_Large_Cap,Nippon India Mutual Fund
06-12-2019,4766.91680,118701,Mirae_Large_Cap,Nippon India Mutual Fund
05-12-2019,4766.19090,118701,Mirae_Large_Cap,Nippon India Mutual Fund
04-12-2019,4766.14830,118701,Mirae_Large_Cap,Nippon India Mutual Fund
03-12-2019,4765.41660,118701,Mirae_Large_Cap,Nippon India Mutual Fund
02-12-2019,4764.76380,118701,Mirae_Large_Cap,Nippon India Mutual Fund
01-12-2019,4764.07100,118701,Mirae_Large_Cap,Nippon India Mutual Fund
29-11-2019,4762.73130,118701,Mirae_Large_Cap,Nippon India Mutual Fund
28-11-2019,4761.89670,118701,Mirae_Large_Cap,Nippon India Mutual Fund
27-11-2019,4761.10500,118701,Mirae_Large_Cap,Nippon India Mutual Fund
26-11-2019,4760.24320,118701,Mirae_Large_Cap,Nippon India Mutual Fund
25-11-2019,4759.54400,118701,Mirae_Large_Cap,Nippon India Mutual Fund
24-11-2019,4758.84180,118701,Mirae_Large_Cap,Nippon India Mutual Fund
21-11-2019,4756.82470,118701,Mirae_Large_Cap,Nippon India Mutual Fund
20-11-2019,4756.10930,118701,Mirae_Large_Cap,Nippon India Mutual Fund
19-11-2019,4755.26530,118701,Mirae_Large_Cap,Nippon India Mutual Fund
18-11-2019,4754.50250,118701,Mirae_Large_Cap,Nippon India Mutual Fund
17-11-2019,4753.81870,118701,Mirae_Large_Cap,Nippon India Mutual Fund
15-11-2019,4752.45710,118701,Mirae_Large_Cap,Nippon India Mutual Fund
14-11-2019,4751.76970,118701,Mirae_Large_Cap,Nippon India Mutual Fund
13-11-2019,4750.98680,118701,Mirae_Large_Cap,Nippon India Mutual Fund
12-11-2019,4750.16070,118701,Mirae_Large_Cap,Nippon India Mutual Fund
10-11-2019,4748.75870,118701,Mirae_Large_Cap,Nippon India Mutual Fund
08-11-2019,4747.38860,118701,Mirae_Large_Cap,Nippon India Mutual Fund
07-11-2019,4746.76410,118701,Mirae_Large_Cap,Nippon India Mutual Fund
06-11-2019,4746.09310,118701,Mirae_Large_Cap,Nippon India Mutual Fund
05-11-2019,4745.59890,118701,Mirae_Large_Cap,Nippon India Mutual Fund
04-11-2019,4745.07180,118701,Mirae_Large_Cap,Nippon India Mutual Fund
03-11-2019,4744.45270,118701,Mirae_Large_Cap,Nippon India Mutual Fund
01-11-2019,4743.03300,118701,Mirae_Large_Cap,Nippon India Mutual Fund
31-10-2019,4742.44450,118701,Mirae_Large_Cap,Nippon India Mutual Fund
30-10-2019,4741.60540,118701,Mirae_Large_Cap,Nippon India Mutual Fund
29-10-2019,4740.69670,118701,Mirae_Large_Cap,Nippon India Mutual Fund
28-10-2019,4739.99020,118701,Mirae_Large_Cap,Nippon India Mutual Fund
24-10-2019,4737.19230,118701,Mirae_Large_Cap,Nippon India Mutual Fund
23-10-2019,4736.43580,118701,Mirae_Large_Cap,Nippon India Mutual Fund
22-10-2019,4735.73970,118701,Mirae_Large_Cap,Nippon India Mutual Fund
21-10-2019,4735.31680,118701,Mirae_Large_Cap,Nippon India Mutual Fund
18-10-2019,4733.26190,118701,Mirae_Large_Cap,Nippon India Mutual Fund
17-10-2019,4732.47860,118701,Mirae_Large_Cap,Nippon India Mutual Fund
16-10-2019,4731.74710,118701,Mirae_Large_Cap,Nippon India Mutual Fund
15-10-2019,4731.04010,118701,Mirae_Large_Cap,Nippon India Mutual Fund
14-10-2019,4730.22030,118701,Mirae_Large_Cap,Nippon India Mutual Fund
13-10-2019,4729.32620,118701,Mirae_Large_Cap,Nippon India Mutual Fund
11-10-2019,4727.96030,118701,Mirae_Large_Cap,Nippon India Mutual Fund
10-10-2019,4726.97730,118701,Mirae_Large_Cap,Nippon India Mutual Fund
09-10-2019,4726.21710,118701,Mirae_Large_Cap,Nippon India Mutual Fund
08-10-2019,4725.47930,118701,Mirae_Large_Cap,Nippon India Mutual Fund
07-10-2019,4724.76670,118701,Mirae_Large_Cap,Nippon India Mutual Fund
06-10-2019,4723.81940,118701,Mirae_Large_Cap,Nippon India Mutual Fund
04-10-2019,4722.37270,118701,Mirae_Large_Cap,Nippon India Mutual Fund
03-10-2019,4721.19960,118701,Mirae_Large_Cap,Nippon India Mutual Fund
02-10-2019,4720.37890,118701,Mirae_Large_Cap,Nippon India Mutual Fund
30-09-2019,4718.40080,118701,Mirae_Large_Cap,Nippon India Mutual Fund
29-09-2019,4716.97340,118701,Mirae_Large_Cap,Nippon India Mutual Fund
27-09-2019,4715.51700,118701,Mirae_Large_Cap,Nippon India Mutual Fund
26-09-2019,4714.60230,118701,Mirae_Large_Cap,Nippon India Mutual Fund
25-09-2019,4713.69190,118701,Mirae_Large_Cap,Nippon India Mutual Fund
24-09-2019,4712.88490,118701,Mirae_Large_Cap,Nippon India Mutual Fund
23-09-2019,4712.45770,118701,Mirae_Large_Cap,Nippon India Mutual Fund
22-09-2019,4712.25970,118701,Mirae_Large_Cap,Nippon India Mutual Fund
20-09-2019,4710.80160,118701,Mirae_Large_Cap,Nippon India Mutual Fund
19-09-2019,4710.73170,118701,Mirae_Large_Cap,Nippon India Mutual Fund
18-09-2019,4710.02660,118701,Mirae_Large_Cap,Nippon India Mutual Fund
17-09-2019,4709.31620,118701,Mirae_Large_Cap,Nippon India Mutual Fund
16-09-2019,4708.69060,118701,Mirae_Large_Cap,Nippon India Mutual Fund
15-09-2019,4707.96210,118701,Mirae_Large_Cap,Nippon India Mutual Fund
13-09-2019,4706.52200,118701,Mirae_Large_Cap,Nippon India Mutual Fund
12-09-2019,4705.81400,118701,Mirae_Large_Cap,Nippon India Mutual Fund
11-09-2019,4705.00810,118701,Mirae_Large_Cap,Nippon India Mutual Fund
10-09-2019,4704.24710,118701,Mirae_Large_Cap,Nippon India Mutual Fund
09-09-2019,4703.49720,118701,Mirae_Large_Cap,Nippon India Mutual Fund
08-09-2019,4702.76470,118701,Mirae_Large_Cap,Nippon India Mutual Fund
06-09-2019,4701.30420,118701,Mirae_Large_Cap,Nippon India Mutual Fund
05-09-2019,4700.54050,118701,Mirae_Large_Cap,Nippon India Mutual Fund
04-09-2019,4699.73980,118701,Mirae_Large_Cap,Nippon India Mutual Fund
03-09-2019,4698.96320,118701,Mirae_Large_Cap,Nippon India Mutual Fund
02-09-2019,4698.23100,118701,Mirae_Large_Cap,Nippon India Mutual Fund
30-08-2019,4696.04330,118701,Mirae_Large_Cap,Nippon India Mutual Fund
29-08-2019,4695.33450,118701,Mirae_Large_Cap,Nippon India Mutual Fund
28-08-2019,4694.60930,118701,Mirae_Large_Cap,Nippon India Mutual Fund
27-08-2019,4693.85460,118701,Mirae_Large_Cap,Nippon India Mutual Fund
26-08-2019,4693.09950,118701,Mirae_Large_Cap,Nippon India Mutual Fund
25-08-2019,4692.35240,118701,Mirae_Large_Cap,Nippon India Mutual Fund
23-08-2019,4690.90750,118701,Mirae_Large_Cap,Nippon India Mutual Fund
22-08-2019,4690.17240,118701,Mirae_Large_Cap,Nippon India Mutual Fund
21-08-2019,4689.44730,118701,Mirae_Large_Cap,Nippon India Mutual Fund
20-08-2019,4688.65490,118701,Mirae_Large_Cap,Nippon India Mutual Fund
19-08-2019,4687.82470,118701,Mirae_Large_Cap,Nippon India Mutual Fund
18-08-2019,4687.02150,118701,Mirae_Large_Cap,Nippon India Mutual Fund
16-08-2019,4685.54010,118701,Mirae_Large_Cap,Nippon India Mutual Fund
15-08-2019,4684.75520,118701,Mirae_Large_Cap,Nippon India Mutual Fund
14-08-2019,4684.02090,118701,Mirae_Large_Cap,Nippon India Mutual Fund
13-08-2019,4683.41080,118701,Mirae_Large_Cap,Nippon India Mutual Fund
12-08-2019,4682.78400,118701,Mirae_Large_Cap,Nippon India Mutual Fund
09-08-2019,4680.56470,118701,Mirae_Large_Cap,Nippon India Mutual Fund
08-08-2019,4679.67960,118701,Mirae_Large_Cap,Nippon India Mutual Fund
07-08-2019,4678.85230,118701,Mirae_Large_Cap,Nippon India Mutual Fund
06-08-2019,4677.65580,118701,Mirae_Large_Cap,Nippon India Mutual Fund
05-08-2019,4676.77430,118701,Mirae_Large_Cap,Nippon India Mutual Fund
04-08-2019,4676.03620,118701,Mirae_Large_Cap,Nippon India Mutual Fund
02-08-2019,4674.50760,118701,Mirae_Large_Cap,Nippon India Mutual Fund
01-08-2019,4673.56130,118701,Mirae_Large_Cap,Nippon India Mutual Fund
31-07-2019,4672.72330,118701,Mirae_Large_Cap,Nippon India Mutual Fund
30-07-2019,4671.79860,118701,Mirae_Large_Cap,Nippon India Mutual Fund
29-07-2019,4670.91460,118701,Mirae_Large_Cap,Nippon India Mutual Fund
28-07-2019,4669.90470,118701,Mirae_Large_Cap,Nippon India Mutual Fund
26-07-2019,4668.31710,118701,Mirae_Large_Cap,Nippon India Mutual Fund
25-07-2019,4667.49020,118701,Mirae_Large_Cap,Nippon India Mutual Fund
24-07-2019,4666.63810,118701,Mirae_Large_Cap,Nippon India Mutual Fund
23-07-2019,4665.81050,118701,Mirae_Large_Cap,Nippon India Mutual Fund
22-07-2019,4665.02450,118701,Mirae_Large_Cap,Nippon India Mutual Fund
21-07-2019,4664.18170,118701,Mirae_Large_Cap,Nippon India Mutual Fund
19-07-2019,4662.57750,118701,Mirae_Large_Cap,Nippon India Mutual Fund
18-07-2019,4661.70970,118701,Mirae_Large_Cap,Nippon India Mutual Fund
17-07-2019,4660.87910,118701,Mirae_Large_Cap,Nippon India Mutual Fund
16-07-2019,4659.95800,118701,Mirae_Large_Cap,Nippon India Mutual Fund
15-07-2019,4658.87000,118701,Mirae_Large_Cap,Nippon India Mutual Fund
14-07-2019,4657.95740,118701,Mirae_Large_Cap,Nippon India Mutual Fund
12-07-2019,4656.33140,118701,Mirae_Large_Cap,Nippon India Mutual Fund
11-07-2019,4655.44960,118701,Mirae_Large_Cap,Nippon India Mutual Fund
10-07-2019,4654.55180,118701,Mirae_Large_Cap,Nippon India Mutual Fund
09-07-2019,4653.65310,118701,Mirae_Large_Cap,Nippon India Mutual Fund
08-07-2019,4652.80680,118701,Mirae_Large_Cap,Nippon India Mutual Fund
07-07-2019,4651.86110,118701,Mirae_Large_Cap,Nippon India Mutual Fund
05-07-2019,4650.23130,118701,Mirae_Large_Cap,Nippon India Mutual Fund
04-07-2019,4649.28400,118701,Mirae_Large_Cap,Nippon India Mutual Fund
03-07-2019,4648.21930,118701,Mirae_Large_Cap,Nippon India Mutual Fund
02-07-2019,4647.12710,118701,Mirae_Large_Cap,Nippon India Mutual Fund
01-07-2019,4646.20080,118701,Mirae_Large_Cap,Nippon India Mutual Fund
30-06-2019,4645.18080,118701,Mirae_Large_Cap,Nippon India Mutual Fund
28-06-2019,4643.49660,118701,Mirae_Large_Cap,Nippon India Mutual Fund
27-06-2019,4642.47300,118701,Mirae_Large_Cap,Nippon India Mutual Fund
26-06-2019,4641.59930,118701,Mirae_Large_Cap,Nippon India Mutual Fund
25-06-2019,4640.77010,118701,Mirae_Large_Cap,Nippon India Mutual Fund
24-06-2019,4639.91500,118701,Mirae_Large_Cap,Nippon India Mutual Fund
23-06-2019,4639.11600,118701,Mirae_Large_Cap,Nippon India Mutual Fund
21-06-2019,4637.40160,118701,Mirae_Large_Cap,Nippon India Mutual Fund
20-06-2019,4636.63280,118701,Mirae_Large_Cap,Nippon India Mutual Fund
19-06-2019,4635.59370,118701,Mirae_Large_Cap,Nippon India Mutual Fund
18-06-2019,4634.73390,118701,Mirae_Large_Cap,Nippon India Mutual Fund
17-06-2019,4633.86200,118701,Mirae_Large_Cap,Nippon India Mutual Fund
16-06-2019,4632.98490,118701,Mirae_Large_Cap,Nippon India Mutual Fund
14-06-2019,4631.24060,118701,Mirae_Large_Cap,Nippon India Mutual Fund
13-06-2019,4630.32130,118701,Mirae_Large_Cap,Nippon India Mutual Fund
12-06-2019,4629.43850,118701,Mirae_Large_Cap,Nippon India Mutual Fund
11-06-2019,4628.55480,118701,Mirae_Large_Cap,Nippon India Mutual Fund
10-06-2019,4627.67120,118701,Mirae_Large_Cap,Nippon India Mutual Fund
09-06-2019,4626.75190,118701,Mirae_Large_Cap,Nippon India Mutual Fund
07-06-2019,4624.96710,118701,Mirae_Large_Cap,Nippon India Mutual Fund
06-06-2019,4624.03460,118701,Mirae_Large_Cap,Nippon India Mutual Fund
05-06-2019,4622.95460,118701,Mirae_Large_Cap,Nippon India Mutual Fund
04-06-2019,4622.06020,118701,Mirae_Large_Cap,Nippon India Mutual Fund
03-06-2019,4621.10040,118701,Mirae_Large_Cap,Nippon India Mutual Fund
02-06-2019,4620.14190,118701,Mirae_Large_Cap,Nippon India Mutual Fund
31-05-2019,4618.35470,118701,Mirae_Large_Cap,Nippon India Mutual Fund
30-05-2019,4617.30530,118701,Mirae_Large_Cap,Nippon India Mutual Fund
29-05-2019,4616.42120,118701,Mirae_Large_Cap,Nippon India Mutual Fund
28-05-2019,4615.50820,118701,Mirae_Large_Cap,Nippon India Mutual Fund
27-05-2019,4614.39770,118701,Mirae_Large_Cap,Nippon India Mutual Fund
26-05-2019,4613.48020,118701,Mirae_Large_Cap,Nippon India Mutual Fund
24-05-2019,4611.66450,118701,Mirae_Large_Cap,Nippon India Mutual Fund
23-05-2019,4610.71780,118701,Mirae_Large_Cap,Nippon India Mutual Fund
22-05-2019,4609.48940,118701,Mirae_Large_Cap,Nippon India Mutual Fund
21-05-2019,4608.50380,118701,Mirae_Large_Cap,Nippon India Mutual Fund
20-05-2019,4607.39350,118701,Mirae_Large_Cap,Nippon India Mutual Fund
19-05-2019,4606.41020,118701,Mirae_Large_Cap,Nippon India Mutual Fund
17-05-2019,4604.57270,118701,Mirae_Large_Cap,Nippon India Mutual Fund
16-05-2019,4603.53630,118701,Mirae_Large_Cap,Nippon India Mutual Fund
15-05-2019,4602.48010,118701,Mirae_Large_Cap,Nippon India Mutual Fund
14-05-2019,4601.51800,118701,Mirae_Large_Cap,Nippon India Mutual Fund
13-05-2019,4600.54340,118701,Mirae_Large_Cap,Nippon India Mutual Fund
12-05-2019,4599.59540,118701,Mirae_Large_Cap,Nippon India Mutual Fund
10-05-2019,4597.78390,118701,Mirae_Large_Cap,Nippon India Mutual Fund
09-05-2019,4596.89690,118701,Mirae_Large_Cap,Nippon India Mutual Fund
08-05-2019,4595.98820,118701,Mirae_Large_Cap,Nippon India Mutual Fund
07-05-2019,4595.05850,118701,Mirae_Large_Cap,Nippon India Mutual Fund
06-05-2019,4594.15660,118701,Mirae_Large_Cap,Nippon India Mutual Fund
05-05-2019,4593.25410,118701,Mirae_Large_Cap,Nippon India Mutual Fund
03-05-2019,4591.46010,118701,Mirae_Large_Cap,Nippon India Mutual Fund
02-05-2019,4590.68740,118701,Mirae_Large_Cap,Nippon India Mutual Fund
01-05-2019,4589.80160,118701,Mirae_Large_Cap,Nippon India Mutual Fund
30-04-2019,4588.90970,118701,Mirae_Large_Cap,Nippon India Mutual Fund
29-04-2019,4588.10710,118701,Mirae_Large_Cap,Nippon India Mutual Fund
26-04-2019,4585.42650,118701,Mirae_Large_Cap,Nippon India Mutual Fund
25-04-2019,4584.57180,118701,Mirae_Large_Cap,Nippon India Mutual Fund
24-04-2019,4583.73060,118701,Mirae_Large_Cap,Nippon India Mutual Fund
23-04-2019,4582.84460,118701,Mirae_Large_Cap,Nippon India Mutual Fund
22-04-2019,4581.96890,118701,Mirae_Large_Cap,Nippon India Mutual Fund
21-04-2019,4581.07940,118701,Mirae_Large_Cap,Nippon India Mutual Fund
20-04-2019,4580.17910,118701,Mirae_Large_Cap,Nippon India Mutual Fund
18-04-2019,4578.37940,118701,Mirae_Large_Cap,Nippon India Mutual Fund
17-04-2019,4577.49940,118701,Mirae_Large_Cap,Nippon India Mutual Fund
16-04-2019,4576.59300,118701,Mirae_Large_Cap,Nippon India Mutual Fund
15-04-2019,4575.64950,118701,Mirae_Large_Cap,Nippon India Mutual Fund
14-04-2019,4574.73700,118701,Mirae_Large_Cap,Nippon India Mutual Fund
12-04-2019,4572.93170,118701,Mirae_Large_Cap,Nippon India Mutual Fund
11-04-2019,4572.11030,118701,Mirae_Large_Cap,Nippon India Mutual Fund
10-04-2019,4571.24540,118701,Mirae_Large_Cap,Nippon India Mutual Fund
09-04-2019,4570.39390,118701,Mirae_Large_Cap,Nippon India Mutual Fund
08-04-2019,4569.55210,118701,Mirae_Large_Cap,Nippon India Mutual Fund
07-04-2019,4568.66800,118701,Mirae_Large_Cap,Nippon India Mutual Fund
05-04-2019,4566.85570,118701,Mirae_Large_Cap,Nippon India Mutual Fund
04-04-2019,4565.98780,118701,Mirae_Large_Cap,Nippon India Mutual Fund
03-04-2019,4565.04230,118701,Mirae_Large_Cap,Nippon India Mutual Fund
02-04-2019,4564.14460,118701,Mirae_Large_Cap,Nippon India Mutual Fund
01-04-2019,4562.80890,118701,Mirae_Large_Cap,Nippon India Mutual Fund
31-03-2019,4561.88890,118701,Mirae_Large_Cap,Nippon India Mutual Fund
30-03-2019,4560.97020,118701,Mirae_Large_Cap,Nippon India Mutual Fund
29-03-2019,4560.05150,118701,Mirae_Large_Cap,Nippon India Mutual Fund
28-03-2019,4557.13610,118701,Mirae_Large_Cap,Nippon India Mutual Fund
27-03-2019,4556.13520,118701,Mirae_Large_Cap,Nippon India Mutual Fund
26-03-2019,4555.26880,118701,Mirae_Large_Cap,Nippon India Mutual Fund
25-03-2019,4554.33800,118701,Mirae_Large_Cap,Nippon India Mutual Fund
24-03-2019,4553.42110,118701,Mirae_Large_Cap,Nippon India Mutual Fund
22-03-2019,4551.57320,118701,Mirae_Large_Cap,Nippon India Mutual Fund
21-03-2019,4550.77280,118701,Mirae_Large_Cap,Nippon India Mutual Fund
20-03-2019,4549.85140,118701,Mirae_Large_Cap,Nippon India Mutual Fund
19-03-2019,4549.01800,118701,Mirae_Large_Cap,Nippon India Mutual Fund
18-03-2019,4548.10070,118701,Mirae_Large_Cap,Nippon India Mutual Fund
17-03-2019,4547.15680,118701,Mirae_Large_Cap,Nippon India Mutual Fund
15-03-2019,4545.31440,118701,Mirae_Large_Cap,Nippon India Mutual Fund
14-03-2019,4544.53020,118701,Mirae_Large_Cap,Nippon India Mutual Fund
13-03-2019,4543.40480,118701,Mirae_Large_Cap,Nippon India Mutual Fund
12-03-2019,4542.44760,118701,Mirae_Large_Cap,Nippon India Mutual Fund
11-03-2019,4541.52100,118701,Mirae_Large_Cap,Nippon India Mutual Fund
10-03-2019,4540.60890,118701,Mirae_Large_Cap,Nippon India Mutual Fund
08-03-2019,4538.78520,118701,Mirae_Large_Cap,Nippon India Mutual Fund
07-03-2019,4537.93560,118701,Mirae_Large_Cap,Nippon India Mutual Fund
06-03-2019,4537.02600,118701,Mirae_Large_Cap,Nippon India Mutual Fund
05-03-2019,4536.12680,118701,Mirae_Large_Cap,Nippon India Mutual Fund
04-03-2019,4535.25070,118701,Mirae_Large_Cap,Nippon India Mutual Fund
01-03-2019,4532.57490,118701,Mirae_Large_Cap,Nippon India Mutual Fund
28-02-2019,4531.69160,118701,Mirae_Large_Cap,Nippon India Mutual Fund
27-02-2019,4530.82610,118701,Mirae_Large_Cap,Nippon India Mutual Fund
26-02-2019,4529.97200,118701,Mirae_Large_Cap,Nippon India Mutual Fund
25-02-2019,4529.10610,118701,Mirae_Large_Cap,Nippon India Mutual Fund
24-02-2019,4528.20770,118701,Mirae_Large_Cap,Nippon India Mutual Fund
22-02-2019,4526.43690,118701,Mirae_Large_Cap,Nippon India Mutual Fund
21-02-2019,4525.61890,118701,Mirae_Large_Cap,Nippon India Mutual Fund
20-02-2019,4524.75620,118701,Mirae_Large_Cap,Nippon India Mutual Fund
19-02-2019,4523.91050,118701,Mirae_Large_Cap,Nippon India Mutual Fund
18-02-2019,4523.03390,118701,Mirae_Large_Cap,Nippon India Mutual Fund
17-02-2019,4522.20480,118701,Mirae_Large_Cap,Nippon India Mutual Fund
15-02-2019,4520.44640,118701,Mirae_Large_Cap,Nippon India Mutual Fund
14-02-2019,4519.64190,118701,Mirae_Large_Cap,Nippon India Mutual Fund
13-02-2019,4518.78730,118701,Mirae_Large_Cap,Nippon India Mutual Fund
12-02-2019,4517.89290,118701,Mirae_Large_Cap,Nippon India Mutual Fund
11-02-2019,4517.04020,118701,Mirae_Large_Cap,Nippon India Mutual Fund
10-02-2019,4516.16870,118701,Mirae_Large_Cap,Nippon India Mutual Fund
08-02-2019,4514.42260,118701,Mirae_Large_Cap,Nippon India Mutual Fund
07-02-2019,4513.52200,118701,Mirae_Large_Cap,Nippon India Mutual Fund
06-02-2019,4512.59180,118701,Mirae_Large_Cap,Nippon India Mutual Fund
05-02-2019,4511.73860,118701,Mirae_Large_Cap,Nippon India Mutual Fund
04-02-2019,4510.87240,118701,Mirae_Large_Cap,Nippon India Mutual Fund
03-02-2019,4510.01440,118701,Mirae_Large_Cap,Nippon India Mutual Fund
01-02-2019,4508.26790,118701,Mirae_Large_Cap,Nippon India Mutual Fund
31-01-2019,4507.40840,118701,Mirae_Large_Cap,Nippon India Mutual Fund
30-01-2019,4506.51020,118701,Mirae_Large_Cap,Nippon India Mutual Fund
29-01-2019,4505.62980,118701,Mirae_Large_Cap,Nippon India Mutual Fund
28-01-2019,4504.74230,118701,Mirae_Large_Cap,Nippon India Mutual Fund
27-01-2019,4503.86190,118701,Mirae_Large_Cap,Nippon India Mutual Fund
25-01-2019,4502.11880,118701,Mirae_Large_Cap,Nippon India Mutual Fund
24-01-2019,4501.25350,118701,Mirae_Large_Cap,Nippon India Mutual Fund
23-01-2019,4500.37880,118701,Mirae_Large_Cap,Nippon India Mutual Fund
22-01-2019,4499.49920,118701,Mirae_Large_Cap,Nippon India Mutual Fund
21-01-2019,4498.61710,118701,Mirae_Large_Cap,Nippon India Mutual Fund
20-01-2019,4497.73880,118701,Mirae_Large_Cap,Nippon India Mutual Fund
18-01-2019,4495.98350,118701,Mirae_Large_Cap,Nippon India Mutual Fund
17-01-2019,4495.06200,118701,Mirae_Large_Cap,Nippon India Mutual Fund
16-01-2019,4494.17150,118701,Mirae_Large_Cap,Nippon India Mutual Fund
15-01-2019,4493.28340,118701,Mirae_Large_Cap,Nippon India Mutual Fund
14-01-2019,4492.40520,118701,Mirae_Large_Cap,Nippon India Mutual Fund
13-01-2019,4491.51510,118701,Mirae_Large_Cap,Nippon India Mutual Fund
11-01-2019,4489.74400,118701,Mirae_Large_Cap,Nippon India Mutual Fund
10-01-2019,4488.86090,118701,Mirae_Large_Cap,Nippon India Mutual Fund
09-01-2019,4487.97070,118701,Mirae_Large_Cap,Nippon India Mutual Fund
08-01-2019,4487.06180,118701,Mirae_Large_Cap,Nippon India Mutual Fund
07-01-2019,4486.15930,118701,Mirae_Large_Cap,Nippon India Mutual Fund
06-01-2019,4485.22050,118701,Mirae_Large_Cap,Nippon India Mutual Fund
04-01-2019,4483.46370,118701,Mirae_Large_Cap,Nippon India Mutual Fund
03-01-2019,4482.60650,118701,Mirae_Large_Cap,Nippon India Mutual Fund
02-01-2019,4481.74050,118701,Mirae_Large_Cap,Nippon India Mutual Fund
01-01-2019,4480.73840,118701,Mirae_Large_Cap,Nippon India Mutual Fund
31-12-2018,4479.68840,118701,Mirae_Large_Cap,Nippon India Mutual Fund
30-12-2018,4478.57180,118701,Mirae_Large_Cap,Nippon India Mutual Fund
28-12-2018,4476.76680,118701,Mirae_Large_Cap,Nippon India Mutual Fund
27-12-2018,4475.86920,118701,Mirae_Large_Cap,Nippon India Mutual Fund
26-12-2018,4474.93820,118701,Mirae_Large_Cap,Nippon India Mutual Fund
25-12-2018,4474.06270,118701,Mirae_Large_Cap,Nippon India Mutual Fund
24-12-2018,4473.17670,118701,Mirae_Large_Cap,Nippon India Mutual Fund
23-12-2018,4472.29110,118701,Mirae_Large_Cap,Nippon India Mutual Fund
21-12-2018,4470.51580,118701,Mirae_Large_Cap,Nippon India Mutual Fund
20-12-2018,4469.66270,118701,Mirae_Large_Cap,Nippon India Mutual Fund
19-12-2018,4468.77660,118701,Mirae_Large_Cap,Nippon India Mutual Fund
18-12-2018,4467.86040,118701,Mirae_Large_Cap,Nippon India Mutual Fund
17-12-2018,4466.94820,118701,Mirae_Large_Cap,Nippon India Mutual Fund
16-12-2018,4466.03030,118701,Mirae_Large_Cap,Nippon India Mutual Fund
14-12-2018,4464.22180,118701,Mirae_Large_Cap,Nippon India Mutual Fund
13-12-2018,4463.27240,118701,Mirae_Large_Cap,Nippon India Mutual Fund
12-12-2018,4462.37090,118701,Mirae_Large_Cap,Nippon India Mutual Fund
11-12-2018,4461.45520,118701,Mirae_Large_Cap,Nippon India Mutual Fund
10-12-2018,4460.55620,118701,Mirae_Large_Cap,Nippon India Mutual Fund
09-12-2018,4459.67100,118701,Mirae_Large_Cap,Nippon India Mutual Fund
07-12-2018,4457.86290,118701,Mirae_Large_Cap,Nippon India Mutual Fund
06-12-2018,4456.92000,118701,Mirae_Large_Cap,Nippon India Mutual Fund
05-12-2018,4455.99700,118701,Mirae_Large_Cap,Nippon India Mutual Fund
04-12-2018,4454.97780,118701,Mirae_Large_Cap,Nippon India Mutual Fund
03-12-2018,4454.02990,118701,Mirae_Large_Cap,Nippon India Mutual Fund
02-12-2018,4453.06020,118701,Mirae_Large_Cap,Nippon India Mutual Fund
30-11-2018,4451.22230,118701,Mirae_Large_Cap,Nippon India Mutual Fund
29-11-2018,4450.28230,118701,Mirae_Large_Cap,Nippon India Mutual Fund
28-11-2018,4449.33900,118701,Mirae_Large_Cap,Nippon India Mutual Fund
27-11-2018,4448.37120,118701,Mirae_Large_Cap,Nippon India Mutual Fund
26-11-2018,4447.41740,118701,Mirae_Large_Cap,Nippon India Mutual Fund
25-11-2018,4446.41620,118701,Mirae_Large_Cap,Nippon India Mutual Fund
21-11-2018,4442.74130,118701,Mirae_Large_Cap,Nippon India Mutual Fund
20-11-2018,4441.81510,118701,Mirae_Large_Cap,Nippon India Mutual Fund
19-11-2018,4440.86200,118701,Mirae_Large_Cap,Nippon India Mutual Fund
18-11-2018,4439.92800,118701,Mirae_Large_Cap,Nippon India Mutual Fund
16-11-2018,4438.11300,118701,Mirae_Large_Cap,Nippon India Mutual Fund
15-11-2018,4437.12830,118701,Mirae_Large_Cap,Nippon India Mutual Fund
14-11-2018,4435.90870,118701,Mirae_Large_Cap,Nippon India Mutual Fund
13-11-2018,4434.90560,118701,Mirae_Large_Cap,Nippon India Mutual Fund
12-11-2018,4433.95990,118701,Mirae_Large_Cap,Nippon India Mutual Fund
11-11-2018,4432.99850,118701,Mirae_Large_Cap,Nippon India Mutual Fund
09-11-2018,4431.14800,118701,Mirae_Large_Cap,Nippon India Mutual Fund
08-11-2018,4430.19620,118701,Mirae_Large_Cap,Nippon India Mutual Fund
05-11-2018,4427.35860,118701,Mirae_Large_Cap,Nippon India Mutual Fund
04-11-2018,4426.40890,118701,Mirae_Large_Cap,Nippon India Mutual Fund
02-11-2018,4424.56940,118701,Mirae_Large_Cap,Nippon India Mutual Fund
01-11-2018,4423.63500,118701,Mirae_Large_Cap,Nippon India Mutual Fund
31-10-2018,4422.70780,118701,Mirae_Large_Cap,Nippon India Mutual Fund
30-10-2018,4421.76880,118701,Mirae_Large_Cap,Nippon India Mutual Fund
29-10-2018,4420.83960,118701,Mirae_Large_Cap,Nippon India Mutual Fund
28-10-2018,4419.92420,118701,Mirae_Large_Cap,Nippon India Mutual Fund
26-10-2018,4418.09260,118701,Mirae_Large_Cap,Nippon India Mutual Fund
25-10-2018,4417.17670,118701,Mirae_Large_Cap,Nippon India Mutual Fund
24-10-2018,4416.29930,118701,Mirae_Large_Cap,Nippon India Mutual Fund
23-10-2018,4415.38370,118701,Mirae_Large_Cap,Nippon India Mutual Fund
22-10-2018,4414.48660,118701,Mirae_Large_Cap,Nippon India Mutual Fund
21-10-2018,4413.57960,118701,Mirae_Large_Cap,Nippon India Mutual Fund
19-10-2018,4411.78030,118701,Mirae_Large_Cap,Nippon India Mutual Fund
18-10-2018,4410.86170,118701,Mirae_Large_Cap,Nippon India Mutual Fund
16-10-2018,4409.07720,118701,Mirae_Large_Cap,Nippon India Mutual Fund
15-10-2018,4408.17640,118701,Mirae_Large_Cap,Nippon India Mutual Fund
14-10-2018,4407.29110,118701,Mirae_Large_Cap,Nippon India Mutual Fund
12-10-2018,4405.49070,118701,Mirae_Large_Cap,Nippon India Mutual Fund
11-10-2018,4404.64130,118701,Mirae_Large_Cap,Nippon India Mutual Fund
10-10-2018,4403.77020,118701,Mirae_Large_Cap,Nippon India Mutual Fund
09-10-2018,4402.86000,118701,Mirae_Large_Cap,Nippon India Mutual Fund
08-10-2018,4401.94920,118701,Mirae_Large_Cap,Nippon India Mutual Fund
07-10-2018,4401.08930,118701,Mirae_Large_Cap,Nippon India Mutual Fund
05-10-2018,4399.29920,118701,Mirae_Large_Cap,Nippon India Mutual Fund
04-10-2018,4398.10010,118701,Mirae_Large_Cap,Nippon India Mutual Fund
03-10-2018,4397.21280,118701,Mirae_Large_Cap,Nippon India Mutual Fund
02-10-2018,4396.33240,118701,Mirae_Large_Cap,Nippon India Mutual Fund
30-09-2018,4394.42980,118701,Mirae_Large_Cap,Nippon India Mutual Fund
28-09-2018,4392.56690,118701,Mirae_Large_Cap,Nippon India Mutual Fund
27-09-2018,4391.38990,118701,Mirae_Large_Cap,Nippon India Mutual Fund
26-09-2018,4390.15400,118701,Mirae_Large_Cap,Nippon India Mutual Fund
25-09-2018,4389.26080,118701,Mirae_Large_Cap,Nippon India Mutual Fund
24-09-2018,4389.13990,118701,Mirae_Large_Cap,Nippon India Mutual Fund
23-09-2018,4388.27250,118701,Mirae_Large_Cap,Nippon India Mutual Fund
21-09-2018,4386.52490,118701,Mirae_Large_Cap,Nippon India Mutual Fund
20-09-2018,4385.60650,118701,Mirae_Large_Cap,Nippon India Mutual Fund
18-09-2018,4383.79040,118701,Mirae_Large_Cap,Nippon India Mutual Fund
17-09-2018,4382.92700,118701,Mirae_Large_Cap,Nippon India Mutual Fund
16-09-2018,4382.11150,118701,Mirae_Large_Cap,Nippon India Mutual Fund
14-09-2018,4380.39290,118701,Mirae_Large_Cap,Nippon India Mutual Fund
13-09-2018,4379.58860,118701,Mirae_Large_Cap,Nippon India Mutual Fund
12-09-2018,4378.74610,118701,Mirae_Large_Cap,Nippon India Mutual Fund
11-09-2018,4378.02170,118701,Mirae_Large_Cap,Nippon India Mutual Fund
10-09-2018,4377.24250,118701,Mirae_Large_Cap,Nippon India Mutual Fund
09-09-2018,4376.38340,118701,Mirae_Large_Cap,Nippon India Mutual Fund
08-09-2018,4375.53170,118701,Mirae_Large_Cap,Nippon India Mutual Fund
07-09-2018,4374.68000,118701,Mirae_Large_Cap,Nippon India Mutual Fund
06-09-2018,4373.84700,118701,Mirae_Large_Cap,Nippon India Mutual Fund
05-09-2018,4372.97980,118701,Mirae_Large_Cap,Nippon India Mutual Fund
04-09-2018,4372.12710,118701,Mirae_Large_Cap,Nippon India Mutual Fund
03-09-2018,4371.25600,118701,Mirae_Large_Cap,Nippon India Mutual Fund
02-09-2018,4370.39500,118701,Mirae_Large_Cap,Nippon India Mutual Fund
01-09-2018,4369.55400,118701,Mirae_Large_Cap,Nippon India Mutual Fund
31-08-2018,4368.71320,118701,Mirae_Large_Cap,Nippon India Mutual Fund
30-08-2018,4367.84850,118701,Mirae_Large_Cap,Nippon India Mutual Fund
29-08-2018,4366.98020,118701,Mirae_Large_Cap,Nippon India Mutual Fund
28-08-2018,4366.11260,118701,Mirae_Large_Cap,Nippon India Mutual Fund
27-08-2018,4365.22960,118701,Mirae_Large_Cap,Nippon India Mutual Fund
26-08-2018,4364.37760,118701,Mirae_Large_Cap,Nippon India Mutual Fund
25-08-2018,4363.53690,118701,Mirae_Large_Cap,Nippon India Mutual Fund
24-08-2018,4362.69610,118701,Mirae_Large_Cap,Nippon India Mutual Fund
23-08-2018,4361.86400,118701,Mirae_Large_Cap,Nippon India Mutual Fund
22-08-2018,4361.03870,118701,Mirae_Large_Cap,Nippon India Mutual Fund
21-08-2018,4360.18900,118701,Mirae_Large_Cap,Nippon India Mutual Fund
20-08-2018,4359.36890,118701,Mirae_Large_Cap,Nippon India Mutual Fund
19-08-2018,4358.55470,118701,Mirae_Large_Cap,Nippon India Mutual Fund
18-08-2018,4357.71450,118701,Mirae_Large_Cap,Nippon India Mutual Fund
17-08-2018,4356.87460,118701,Mirae_Large_Cap,Nippon India Mutual Fund
16-08-2018,4356.03550,118701,Mirae_Large_Cap,Nippon India Mutual Fund
15-08-2018,4355.19320,118701,Mirae_Large_Cap,Nippon India Mutual Fund
14-08-2018,4354.35670,118701,Mirae_Large_Cap,Nippon India Mutual Fund
13-08-2018,4353.54980,118701,Mirae_Large_Cap,Nippon India Mutual Fund
12-08-2018,4352.68400,118701,Mirae_Large_Cap,Nippon India Mutual Fund
11-08-2018,4351.84120,118701,Mirae_Large_Cap,Nippon India Mutual Fund
10-08-2018,4350.99850,118701,Mirae_Large_Cap,Nippon India Mutual Fund
09-08-2018,4350.17690,118701,Mirae_Large_Cap,Nippon India Mutual Fund
08-08-2018,4349.32600,118701,Mirae_Large_Cap,Nippon India Mutual Fund
07-08-2018,4348.48200,118701,Mirae_Large_Cap,Nippon India Mutual Fund
06-08-2018,4347.60780,118701,Mirae_Large_Cap,Nippon India Mutual Fund
05-08-2018,4346.74420,118701,Mirae_Large_Cap,Nippon India Mutual Fund
04-08-2018,4345.87940,118701,Mirae_Large_Cap,Nippon India Mutual Fund
03-08-2018,4345.01500,118701,Mirae_Large_Cap,Nippon India Mutual Fund
02-08-2018,4344.18300,118701,Mirae_Large_Cap,Nippon India Mutual Fund
01-08-2018,4343.28580,118701,Mirae_Large_Cap,Nippon India Mutual Fund
31-07-2018,4342.39530,118701,Mirae_Large_Cap,Nippon India Mutual Fund
30-07-2018,4341.42730,118701,Mirae_Large_Cap,Nippon India Mutual Fund
29-07-2018,4340.53700,118701,Mirae_Large_Cap,Nippon India Mutual Fund
28-07-2018,4339.69890,118701,Mirae_Large_Cap,Nippon India Mutual Fund
27-07-2018,4338.86120,118701,Mirae_Large_Cap,Nippon India Mutual Fund
26-07-2018,4337.97080,118701,Mirae_Large_Cap,Nippon India Mutual Fund
25-07-2018,4337.11550,118701,Mirae_Large_Cap,Nippon India Mutual Fund
24-07-2018,4336.28190,118701,Mirae_Large_Cap,Nippon India Mutual Fund
23-07-2018,4335.45170,118701,Mirae_Large_Cap,Nippon India Mutual Fund
22-07-2018,4334.64140,118701,Mirae_Large_Cap,Nippon India Mutual Fund
21-07-2018,4333.80550,118701,Mirae_Large_Cap,Nippon India Mutual Fund
20-07-2018,4332.96960,118701,Mirae_Large_Cap,Nippon India Mutual Fund
19-07-2018,4332.11060,118701,Mirae_Large_Cap,Nippon India Mutual Fund
18-07-2018,4331.25090,118701,Mirae_Large_Cap,Nippon India Mutual Fund
17-07-2018,4330.36830,118701,Mirae_Large_Cap,Nippon India Mutual Fund
16-07-2018,4329.51080,118701,Mirae_Large_Cap,Nippon India Mutual Fund
15-07-2018,4328.65340,118701,Mirae_Large_Cap,Nippon India Mutual Fund
14-07-2018,4327.81860,118701,Mirae_Large_Cap,Nippon India Mutual Fund
13-07-2018,4326.98410,118701,Mirae_Large_Cap,Nippon India Mutual Fund
12-07-2018,4326.11540,118701,Mirae_Large_Cap,Nippon India Mutual Fund
11-07-2018,4325.28700,118701,Mirae_Large_Cap,Nippon India Mutual Fund
10-07-2018,4324.43750,118701,Mirae_Large_Cap,Nippon India Mutual Fund
09-07-2018,4323.59490,118701,Mirae_Large_Cap,Nippon India Mutual Fund
08-07-2018,4322.73160,118701,Mirae_Large_Cap,Nippon India Mutual Fund
07-07-2018,4321.88840,118701,Mirae_Large_Cap,Nippon India Mutual Fund
06-07-2018,4321.04550,118701,Mirae_Large_Cap,Nippon India Mutual Fund
05-07-2018,4320.06980,118701,Mirae_Large_Cap,Nippon India Mutual Fund
04-07-2018,4319.13190,118701,Mirae_Large_Cap,Nippon India Mutual Fund
03-07-2018,4318.13300,118701,Mirae_Large_Cap,Nippon India Mutual Fund
02-07-2018,4317.18550,118701,Mirae_Large_Cap,Nippon India Mutual Fund
01-07-2018,4316.21790,118701,Mirae_Large_Cap,Nippon India Mutual Fund
30-06-2018,4315.35560,118701,Mirae_Large_Cap,Nippon India Mutual Fund
29-06-2018,4314.49430,118701,Mirae_Large_Cap,Nippon India Mutual Fund
28-06-2018,4313.41110,118701,Mirae_Large_Cap,Nippon India Mutual Fund
27-06-2018,4312.45240,118701,Mirae_Large_Cap,Nippon India Mutual Fund
26-06-2018,4311.59010,118701,Mirae_Large_Cap,Nippon India Mutual Fund
25-06-2018,4310.68970,118701,Mirae_Large_Cap,Nippon India Mutual Fund
24-06-2018,4309.81540,118701,Mirae_Large_Cap,Nippon India Mutual Fund
23-06-2018,4308.95580,118701,Mirae_Large_Cap,Nippon India Mutual Fund
22-06-2018,4308.09660,118701,Mirae_Large_Cap,Nippon India Mutual Fund
21-06-2018,4307.21340,118701,Mirae_Large_Cap,Nippon India Mutual Fund
20-06-2018,4306.33610,118701,Mirae_Large_Cap,Nippon India Mutual Fund
19-06-2018,4305.41270,118701,Mirae_Large_Cap,Nippon India Mutual Fund
18-06-2018,4304.46310,118701,Mirae_Large_Cap,Nippon India Mutual Fund
17-06-2018,4303.50790,118701,Mirae_Large_Cap,Nippon India Mutual Fund
16-06-2018,4302.63290,118701,Mirae_Large_Cap,Nippon India Mutual Fund
15-06-2018,4301.75840,118701,Mirae_Large_Cap,Nippon India Mutual Fund
14-06-2018,4300.92770,118701,Mirae_Large_Cap,Nippon India Mutual Fund
13-06-2018,4300.04170,118701,Mirae_Large_Cap,Nippon India Mutual Fund
12-06-2018,4299.15130,118701,Mirae_Large_Cap,Nippon India Mutual Fund
11-06-2018,4298.23050,118701,Mirae_Large_Cap,Nippon India Mutual Fund
10-06-2018,4297.32820,118701,Mirae_Large_Cap,Nippon India Mutual Fund
09-06-2018,4296.46840,118701,Mirae_Large_Cap,Nippon India Mutual Fund
08-06-2018,4295.60930,118701,Mirae_Large_Cap,Nippon India Mutual Fund
07-06-2018,4294.69620,118701,Mirae_Large_Cap,Nippon India Mutual Fund
06-06-2018,4293.79570,118701,Mirae_Large_Cap,Nippon India Mutual Fund
05-06-2018,4292.78050,118701,Mirae_Large_Cap,Nippon India Mutual Fund
04-06-2018,4291.90250,118701,Mirae_Large_Cap,Nippon India Mutual Fund
03-06-2018,4291.07430,118701,Mirae_Large_Cap,Nippon India Mutual Fund
02-06-2018,4290.23390,118701,Mirae_Large_Cap,Nippon India Mutual Fund
01-06-2018,4289.39350,118701,Mirae_Large_Cap,Nippon India Mutual Fund
31-05-2018,4288.65010,118701,Mirae_Large_Cap,Nippon India Mutual Fund
30-05-2018,4287.74630,118701,Mirae_Large_Cap,Nippon India Mutual Fund
29-05-2018,4286.77340,118701,Mirae_Large_Cap,Nippon India Mutual Fund
28-05-2018,4285.77030,118701,Mirae_Large_Cap,Nippon India Mutual Fund
27-05-2018,4284.94150,118701,Mirae_Large_Cap,Nippon India Mutual Fund
26-05-2018,4284.11580,118701,Mirae_Large_Cap,Nippon India Mutual Fund
25-05-2018,4283.29040,118701,Mirae_Large_Cap,Nippon India Mutual Fund
24-05-2018,4282.46710,118701,Mirae_Large_Cap,Nippon India Mutual Fund
23-05-2018,4281.65150,118701,Mirae_Large_Cap,Nippon India Mutual Fund
22-05-2018,4280.86300,118701,Mirae_Large_Cap,Nippon India Mutual Fund
21-05-2018,4280.05240,118701,Mirae_Large_Cap,Nippon India Mutual Fund
20-05-2018,4279.27100,118701,Mirae_Large_Cap,Nippon India Mutual Fund
19-05-2018,4278.46730,118701,Mirae_Large_Cap,Nippon India Mutual Fund
18-05-2018,4277.66380,118701,Mirae_Large_Cap,Nippon India Mutual Fund
17-05-2018,4276.99610,118701,Mirae_Large_Cap,Nippon India Mutual Fund
16-05-2018,4276.22000,118701,Mirae_Large_Cap,Nippon India Mutual Fund
15-05-2018,4275.45210,118701,Mirae_Large_Cap,Nippon India Mutual Fund
14-05-2018,4274.74730,118701,Mirae_Large_Cap,Nippon India Mutual Fund
13-05-2018,4273.98620,118701,Mirae_Large_Cap,Nippon India Mutual Fund
12-05-2018,4273.20430,118701,Mirae_Large_Cap,Nippon India Mutual Fund
11-05-2018,4272.42260,118701,Mirae_Large_Cap,Nippon India Mutual Fund
10-05-2018,4271.68190,118701,Mirae_Large_Cap,Nippon India Mutual Fund
09-05-2018,4270.94440,118701,Mirae_Large_Cap,Nippon India Mutual Fund
08-05-2018,4270.19910,118701,Mirae_Large_Cap,Nippon India Mutual Fund
07-05-2018,4269.41430,118701,Mirae_Large_Cap,Nippon India Mutual Fund
06-05-2018,4268.62940,118701,Mirae_Large_Cap,Nippon India Mutual Fund
05-05-2018,4267.85550,118701,Mirae_Large_Cap,Nippon India Mutual Fund
04-05-2018,4267.08200,118701,Mirae_Large_Cap,Nippon India Mutual Fund
03-05-2018,4266.37990,118701,Mirae_Large_Cap,Nippon India Mutual Fund
02-05-2018,4265.58020,118701,Mirae_Large_Cap,Nippon India Mutual Fund
01-05-2018,4264.77390,118701,Mirae_Large_Cap,Nippon India Mutual Fund
30-04-2018,4264.00170,118701,Mirae_Large_Cap,Nippon India Mutual Fund
29-04-2018,4263.21190,118701,Mirae_Large_Cap,Nippon India Mutual Fund
28-04-2018,4262.42190,118701,Mirae_Large_Cap,Nippon India Mutual Fund
27-04-2018,4261.63260,118701,Mirae_Large_Cap,Nippon India Mutual Fund
26-04-2018,4260.80630,118701,Mirae_Large_Cap,Nippon India Mutual Fund
25-04-2018,4260.02760,118701,Mirae_Large_Cap,Nippon India Mutual Fund
24-04-2018,4259.24720,118701,Mirae_Large_Cap,Nippon India Mutual Fund
23-04-2018,4258.47560,118701,Mirae_Large_Cap,Nippon India Mutual Fund
22-04-2018,4257.70090,118701,Mirae_Large_Cap,Nippon India Mutual Fund
21-04-2018,4256.93070,118701,Mirae_Large_Cap,Nippon India Mutual Fund
20-04-2018,4256.16090,118701,Mirae_Large_Cap,Nippon India Mutual Fund
19-04-2018,4255.47900,118701,Mirae_Large_Cap,Nippon India Mutual Fund
18-04-2018,4254.69570,118701,Mirae_Large_Cap,Nippon India Mutual Fund
17-04-2018,4253.89190,118701,Mirae_Large_Cap,Nippon India Mutual Fund
16-04-2018,4253.09660,118701,Mirae_Large_Cap,Nippon India Mutual Fund
15-04-2018,4252.26560,118701,Mirae_Large_Cap,Nippon India Mutual Fund
14-04-2018,4251.48350,118701,Mirae_Large_Cap,Nippon India Mutual Fund
13-04-2018,4250.70130,118701,Mirae_Large_Cap,Nippon India Mutual Fund
12-04-2018,4249.93460,118701,Mirae_Large_Cap,Nippon India Mutual Fund
11-04-2018,4249.13940,118701,Mirae_Large_Cap,Nippon India Mutual Fund
10-04-2018,4248.37510,118701,Mirae_Large_Cap,Nippon India Mutual Fund
09-04-2018,4247.51360,118701,Mirae_Large_Cap,Nippon India Mutual Fund
08-04-2018,4246.69170,118701,Mirae_Large_Cap,Nippon India Mutual Fund
07-04-2018,4245.90220,118701,Mirae_Large_Cap,Nippon India Mutual Fund
06-04-2018,4245.11340,118701,Mirae_Large_Cap,Nippon India Mutual Fund
05-04-2018,4244.28660,118701,Mirae_Large_Cap,Nippon India Mutual Fund
04-04-2018,4243.45090,118701,Mirae_Large_Cap,Nippon India Mutual Fund
03-04-2018,4242.56570,118701,Mirae_Large_Cap,Nippon India Mutual Fund
02-04-2018,4241.54010,118701,Mirae_Large_Cap,Nippon India Mutual Fund
01-04-2018,4240.74140,118701,Mirae_Large_Cap,Nippon India Mutual Fund
31-03-2018,4239.94240,118701,Mirae_Large_Cap,Nippon India Mutual Fund
30-03-2018,4239.14370,118701,Mirae_Large_Cap,Nippon India Mutual Fund
29-03-2018,4238.34790,118701,Mirae_Large_Cap,Nippon India Mutual Fund
28-03-2018,4237.55170,118701,Mirae_Large_Cap,Nippon India Mutual Fund
27-03-2018,4233.52320,118701,Mirae_Large_Cap,Nippon India Mutual Fund
26-03-2018,4232.58140,118701,Mirae_Large_Cap,Nippon India Mutual Fund
25-03-2018,4231.81030,118701,Mirae_Large_Cap,Nippon India Mutual Fund
24-03-2018,4231.00820,118701,Mirae_Large_Cap,Nippon India Mutual Fund
23-03-2018,4230.20590,118701,Mirae_Large_Cap,Nippon India Mutual Fund
22-03-2018,4229.59860,118701,Mirae_Large_Cap,Nippon India Mutual Fund
21-03-2018,4228.82750,118701,Mirae_Large_Cap,Nippon India Mutual Fund
20-03-2018,4228.07790,118701,Mirae_Large_Cap,Nippon India Mutual Fund
19-03-2018,4227.25530,118701,Mirae_Large_Cap,Nippon India Mutual Fund
18-03-2018,4226.28210,118701,Mirae_Large_Cap,Nippon India Mutual Fund
17-03-2018,4225.47520,118701,Mirae_Large_Cap,Nippon India Mutual Fund
16-03-2018,4224.66890,118701,Mirae_Large_Cap,Nippon India Mutual Fund
15-03-2018,4223.25550,118701,Mirae_Large_Cap,Nippon India Mutual Fund
14-03-2018,4222.24230,118701,Mirae_Large_Cap,Nippon India Mutual Fund
13-03-2018,4221.40710,118701,Mirae_Large_Cap,Nippon India Mutual Fund
12-03-2018,4220.60090,118701,Mirae_Large_Cap,Nippon India Mutual Fund
11-03-2018,4219.67600,118701,Mirae_Large_Cap,Nippon India Mutual Fund
10-03-2018,4218.89190,118701,Mirae_Large_Cap,Nippon India Mutual Fund
09-03-2018,4218.10180,118701,Mirae_Large_Cap,Nippon India Mutual Fund
08-03-2018,4217.32860,118701,Mirae_Large_Cap,Nippon India Mutual Fund
07-03-2018,4216.45850,118701,Mirae_Large_Cap,Nippon India Mutual Fund
06-03-2018,4215.46870,118701,Mirae_Large_Cap,Nippon India Mutual Fund
05-03-2018,4214.64720,118701,Mirae_Large_Cap,Nippon India Mutual Fund
04-03-2018,4213.85270,118701,Mirae_Large_Cap,Nippon India Mutual Fund
03-03-2018,4213.06160,118701,Mirae_Large_Cap,Nippon India Mutual Fund
02-03-2018,4212.27130,118701,Mirae_Large_Cap,Nippon India Mutual Fund
01-03-2018,4211.48200,118701,Mirae_Large_Cap,Nippon India Mutual Fund
28-02-2018,4210.69260,118701,Mirae_Large_Cap,Nippon India Mutual Fund
27-02-2018,4209.92050,118701,Mirae_Large_Cap,Nippon India Mutual Fund
26-02-2018,4209.13780,118701,Mirae_Large_Cap,Nippon India Mutual Fund
25-02-2018,4208.36020,118701,Mirae_Large_Cap,Nippon India Mutual Fund
24-02-2018,4207.58090,118701,Mirae_Large_Cap,Nippon India Mutual Fund
23-02-2018,4206.80220,118701,Mirae_Large_Cap,Nippon India Mutual Fund
22-02-2018,4206.05170,118701,Mirae_Large_Cap,Nippon India Mutual Fund
21-02-2018,4205.29310,118701,Mirae_Large_Cap,Nippon India Mutual Fund
20-02-2018,4204.50840,118701,Mirae_Large_Cap,Nippon India Mutual Fund
19-02-2018,4203.75240,118701,Mirae_Large_Cap,Nippon India Mutual Fund
18-02-2018,4202.97820,118701,Mirae_Large_Cap,Nippon India Mutual Fund
17-02-2018,4202.20410,118701,Mirae_Large_Cap,Nippon India Mutual Fund
16-02-2018,4201.42960,118701,Mirae_Large_Cap,Nippon India Mutual Fund
15-02-2018,4200.68420,118701,Mirae_Large_Cap,Nippon India Mutual Fund
14-02-2018,4199.91930,118701,Mirae_Large_Cap,Nippon India Mutual Fund
13-02-2018,4199.13150,118701,Mirae_Large_Cap,Nippon India Mutual Fund
12-02-2018,4198.37180,118701,Mirae_Large_Cap,Nippon India Mutual Fund
11-02-2018,4197.59240,118701,Mirae_Large_Cap,Nippon India Mutual Fund
10-02-2018,4196.83410,118701,Mirae_Large_Cap,Nippon India Mutual Fund
09-02-2018,4196.07560,118701,Mirae_Large_Cap,Nippon India Mutual Fund
08-02-2018,4195.31010,118701,Mirae_Large_Cap,Nippon India Mutual Fund
07-02-2018,4194.54910,118701,Mirae_Large_Cap,Nippon India Mutual Fund
06-02-2018,4193.78050,118701,Mirae_Large_Cap,Nippon India Mutual Fund
05-02-2018,4193.03230,118701,Mirae_Large_Cap,Nippon India Mutual Fund
04-02-2018,4192.27740,118701,Mirae_Large_Cap,Nippon India Mutual Fund
03-02-2018,4191.51410,118701,Mirae_Large_Cap,Nippon India Mutual Fund
02-02-2018,4190.75060,118701,Mirae_Large_Cap,Nippon India Mutual Fund
01-02-2018,4189.99630,118701,Mirae_Large_Cap,Nippon India Mutual Fund
31-01-2018,4189.25840,118701,Mirae_Large_Cap,Nippon India Mutual Fund
30-01-2018,4188.47850,118701,Mirae_Large_Cap,Nippon India Mutual Fund
29-01-2018,4187.67960,118701,Mirae_Large_Cap,Nippon India Mutual Fund
28-01-2018,4186.91430,118701,Mirae_Large_Cap,Nippon India Mutual Fund
27-01-2018,4186.16990,118701,Mirae_Large_Cap,Nippon India Mutual Fund
26-01-2018,4185.42540,118701,Mirae_Large_Cap,Nippon India Mutual Fund
25-01-2018,4184.68120,118701,Mirae_Large_Cap,Nippon India Mutual Fund
24-01-2018,4183.93600,118701,Mirae_Large_Cap,Nippon India Mutual Fund
23-01-2018,4183.16230,118701,Mirae_Large_Cap,Nippon India Mutual Fund
22-01-2018,4182.40610,118701,Mirae_Large_Cap,Nippon India Mutual Fund
21-01-2018,4181.64830,118701,Mirae_Large_Cap,Nippon India Mutual Fund
20-01-2018,4180.90470,118701,Mirae_Large_Cap,Nippon India Mutual Fund
19-01-2018,4180.16100,118701,Mirae_Large_Cap,Nippon India Mutual Fund
18-01-2018,4179.40350,118701,Mirae_Large_Cap,Nippon India Mutual Fund
17-01-2018,4178.66340,118701,Mirae_Large_Cap,Nippon India Mutual Fund
16-01-2018,4177.91110,118701,Mirae_Large_Cap,Nippon India Mutual Fund
15-01-2018,4177.16140,118701,Mirae_Large_Cap,Nippon India Mutual Fund
14-01-2018,4176.41980,118701,Mirae_Large_Cap,Nippon India Mutual Fund
13-01-2018,4175.68940,118701,Mirae_Large_Cap,Nippon India Mutual Fund
12-01-2018,4174.95970,118701,Mirae_Large_Cap,Nippon India Mutual Fund
11-01-2018,4174.20780,118701,Mirae_Large_Cap,Nippon India Mutual Fund
10-01-2018,4173.48690,118701,Mirae_Large_Cap,Nippon India Mutual Fund
09-01-2018,4172.72970,118701,Mirae_Large_Cap,Nippon India Mutual Fund
08-01-2018,4171.97380,118701,Mirae_Large_Cap,Nippon India Mutual Fund
07-01-2018,4171.21480,118701,Mirae_Large_Cap,Nippon India Mutual Fund
06-01-2018,4170.48640,118701,Mirae_Large_Cap,Nippon India Mutual Fund
05-01-2018,4169.75820,118701,Mirae_Large_Cap,Nippon India Mutual Fund
04-01-2018,4169.01480,118701,Mirae_Large_Cap,Nippon India Mutual Fund
03-01-2018,4168.31130,118701,Mirae_Large_Cap,Nippon India Mutual Fund
02-01-2018,4167.58060,118701,Mirae_Large_Cap,Nippon India Mutual Fund
01-01-2018,4166.83710,118701,Mirae_Large_Cap,Nippon India Mutual Fund
31-12-2017,4166.04630,118701,Mirae_Large_Cap,Nippon India Mutual Fund
30-12-2017,4165.24840,118701,Mirae_Large_Cap,Nippon India Mutual Fund
29-12-2017,4164.45070,118701,Mirae_Large_Cap,Nippon India Mutual Fund
28-12-2017,4163.61210,118701,Mirae_Large_Cap,Nippon India Mutual Fund
27-12-2017,4162.81870,118701,Mirae_Large_Cap,Nippon India Mutual Fund
26-12-2017,4162.08510,118701,Mirae_Large_Cap,Nippon India Mutual Fund
25-12-2017,4161.35860,118701,Mirae_Large_Cap,Nippon India Mutual Fund
24-12-2017,4160.62250,118701,Mirae_Large_Cap,Nippon India Mutual Fund
23-12-2017,4159.88630,118701,Mirae_Large_Cap,Nippon India Mutual Fund
22-12-2017,4159.15040,118701,Mirae_Large_Cap,Nippon India Mutual Fund
21-12-2017,4158.41730,118701,Mirae_Large_Cap,Nippon India Mutual Fund
20-12-2017,4157.70960,118701,Mirae_Large_Cap,Nippon India Mutual Fund
19-12-2017,4157.02530,118701,Mirae_Large_Cap,Nippon India Mutual Fund
18-12-2017,4156.30150,118701,Mirae_Large_Cap,Nippon India Mutual Fund
17-12-2017,4155.57840,118701,Mirae_Large_Cap,Nippon India Mutual Fund
16-12-2017,4154.83780,118701,Mirae_Large_Cap,Nippon India Mutual Fund
15-12-2017,4154.09850,118701,Mirae_Large_Cap,Nippon India Mutual Fund
14-12-2017,4153.40950,118701,Mirae_Large_Cap,Nippon India Mutual Fund
13-12-2017,4152.69170,118701,Mirae_Large_Cap,Nippon India Mutual Fund
12-12-2017,4151.97870,118701,Mirae_Large_Cap,Nippon India Mutual Fund
11-12-2017,4151.25560,118701,Mirae_Large_Cap,Nippon India Mutual Fund
10-12-2017,4150.54260,118701,Mirae_Large_Cap,Nippon India Mutual Fund
09-12-2017,4149.80340,118701,Mirae_Large_Cap,Nippon India Mutual Fund
08-12-2017,4149.06390,118701,Mirae_Large_Cap,Nippon India Mutual Fund
07-12-2017,4148.35950,118701,Mirae_Large_Cap,Nippon India Mutual Fund
06-12-2017,4147.65130,118701,Mirae_Large_Cap,Nippon India Mutual Fund
05-12-2017,4146.93210,118701,Mirae_Large_Cap,Nippon India Mutual Fund
04-12-2017,4146.21370,118701,Mirae_Large_Cap,Nippon India Mutual Fund
03-12-2017,4145.50080,118701,Mirae_Large_Cap,Nippon India Mutual Fund
02-12-2017,4144.77800,118701,Mirae_Large_Cap,Nippon India Mutual Fund
01-12-2017,4144.05550,118701,Mirae_Large_Cap,Nippon India Mutual Fund
30-11-2017,4143.33350,118701,Mirae_Large_Cap,Nippon India Mutual Fund
29-11-2017,4142.60790,118701,Mirae_Large_Cap,Nippon India Mutual Fund
28-11-2017,4141.88210,118701,Mirae_Large_Cap,Nippon India Mutual Fund
27-11-2017,4141.17000,118701,Mirae_Large_Cap,Nippon India Mutual Fund
26-11-2017,4140.45950,118701,Mirae_Large_Cap,Nippon India Mutual Fund
25-11-2017,4139.74520,118701,Mirae_Large_Cap,Nippon India Mutual Fund
24-11-2017,4139.03170,118701,Mirae_Large_Cap,Nippon India Mutual Fund
23-11-2017,4138.31020,118701,Mirae_Large_Cap,Nippon India Mutual Fund
22-11-2017,4137.59310,118701,Mirae_Large_Cap,Nippon India Mutual Fund
21-11-2017,4136.87690,118701,Mirae_Large_Cap,Nippon India Mutual Fund
20-11-2017,4136.14670,118701,Mirae_Large_Cap,Nippon India Mutual Fund
19-11-2017,4135.41640,118701,Mirae_Large_Cap,Nippon India Mutual Fund
18-11-2017,4134.71430,118701,Mirae_Large_Cap,Nippon India Mutual Fund
17-11-2017,4134.01250,118701,Mirae_Large_Cap,Nippon India Mutual Fund
16-11-2017,4133.28870,118701,Mirae_Large_Cap,Nippon India Mutual Fund
15-11-2017,4132.59260,118701,Mirae_Large_Cap,Nippon India Mutual Fund
14-11-2017,4131.87820,118701,Mirae_Large_Cap,Nippon India Mutual Fund
13-11-2017,4131.15720,118701,Mirae_Large_Cap,Nippon India Mutual Fund
12-11-2017,4130.44790,118701,Mirae_Large_Cap,Nippon India Mutual Fund
11-11-2017,4129.73190,118701,Mirae_Large_Cap,Nippon India Mutual Fund
10-11-2017,4129.01580,118701,Mirae_Large_Cap,Nippon India Mutual Fund
09-11-2017,4128.29480,118701,Mirae_Large_Cap,Nippon India Mutual Fund
08-11-2017,4127.56930,118701,Mirae_Large_Cap,Nippon India Mutual Fund
07-11-2017,4126.84960,118701,Mirae_Large_Cap,Nippon India Mutual Fund
06-11-2017,4126.10940,118701,Mirae_Large_Cap,Nippon India Mutual Fund
05-11-2017,4125.37070,118701,Mirae_Large_Cap,Nippon India Mutual Fund
04-11-2017,4124.66020,118701,Mirae_Large_Cap,Nippon India Mutual Fund
03-11-2017,4123.94940,118701,Mirae_Large_Cap,Nippon India Mutual Fund
02-11-2017,4123.20800,118701,Mirae_Large_Cap,Nippon India Mutual Fund
01-11-2017,4122.48290,118701,Mirae_Large_Cap,Nippon India Mutual Fund
31-10-2017,4121.74500,118701,Mirae_Large_Cap,Nippon India Mutual Fund
30-10-2017,4120.99770,118701,Mirae_Large_Cap,Nippon India Mutual Fund
29-10-2017,4120.27300,118701,Mirae_Large_Cap,Nippon India Mutual Fund
28-10-2017,4119.56450,118701,Mirae_Large_Cap,Nippon India Mutual Fund
27-10-2017,4118.85690,118701,Mirae_Large_Cap,Nippon India Mutual Fund
26-10-2017,4118.14890,118701,Mirae_Large_Cap,Nippon India Mutual Fund
25-10-2017,4117.44570,118701,Mirae_Large_Cap,Nippon India Mutual Fund
24-10-2017,4116.73440,118701,Mirae_Large_Cap,Nippon India Mutual Fund
23-10-2017,4116.03150,118701,Mirae_Large_Cap,Nippon India Mutual Fund
22-10-2017,4115.32390,118701,Mirae_Large_Cap,Nippon India Mutual Fund
21-10-2017,4114.59220,118701,Mirae_Large_Cap,Nippon India Mutual Fund
20-10-2017,4113.86080,118701,Mirae_Large_Cap,Nippon India Mutual Fund
19-10-2017,4113.15600,118701,Mirae_Large_Cap,Nippon India Mutual Fund
18-10-2017,4112.45180,118701,Mirae_Large_Cap,Nippon India Mutual Fund
17-10-2017,4111.73100,118701,Mirae_Large_Cap,Nippon India Mutual Fund
16-10-2017,4111.02160,118701,Mirae_Large_Cap,Nippon India Mutual Fund
15-10-2017,4110.29420,118701,Mirae_Large_Cap,Nippon India Mutual Fund
14-10-2017,4109.54680,118701,Mirae_Large_Cap,Nippon India Mutual Fund
13-10-2017,4108.79970,118701,Mirae_Large_Cap,Nippon India Mutual Fund
12-10-2017,4108.11060,118701,Mirae_Large_Cap,Nippon India Mutual Fund
11-10-2017,4107.39320,118701,Mirae_Large_Cap,Nippon India Mutual Fund
10-10-2017,4106.66970,118701,Mirae_Large_Cap,Nippon India Mutual Fund
09-10-2017,4105.94670,118701,Mirae_Large_Cap,Nippon India Mutual Fund
08-10-2017,4105.23640,118701,Mirae_Large_Cap,Nippon India Mutual Fund
07-10-2017,4104.54560,118701,Mirae_Large_Cap,Nippon India Mutual Fund
06-10-2017,4103.85480,118701,Mirae_Large_Cap,Nippon India Mutual Fund
05-10-2017,4103.16490,118701,Mirae_Large_Cap,Nippon India Mutual Fund
04-10-2017,4102.42780,118701,Mirae_Large_Cap,Nippon India Mutual Fund
03-10-2017,4101.69770,118701,Mirae_Large_Cap,Nippon India Mutual Fund
02-10-2017,4100.92600,118701,Mirae_Large_Cap,Nippon India Mutual Fund
01-10-2017,4100.17020,118701,Mirae_Large_Cap,Nippon India Mutual Fund
30-09-2017,4099.41400,118701,Mirae_Large_Cap,Nippon India Mutual Fund
29-09-2017,4098.65890,118701,Mirae_Large_Cap,Nippon India Mutual Fund
28-09-2017,4097.88830,118701,Mirae_Large_Cap,Nippon India Mutual Fund
27-09-2017,4097.15060,118701,Mirae_Large_Cap,Nippon India Mutual Fund
26-09-2017,4096.41640,118701,Mirae_Large_Cap,Nippon India Mutual Fund
25-09-2017,4095.67400,118701,Mirae_Large_Cap,Nippon India Mutual Fund
24-09-2017,4094.94320,118701,Mirae_Large_Cap,Nippon India Mutual Fund
23-09-2017,4094.24260,118701,Mirae_Large_Cap,Nippon India Mutual Fund
22-09-2017,4093.54170,118701,Mirae_Large_Cap,Nippon India Mutual Fund
21-09-2017,4092.86020,118701,Mirae_Large_Cap,Nippon India Mutual Fund
20-09-2017,4092.13300,118701,Mirae_Large_Cap,Nippon India Mutual Fund
19-09-2017,4091.40740,118701,Mirae_Large_Cap,Nippon India Mutual Fund
18-09-2017,4090.67970,118701,Mirae_Large_Cap,Nippon India Mutual Fund
17-09-2017,4089.95120,118701,Mirae_Large_Cap,Nippon India Mutual Fund
16-09-2017,4089.24070,118701,Mirae_Large_Cap,Nippon India Mutual Fund
15-09-2017,4088.53030,118701,Mirae_Large_Cap,Nippon India Mutual Fund
14-09-2017,4087.82010,118701,Mirae_Large_Cap,Nippon India Mutual Fund
13-09-2017,4087.11270,118701,Mirae_Large_Cap,Nippon India Mutual Fund
12-09-2017,4086.40370,118701,Mirae_Large_Cap,Nippon India Mutual Fund
11-09-2017,4085.69120,118701,Mirae_Large_Cap,Nippon India Mutual Fund
10-09-2017,4084.98310,118701,Mirae_Large_Cap,Nippon India Mutual Fund
09-09-2017,4084.27280,118701,Mirae_Large_Cap,Nippon India Mutual Fund
08-09-2017,4083.56360,118701,Mirae_Large_Cap,Nippon India Mutual Fund
07-09-2017,4082.86780,118701,Mirae_Large_Cap,Nippon India Mutual Fund
06-09-2017,4082.16080,118701,Mirae_Large_Cap,Nippon India Mutual Fund
05-09-2017,4081.45660,118701,Mirae_Large_Cap,Nippon India Mutual Fund
04-09-2017,4080.75370,118701,Mirae_Large_Cap,Nippon India Mutual Fund
03-09-2017,4080.04440,118701,Mirae_Large_Cap,Nippon India Mutual Fund
02-09-2017,4079.32900,118701,Mirae_Large_Cap,Nippon India Mutual Fund
01-09-2017,4078.61440,118701,Mirae_Large_Cap,Nippon India Mutual Fund
31-08-2017,4077.90810,118701,Mirae_Large_Cap,Nippon India Mutual Fund
30-08-2017,4077.16450,118701,Mirae_Large_Cap,Nippon India Mutual Fund
29-08-2017,4076.46620,118701,Mirae_Large_Cap,Nippon India Mutual Fund
28-08-2017,4075.75220,118701,Mirae_Large_Cap,Nippon India Mutual Fund
27-08-2017,4075.04760,118701,Mirae_Large_Cap,Nippon India Mutual Fund
26-08-2017,4074.34730,118701,Mirae_Large_Cap,Nippon India Mutual Fund
25-08-2017,4073.64660,118701,Mirae_Large_Cap,Nippon India Mutual Fund
24-08-2017,4072.94610,118701,Mirae_Large_Cap,Nippon India Mutual Fund
23-08-2017,4072.22630,118701,Mirae_Large_Cap,Nippon India Mutual Fund
22-08-2017,4071.52270,118701,Mirae_Large_Cap,Nippon India Mutual Fund
21-08-2017,4070.81190,118701,Mirae_Large_Cap,Nippon India Mutual Fund
20-08-2017,4070.10320,118701,Mirae_Large_Cap,Nippon India Mutual Fund
19-08-2017,4069.38960,118701,Mirae_Large_Cap,Nippon India Mutual Fund
18-08-2017,4068.67560,118701,Mirae_Large_Cap,Nippon India Mutual Fund
17-08-2017,4067.94430,118701,Mirae_Large_Cap,Nippon India Mutual Fund
16-08-2017,4067.22920,118701,Mirae_Large_Cap,Nippon India Mutual Fund
15-08-2017,4066.51410,118701,Mirae_Large_Cap,Nippon India Mutual Fund
14-08-2017,4065.81760,118701,Mirae_Large_Cap,Nippon India Mutual Fund
13-08-2017,4065.07780,118701,Mirae_Large_Cap,Nippon India Mutual Fund
12-08-2017,4064.34430,118701,Mirae_Large_Cap,Nippon India Mutual Fund
11-08-2017,4063.61100,118701,Mirae_Large_Cap,Nippon India Mutual Fund
10-08-2017,4062.87280,118701,Mirae_Large_Cap,Nippon India Mutual Fund
09-08-2017,4062.14430,118701,Mirae_Large_Cap,Nippon India Mutual Fund
08-08-2017,4061.40520,118701,Mirae_Large_Cap,Nippon India Mutual Fund
07-08-2017,4060.64810,118701,Mirae_Large_Cap,Nippon India Mutual Fund
06-08-2017,4059.91770,118701,Mirae_Large_Cap,Nippon India Mutual Fund
05-08-2017,4059.19920,118701,Mirae_Large_Cap,Nippon India Mutual Fund
04-08-2017,4058.48010,118701,Mirae_Large_Cap,Nippon India Mutual Fund
03-08-2017,4057.75300,118701,Mirae_Large_Cap,Nippon India Mutual Fund
02-08-2017,4057.03490,118701,Mirae_Large_Cap,Nippon India Mutual Fund
01-08-2017,4056.30490,118701,Mirae_Large_Cap,Nippon India Mutual Fund
31-07-2017,4055.59020,118701,Mirae_Large_Cap,Nippon India Mutual Fund
30-07-2017,4054.85970,118701,Mirae_Large_Cap,Nippon India Mutual Fund
29-07-2017,4054.13030,118701,Mirae_Large_Cap,Nippon India Mutual Fund
28-07-2017,4053.40140,118701,Mirae_Large_Cap,Nippon India Mutual Fund
27-07-2017,4052.66380,118701,Mirae_Large_Cap,Nippon India Mutual Fund
26-07-2017,4051.93800,118701,Mirae_Large_Cap,Nippon India Mutual Fund
25-07-2017,4051.22400,118701,Mirae_Large_Cap,Nippon India Mutual Fund
24-07-2017,4050.49450,118701,Mirae_Large_Cap,Nippon India Mutual Fund
23-07-2017,4049.77590,118701,Mirae_Large_Cap,Nippon India Mutual Fund
22-07-2017,4049.04190,118701,Mirae_Large_Cap,Nippon India Mutual Fund
21-07-2017,4048.30820,118701,Mirae_Large_Cap,Nippon India Mutual Fund
20-07-2017,4047.57650,118701,Mirae_Large_Cap,Nippon India Mutual Fund
19-07-2017,4046.84500,118701,Mirae_Large_Cap,Nippon India Mutual Fund
18-07-2017,4046.11140,118701,Mirae_Large_Cap,Nippon India Mutual Fund
17-07-2017,4045.37380,118701,Mirae_Large_Cap,Nippon India Mutual Fund
16-07-2017,4044.64410,118701,Mirae_Large_Cap,Nippon India Mutual Fund
15-07-2017,4043.92360,118701,Mirae_Large_Cap,Nippon India Mutual Fund
14-07-2017,4043.20400,118701,Mirae_Large_Cap,Nippon India Mutual Fund
13-07-2017,4042.46600,118701,Mirae_Large_Cap,Nippon India Mutual Fund
12-07-2017,4041.71690,118701,Mirae_Large_Cap,Nippon India Mutual Fund
11-07-2017,4040.98480,118701,Mirae_Large_Cap,Nippon India Mutual Fund
10-07-2017,4040.24640,118701,Mirae_Large_Cap,Nippon India Mutual Fund
09-07-2017,4039.45480,118701,Mirae_Large_Cap,Nippon India Mutual Fund
08-07-2017,4038.74470,118701,Mirae_Large_Cap,Nippon India Mutual Fund
07-07-2017,4038.03380,118701,Mirae_Large_Cap,Nippon India Mutual Fund
06-07-2017,4037.26380,118701,Mirae_Large_Cap,Nippon India Mutual Fund
05-07-2017,4036.53830,118701,Mirae_Large_Cap,Nippon India Mutual Fund
04-07-2017,4035.79800,118701,Mirae_Large_Cap,Nippon India Mutual Fund
03-07-2017,4035.03930,118701,Mirae_Large_Cap,Nippon India Mutual Fund
02-07-2017,4034.31040,118701,Mirae_Large_Cap,Nippon India Mutual Fund
01-07-2017,4033.50070,118701,Mirae_Large_Cap,Nippon India Mutual Fund
30-06-2017,4032.69160,118701,Mirae_Large_Cap,Nippon India Mutual Fund
29-06-2017,4031.91520,118701,Mirae_Large_Cap,Nippon India Mutual Fund
28-06-2017,4031.14870,118701,Mirae_Large_Cap,Nippon India Mutual Fund
27-06-2017,4030.40160,118701,Mirae_Large_Cap,Nippon India Mutual Fund
26-06-2017,4029.67380,118701,Mirae_Large_Cap,Nippon India Mutual Fund
25-06-2017,4028.94390,118701,Mirae_Large_Cap,Nippon India Mutual Fund
24-06-2017,4028.21470,118701,Mirae_Large_Cap,Nippon India Mutual Fund
23-06-2017,4027.48510,118701,Mirae_Large_Cap,Nippon India Mutual Fund
22-06-2017,4026.75990,118701,Mirae_Large_Cap,Nippon India Mutual Fund
21-06-2017,4026.05610,118701,Mirae_Large_Cap,Nippon India Mutual Fund
20-06-2017,4025.33640,118701,Mirae_Large_Cap,Nippon India Mutual Fund
19-06-2017,4024.62910,118701,Mirae_Large_Cap,Nippon India Mutual Fund
18-06-2017,4023.91080,118701,Mirae_Large_Cap,Nippon India Mutual Fund
17-06-2017,4023.17730,118701,Mirae_Large_Cap,Nippon India Mutual Fund
16-06-2017,4022.44350,118701,Mirae_Large_Cap,Nippon India Mutual Fund
15-06-2017,4021.77990,118701,Mirae_Large_Cap,Nippon India Mutual Fund
14-06-2017,4021.06370,118701,Mirae_Large_Cap,Nippon India Mutual Fund
13-06-2017,4020.34380,118701,Mirae_Large_Cap,Nippon India Mutual Fund
12-06-2017,4019.61740,118701,Mirae_Large_Cap,Nippon India Mutual Fund
11-06-2017,4018.91250,118701,Mirae_Large_Cap,Nippon India Mutual Fund
10-06-2017,4018.20130,118701,Mirae_Large_Cap,Nippon India Mutual Fund
09-06-2017,4017.49050,118701,Mirae_Large_Cap,Nippon India Mutual Fund
08-06-2017,4016.75480,118701,Mirae_Large_Cap,Nippon India Mutual Fund
07-06-2017,4016.04090,118701,Mirae_Large_Cap,Nippon India Mutual Fund
06-06-2017,4015.30770,118701,Mirae_Large_Cap,Nippon India Mutual Fund
05-06-2017,4014.60620,118701,Mirae_Large_Cap,Nippon India Mutual Fund
04-06-2017,4013.89250,118701,Mirae_Large_Cap,Nippon India Mutual Fund
03-06-2017,4013.19660,118701,Mirae_Large_Cap,Nippon India Mutual Fund
02-06-2017,4012.50090,118701,Mirae_Large_Cap,Nippon India Mutual Fund
01-06-2017,4011.76220,118701,Mirae_Large_Cap,Nippon India Mutual Fund
31-05-2017,4011.04520,118701,Mirae_Large_Cap,Nippon India Mutual Fund
30-05-2017,4010.30790,118701,Mirae_Large_Cap,Nippon India Mutual Fund
29-05-2017,4009.59380,118701,Mirae_Large_Cap,Nippon India Mutual Fund
28-05-2017,4008.84650,118701,Mirae_Large_Cap,Nippon India Mutual Fund
26-05-2017,4007.44010,118701,Mirae_Large_Cap,Nippon India Mutual Fund
25-05-2017,4006.72220,118701,Mirae_Large_Cap,Nippon India Mutual Fund
24-05-2017,4006.01110,118701,Mirae_Large_Cap,Nippon India Mutual Fund
23-05-2017,4005.28610,118701,Mirae_Large_Cap,Nippon India Mutual Fund
22-05-2017,4004.55900,118701,Mirae_Large_Cap,Nippon India Mutual Fund
21-05-2017,4003.83990,118701,Mirae_Large_Cap,Nippon India Mutual Fund
19-05-2017,4002.46530,118701,Mirae_Large_Cap,Nippon India Mutual Fund
18-05-2017,4001.72930,118701,Mirae_Large_Cap,Nippon India Mutual Fund
17-05-2017,4000.97780,118701,Mirae_Large_Cap,Nippon India Mutual Fund
16-05-2017,4000.26270,118701,Mirae_Large_Cap,Nippon India Mutual Fund
15-05-2017,3999.54100,118701,Mirae_Large_Cap,Nippon India Mutual Fund
14-05-2017,3998.80040,118701,Mirae_Large_Cap,Nippon India Mutual Fund
12-05-2017,3997.36010,118701,Mirae_Large_Cap,Nippon India Mutual Fund
11-05-2017,3996.69710,118701,Mirae_Large_Cap,Nippon India Mutual Fund
10-05-2017,3995.97950,118701,Mirae_Large_Cap,Nippon India Mutual Fund
09-05-2017,3995.28370,118701,Mirae_Large_Cap,Nippon India Mutual Fund
08-05-2017,3994.56560,118701,Mirae_Large_Cap,Nippon India Mutual Fund
07-05-2017,3993.85790,118701,Mirae_Large_Cap,Nippon India Mutual Fund
05-05-2017,3992.41660,118701,Mirae_Large_Cap,Nippon India Mutual Fund
04-05-2017,3991.75380,118701,Mirae_Large_Cap,Nippon India Mutual Fund
03-05-2017,3991.06120,118701,Mirae_Large_Cap,Nippon India Mutual Fund
02-05-2017,3990.34970,118701,Mirae_Large_Cap,Nippon India Mutual Fund
01-05-2017,3989.64340,118701,Mirae_Large_Cap,Nippon India Mutual Fund
28-04-2017,3987.52040,118701,Mirae_Large_Cap,Nippon India Mutual Fund
27-04-2017,3986.81660,118701,Mirae_Large_Cap,Nippon India Mutual Fund
26-04-2017,3986.11070,118701,Mirae_Large_Cap,Nippon India Mutual Fund
25-04-2017,3985.40340,118701,Mirae_Large_Cap,Nippon India Mutual Fund
24-04-2017,3984.69950,118701,Mirae_Large_Cap,Nippon India Mutual Fund
23-04-2017,3984.00240,118701,Mirae_Large_Cap,Nippon India Mutual Fund
21-04-2017,3982.53790,118701,Mirae_Large_Cap,Nippon India Mutual Fund
20-04-2017,3981.87130,118701,Mirae_Large_Cap,Nippon India Mutual Fund
19-04-2017,3981.16890,118701,Mirae_Large_Cap,Nippon India Mutual Fund
18-04-2017,3980.45960,118701,Mirae_Large_Cap,Nippon India Mutual Fund
17-04-2017,3979.75910,118701,Mirae_Large_Cap,Nippon India Mutual Fund
16-04-2017,3979.04560,118701,Mirae_Large_Cap,Nippon India Mutual Fund
13-04-2017,3976.90110,118701,Mirae_Large_Cap,Nippon India Mutual Fund
12-04-2017,3976.21560,118701,Mirae_Large_Cap,Nippon India Mutual Fund
11-04-2017,3975.48130,118701,Mirae_Large_Cap,Nippon India Mutual Fund
10-04-2017,3974.74500,118701,Mirae_Large_Cap,Nippon India Mutual Fund
09-04-2017,3974.02620,118701,Mirae_Large_Cap,Nippon India Mutual Fund
07-04-2017,3972.63650,118701,Mirae_Large_Cap,Nippon India Mutual Fund
06-04-2017,3971.91320,118701,Mirae_Large_Cap,Nippon India Mutual Fund
05-04-2017,3971.23110,118701,Mirae_Large_Cap,Nippon India Mutual Fund
04-04-2017,3970.52950,118701,Mirae_Large_Cap,Nippon India Mutual Fund
03-04-2017,3969.81090,118701,Mirae_Large_Cap,Nippon India Mutual Fund
02-04-2017,3969.03790,118701,Mirae_Large_Cap,Nippon India Mutual Fund
31-03-2017,3967.35770,118701,Mirae_Large_Cap,Nippon India Mutual Fund
30-03-2017,3966.16500,118701,Mirae_Large_Cap,Nippon India Mutual Fund
29-03-2017,3965.38130,118701,Mirae_Large_Cap,Nippon India Mutual Fund
28-03-2017,3964.65620,118701,Mirae_Large_Cap,Nippon India Mutual Fund
27-03-2017,3963.96990,118701,Mirae_Large_Cap,Nippon India Mutual Fund
26-03-2017,3963.22500,118701,Mirae_Large_Cap,Nippon India Mutual Fund
24-03-2017,3961.86120,118701,Mirae_Large_Cap,Nippon India Mutual Fund
23-03-2017,3961.10880,118701,Mirae_Large_Cap,Nippon India Mutual Fund
22-03-2017,3960.40060,118701,Mirae_Large_Cap,Nippon India Mutual Fund
21-03-2017,3959.64140,118701,Mirae_Large_Cap,Nippon India Mutual Fund
20-03-2017,3958.80010,118701,Mirae_Large_Cap,Nippon India Mutual Fund
19-03-2017,3958.08030,118701,Mirae_Large_Cap,Nippon India Mutual Fund
17-03-2017,3956.56200,118701,Mirae_Large_Cap,Nippon India Mutual Fund
16-03-2017,3955.85480,118701,Mirae_Large_Cap,Nippon India Mutual Fund
15-03-2017,3955.13820,118701,Mirae_Large_Cap,Nippon India Mutual Fund
14-03-2017,3954.37450,118701,Mirae_Large_Cap,Nippon India Mutual Fund
13-03-2017,3953.64340,118701,Mirae_Large_Cap,Nippon India Mutual Fund
10-03-2017,3951.51490,118701,Mirae_Large_Cap,Nippon India Mutual Fund
09-03-2017,3950.74500,118701,Mirae_Large_Cap,Nippon India Mutual Fund
08-03-2017,3950.04430,118701,Mirae_Large_Cap,Nippon India Mutual Fund
07-03-2017,3949.33190,118701,Mirae_Large_Cap,Nippon India Mutual Fund
06-03-2017,3948.61680,118701,Mirae_Large_Cap,Nippon India Mutual Fund
05-03-2017,3947.95820,118701,Mirae_Large_Cap,Nippon India Mutual Fund
03-03-2017,3946.58660,118701,Mirae_Large_Cap,Nippon India Mutual Fund
02-03-2017,3945.86170,118701,Mirae_Large_Cap,Nippon India Mutual Fund
01-03-2017,3945.15130,118701,Mirae_Large_Cap,Nippon India Mutual Fund
28-02-2017,3944.44010,118701,Mirae_Large_Cap,Nippon India Mutual Fund
27-02-2017,3943.67640,118701,Mirae_Large_Cap,Nippon India Mutual Fund
26-02-2017,3942.87190,118701,Mirae_Large_Cap,Nippon India Mutual Fund
23-02-2017,3940.75770,118701,Mirae_Large_Cap,Nippon India Mutual Fund
22-02-2017,3940.00470,118701,Mirae_Large_Cap,Nippon India Mutual Fund
21-02-2017,3939.27730,118701,Mirae_Large_Cap,Nippon India Mutual Fund
20-02-2017,3938.57090,118701,Mirae_Large_Cap,Nippon India Mutual Fund
19-02-2017,3937.86200,118701,Mirae_Large_Cap,Nippon India Mutual Fund
17-02-2017,3936.42770,118701,Mirae_Large_Cap,Nippon India Mutual Fund
16-02-2017,3935.64660,118701,Mirae_Large_Cap,Nippon India Mutual Fund
15-02-2017,3934.95900,118701,Mirae_Large_Cap,Nippon India Mutual Fund
14-02-2017,3934.24070,118701,Mirae_Large_Cap,Nippon India Mutual Fund
13-02-2017,3933.53350,118701,Mirae_Large_Cap,Nippon India Mutual Fund
12-02-2017,3932.80140,118701,Mirae_Large_Cap,Nippon India Mutual Fund
10-02-2017,3931.41710,118701,Mirae_Large_Cap,Nippon India Mutual Fund
09-02-2017,3930.67940,118701,Mirae_Large_Cap,Nippon India Mutual Fund
08-02-2017,3929.98290,118701,Mirae_Large_Cap,Nippon India Mutual Fund
07-02-2017,3929.39890,118701,Mirae_Large_Cap,Nippon India Mutual Fund
06-02-2017,3928.69260,118701,Mirae_Large_Cap,Nippon India Mutual Fund
05-02-2017,3927.94530,118701,Mirae_Large_Cap,Nippon India Mutual Fund
03-02-2017,3926.54290,118701,Mirae_Large_Cap,Nippon India Mutual Fund
02-02-2017,3925.83690,118701,Mirae_Large_Cap,Nippon India Mutual Fund
01-02-2017,3925.12800,118701,Mirae_Large_Cap,Nippon India Mutual Fund
31-01-2017,3924.40160,118701,Mirae_Large_Cap,Nippon India Mutual Fund
30-01-2017,3923.67370,118701,Mirae_Large_Cap,Nippon India Mutual Fund
29-01-2017,3922.94640,118701,Mirae_Large_Cap,Nippon India Mutual Fund
27-01-2017,3921.54890,118701,Mirae_Large_Cap,Nippon India Mutual Fund
26-01-2017,3920.82620,118701,Mirae_Large_Cap,Nippon India Mutual Fund
25-01-2017,3920.12800,118701,Mirae_Large_Cap,Nippon India Mutual Fund
24-01-2017,3919.42410,118701,Mirae_Large_Cap,Nippon India Mutual Fund
23-01-2017,3918.71330,118701,Mirae_Large_Cap,Nippon India Mutual Fund
22-01-2017,3917.99020,118701,Mirae_Large_Cap,Nippon India Mutual Fund
20-01-2017,3916.61770,118701,Mirae_Large_Cap,Nippon India Mutual Fund
19-01-2017,3915.89460,118701,Mirae_Large_Cap,Nippon India Mutual Fund
18-01-2017,3915.17510,118701,Mirae_Large_Cap,Nippon India Mutual Fund
17-01-2017,3914.48190,118701,Mirae_Large_Cap,Nippon India Mutual Fund
16-01-2017,3913.79550,118701,Mirae_Large_Cap,Nippon India Mutual Fund
15-01-2017,3913.08440,118701,Mirae_Large_Cap,Nippon India Mutual Fund
13-01-2017,3911.68050,118701,Mirae_Large_Cap,Nippon India Mutual Fund
12-01-2017,3911.03060,118701,Mirae_Large_Cap,Nippon India Mutual Fund
11-01-2017,3910.32480,118701,Mirae_Large_Cap,Nippon India Mutual Fund
10-01-2017,3909.65840,118701,Mirae_Large_Cap,Nippon India Mutual Fund
09-01-2017,3908.94580,118701,Mirae_Large_Cap,Nippon India Mutual Fund
08-01-2017,3908.23160,118701,Mirae_Large_Cap,Nippon India Mutual Fund
06-01-2017,3906.85560,118701,Mirae_Large_Cap,Nippon India Mutual Fund
05-01-2017,3906.15790,118701,Mirae_Large_Cap,Nippon India Mutual Fund
04-01-2017,3905.47870,118701,Mirae_Large_Cap,Nippon India Mutual Fund
03-01-2017,3904.76980,118701,Mirae_Large_Cap,Nippon India Mutual Fund
02-01-2017,3904.03650,118701,Mirae_Large_Cap,Nippon India Mutual Fund
01-01-2017,3903.28510,118701,Mirae_Large_Cap,Nippon India Mutual Fund
30-12-2016,3901.71330,118701,Mirae_Large_Cap,Nippon India Mutual Fund
29-12-2016,3901.02550,118701,Mirae_Large_Cap,Nippon India Mutual Fund
28-12-2016,3900.30190,118701,Mirae_Large_Cap,Nippon India Mutual Fund
27-12-2016,3899.58440,118701,Mirae_Large_Cap,Nippon India Mutual Fund
26-12-2016,3898.90740,118701,Mirae_Large_Cap,Nippon India Mutual Fund
25-12-2016,3898.22350,118701,Mirae_Large_Cap,Nippon India Mutual Fund
23-12-2016,3896.84560,118701,Mirae_Large_Cap,Nippon India Mutual Fund
22-12-2016,3896.15900,118701,Mirae_Large_Cap,Nippon India Mutual Fund
21-12-2016,3895.50800,118701,Mirae_Large_Cap,Nippon India Mutual Fund
20-12-2016,3894.81810,118701,Mirae_Large_Cap,Nippon India Mutual Fund
19-12-2016,3894.12080,118701,Mirae_Large_Cap,Nippon India Mutual Fund
18-12-2016,3893.41430,118701,Mirae_Large_Cap,Nippon India Mutual Fund
16-12-2016,3892.01770,118701,Mirae_Large_Cap,Nippon India Mutual Fund
15-12-2016,3891.37640,118701,Mirae_Large_Cap,Nippon India Mutual Fund
14-12-2016,3890.69200,118701,Mirae_Large_Cap,Nippon India Mutual Fund
13-12-2016,3889.98420,118701,Mirae_Large_Cap,Nippon India Mutual Fund
12-12-2016,3889.26320,118701,Mirae_Large_Cap,Nippon India Mutual Fund
09-12-2016,3887.11830,118701,Mirae_Large_Cap,Nippon India Mutual Fund
08-12-2016,3886.42250,118701,Mirae_Large_Cap,Nippon India Mutual Fund
07-12-2016,3885.74000,118701,Mirae_Large_Cap,Nippon India Mutual Fund
06-12-2016,3885.61260,118701,Mirae_Large_Cap,Nippon India Mutual Fund
05-12-2016,3884.90420,118701,Mirae_Large_Cap,Nippon India Mutual Fund
04-12-2016,3884.19370,118701,Mirae_Large_Cap,Nippon India Mutual Fund
02-12-2016,3882.83150,118701,Mirae_Large_Cap,Nippon India Mutual Fund
01-12-2016,3882.29480,118701,Mirae_Large_Cap,Nippon India Mutual Fund
30-11-2016,3881.59940,118701,Mirae_Large_Cap,Nippon India Mutual Fund
29-11-2016,3880.83910,118701,Mirae_Large_Cap,Nippon India Mutual Fund
28-11-2016,3880.09020,118701,Mirae_Large_Cap,Nippon India Mutual Fund
27-11-2016,3879.55550,118701,Mirae_Large_Cap,Nippon India Mutual Fund
25-11-2016,3878.18070,118701,Mirae_Large_Cap,Nippon India Mutual Fund
24-11-2016,3877.52150,118701,Mirae_Large_Cap,Nippon India Mutual Fund
23-11-2016,3876.61760,118701,Mirae_Large_Cap,Nippon India Mutual Fund
22-11-2016,3875.80650,118701,Mirae_Large_Cap,Nippon India Mutual Fund
21-11-2016,3875.04440,118701,Mirae_Large_Cap,Nippon India Mutual Fund
20-11-2016,3874.27570,118701,Mirae_Large_Cap,Nippon India Mutual Fund
18-11-2016,3872.86650,118701,Mirae_Large_Cap,Nippon India Mutual Fund
17-11-2016,3872.12270,118701,Mirae_Large_Cap,Nippon India Mutual Fund
16-11-2016,3871.39310,118701,Mirae_Large_Cap,Nippon India Mutual Fund
15-11-2016,3870.61260,118701,Mirae_Large_Cap,Nippon India Mutual Fund
14-11-2016,3869.73590,118701,Mirae_Large_Cap,Nippon India Mutual Fund
11-11-2016,3867.59610,118701,Mirae_Large_Cap,Nippon India Mutual Fund
10-11-2016,3866.87180,118701,Mirae_Large_Cap,Nippon India Mutual Fund
09-11-2016,3866.03950,118701,Mirae_Large_Cap,Nippon India Mutual Fund
08-11-2016,3865.28370,118701,Mirae_Large_Cap,Nippon India Mutual Fund
07-11-2016,3864.57170,118701,Mirae_Large_Cap,Nippon India Mutual Fund
06-11-2016,3863.84620,118701,Mirae_Large_Cap,Nippon India Mutual Fund
04-11-2016,3862.43150,118701,Mirae_Large_Cap,Nippon India Mutual Fund
03-11-2016,3861.70100,118701,Mirae_Large_Cap,Nippon India Mutual Fund
02-11-2016,3860.98020,118701,Mirae_Large_Cap,Nippon India Mutual Fund
01-11-2016,3860.25690,118701,Mirae_Large_Cap,Nippon India Mutual Fund
31-10-2016,3859.54570,118701,Mirae_Large_Cap,Nippon India Mutual Fund
28-10-2016,3857.20710,118701,Mirae_Large_Cap,Nippon India Mutual Fund
27-10-2016,3856.58830,118701,Mirae_Large_Cap,Nippon India Mutual Fund
26-10-2016,3855.87000,118701,Mirae_Large_Cap,Nippon India Mutual Fund
25-10-2016,3855.15510,118701,Mirae_Large_Cap,Nippon India Mutual Fund
24-10-2016,3854.45640,118701,Mirae_Large_Cap,Nippon India Mutual Fund
23-10-2016,3853.75800,118701,Mirae_Large_Cap,Nippon India Mutual Fund
21-10-2016,3852.31460,118701,Mirae_Large_Cap,Nippon India Mutual Fund
20-10-2016,3851.63400,118701,Mirae_Large_Cap,Nippon India Mutual Fund
19-10-2016,3850.92370,118701,Mirae_Large_Cap,Nippon India Mutual Fund
18-10-2016,3850.19670,118701,Mirae_Large_Cap,Nippon India Mutual Fund
17-10-2016,3849.47250,118701,Mirae_Large_Cap,Nippon India Mutual Fund
16-10-2016,3848.76440,118701,Mirae_Large_Cap,Nippon India Mutual Fund
14-10-2016,3847.31170,118701,Mirae_Large_Cap,Nippon India Mutual Fund
13-10-2016,3846.66070,118701,Mirae_Large_Cap,Nippon India Mutual Fund
12-10-2016,3845.94810,118701,Mirae_Large_Cap,Nippon India Mutual Fund
10-10-2016,3844.53860,118701,Mirae_Large_Cap,Nippon India Mutual Fund
09-10-2016,3843.82970,118701,Mirae_Large_Cap,Nippon India Mutual Fund
07-10-2016,3842.40360,118701,Mirae_Large_Cap,Nippon India Mutual Fund
06-10-2016,3841.67970,118701,Mirae_Large_Cap,Nippon India Mutual Fund
05-10-2016,3840.96780,118701,Mirae_Large_Cap,Nippon India Mutual Fund
04-10-2016,3840.22970,118701,Mirae_Large_Cap,Nippon India Mutual Fund
03-10-2016,3839.48470,118701,Mirae_Large_Cap,Nippon India Mutual Fund
02-10-2016,3838.67160,118701,Mirae_Large_Cap,Nippon India Mutual Fund
30-09-2016,3837.09800,118701,Mirae_Large_Cap,Nippon India Mutual Fund
29-09-2016,3836.20720,118701,Mirae_Large_Cap,Nippon India Mutual Fund
28-09-2016,3835.43490,118701,Mirae_Large_Cap,Nippon India Mutual Fund
27-09-2016,3834.69340,118701,Mirae_Large_Cap,Nippon India Mutual Fund
26-09-2016,3833.94860,118701,Mirae_Large_Cap,Nippon India Mutual Fund
25-09-2016,3833.21340,118701,Mirae_Large_Cap,Nippon India Mutual Fund
23-09-2016,3831.78030,118701,Mirae_Large_Cap,Nippon India Mutual Fund
22-09-2016,3831.03910,118701,Mirae_Large_Cap,Nippon India Mutual Fund
21-09-2016,3830.32680,118701,Mirae_Large_Cap,Nippon India Mutual Fund
20-09-2016,3829.59940,118701,Mirae_Large_Cap,Nippon India Mutual Fund
19-09-2016,3828.87810,118701,Mirae_Large_Cap,Nippon India Mutual Fund
18-09-2016,3828.15010,118701,Mirae_Large_Cap,Nippon India Mutual Fund
16-09-2016,3826.73660,118701,Mirae_Large_Cap,Nippon India Mutual Fund
15-09-2016,3826.00730,118701,Mirae_Large_Cap,Nippon India Mutual Fund
14-09-2016,3825.27940,118701,Mirae_Large_Cap,Nippon India Mutual Fund
13-09-2016,3824.54670,118701,Mirae_Large_Cap,Nippon India Mutual Fund
12-09-2016,3823.85060,118701,Mirae_Large_Cap,Nippon India Mutual Fund
11-09-2016,3823.13070,118701,Mirae_Large_Cap,Nippon India Mutual Fund
09-09-2016,3821.73630,118701,Mirae_Large_Cap,Nippon India Mutual Fund
08-09-2016,3820.99610,118701,Mirae_Large_Cap,Nippon India Mutual Fund
07-09-2016,3820.28890,118701,Mirae_Large_Cap,Nippon India Mutual Fund
06-09-2016,3819.57560,118701,Mirae_Large_Cap,Nippon India Mutual Fund
05-09-2016,3818.84620,118701,Mirae_Large_Cap,Nippon India Mutual Fund
02-09-2016,3816.70690,118701,Mirae_Large_Cap,Nippon India Mutual Fund
01-09-2016,3816.00500,118701,Mirae_Large_Cap,Nippon India Mutual Fund
31-08-2016,3815.27770,118701,Mirae_Large_Cap,Nippon India Mutual Fund
30-08-2016,3814.52110,118701,Mirae_Large_Cap,Nippon India Mutual Fund
29-08-2016,3813.80390,118701,Mirae_Large_Cap,Nippon India Mutual Fund
28-08-2016,3813.07230,118701,Mirae_Large_Cap,Nippon India Mutual Fund
26-08-2016,3811.62710,118701,Mirae_Large_Cap,Nippon India Mutual Fund
25-08-2016,3810.92600,118701,Mirae_Large_Cap,Nippon India Mutual Fund
24-08-2016,3810.18350,118701,Mirae_Large_Cap,Nippon India Mutual Fund
23-08-2016,3809.43640,118701,Mirae_Large_Cap,Nippon India Mutual Fund
22-08-2016,3808.71090,118701,Mirae_Large_Cap,Nippon India Mutual Fund
21-08-2016,3807.98220,118701,Mirae_Large_Cap,Nippon India Mutual Fund
19-08-2016,3806.54960,118701,Mirae_Large_Cap,Nippon India Mutual Fund
18-08-2016,3805.79970,118701,Mirae_Large_Cap,Nippon India Mutual Fund
17-08-2016,3805.05650,118701,Mirae_Large_Cap,Nippon India Mutual Fund
16-08-2016,3804.34060,118701,Mirae_Large_Cap,Nippon India Mutual Fund
15-08-2016,3803.60170,118701,Mirae_Large_Cap,Nippon India Mutual Fund
12-08-2016,3801.39460,118701,Mirae_Large_Cap,Nippon India Mutual Fund
11-08-2016,3800.66870,118701,Mirae_Large_Cap,Nippon India Mutual Fund
10-08-2016,3799.92240,118701,Mirae_Large_Cap,Nippon India Mutual Fund
09-08-2016,3799.16200,118701,Mirae_Large_Cap,Nippon India Mutual Fund
08-08-2016,3798.42290,118701,Mirae_Large_Cap,Nippon India Mutual Fund
07-08-2016,3797.66780,118701,Mirae_Large_Cap,Nippon India Mutual Fund
05-08-2016,3796.22770,118701,Mirae_Large_Cap,Nippon India Mutual Fund
04-08-2016,3795.46110,118701,Mirae_Large_Cap,Nippon India Mutual Fund
03-08-2016,3794.74290,118701,Mirae_Large_Cap,Nippon India Mutual Fund
02-08-2016,3794.00300,118701,Mirae_Large_Cap,Nippon India Mutual Fund
01-08-2016,3793.25960,118701,Mirae_Large_Cap,Nippon India Mutual Fund
31-07-2016,3792.48990,118701,Mirae_Large_Cap,Nippon India Mutual Fund
29-07-2016,3791.05500,118701,Mirae_Large_Cap,Nippon India Mutual Fund
28-07-2016,3790.29770,118701,Mirae_Large_Cap,Nippon India Mutual Fund
27-07-2016,3789.54170,118701,Mirae_Large_Cap,Nippon India Mutual Fund
26-07-2016,3788.79040,118701,Mirae_Large_Cap,Nippon India Mutual Fund
25-07-2016,3788.04890,118701,Mirae_Large_Cap,Nippon India Mutual Fund
24-07-2016,3787.30500,118701,Mirae_Large_Cap,Nippon India Mutual Fund
22-07-2016,3785.84180,118701,Mirae_Large_Cap,Nippon India Mutual Fund
21-07-2016,3785.03980,118701,Mirae_Large_Cap,Nippon India Mutual Fund
20-07-2016,3784.29740,118701,Mirae_Large_Cap,Nippon India Mutual Fund
19-07-2016,3783.53800,118701,Mirae_Large_Cap,Nippon India Mutual Fund
18-07-2016,3782.76840,118701,Mirae_Large_Cap,Nippon India Mutual Fund
17-07-2016,3781.99430,118701,Mirae_Large_Cap,Nippon India Mutual Fund
15-07-2016,3780.54080,118701,Mirae_Large_Cap,Nippon India Mutual Fund
14-07-2016,3779.77000,118701,Mirae_Large_Cap,Nippon India Mutual Fund
13-07-2016,3778.98110,118701,Mirae_Large_Cap,Nippon India Mutual Fund
12-07-2016,3778.19070,118701,Mirae_Large_Cap,Nippon India Mutual Fund
11-07-2016,3777.41500,118701,Mirae_Large_Cap,Nippon India Mutual Fund
10-07-2016,3776.64890,118701,Mirae_Large_Cap,Nippon India Mutual Fund
08-07-2016,3775.17230,118701,Mirae_Large_Cap,Nippon India Mutual Fund
07-07-2016,3774.35760,118701,Mirae_Large_Cap,Nippon India Mutual Fund
06-07-2016,3773.59440,118701,Mirae_Large_Cap,Nippon India Mutual Fund
05-07-2016,3772.72480,118701,Mirae_Large_Cap,Nippon India Mutual Fund
04-07-2016,3772.01510,118701,Mirae_Large_Cap,Nippon India Mutual Fund
03-07-2016,3771.21210,118701,Mirae_Large_Cap,Nippon India Mutual Fund
01-07-2016,3769.64230,118701,Mirae_Large_Cap,Nippon India Mutual Fund
30-06-2016,3768.79090,118701,Mirae_Large_Cap,Nippon India Mutual Fund
29-06-2016,3767.76700,118701,Mirae_Large_Cap,Nippon India Mutual Fund
28-06-2016,3766.94960,118701,Mirae_Large_Cap,Nippon India Mutual Fund
27-06-2016,3766.15320,118701,Mirae_Large_Cap,Nippon India Mutual Fund
26-06-2016,3765.28490,118701,Mirae_Large_Cap,Nippon India Mutual Fund
24-06-2016,3763.77130,118701,Mirae_Large_Cap,Nippon India Mutual Fund
23-06-2016,3762.99860,118701,Mirae_Large_Cap,Nippon India Mutual Fund
22-06-2016,3762.24380,118701,Mirae_Large_Cap,Nippon India Mutual Fund
21-06-2016,3761.47380,118701,Mirae_Large_Cap,Nippon India Mutual Fund
20-06-2016,3760.70570,118701,Mirae_Large_Cap,Nippon India Mutual Fund
19-06-2016,3759.95990,118701,Mirae_Large_Cap,Nippon India Mutual Fund
17-06-2016,3758.45410,118701,Mirae_Large_Cap,Nippon India Mutual Fund
16-06-2016,3757.69120,118701,Mirae_Large_Cap,Nippon India Mutual Fund
15-06-2016,3756.94050,118701,Mirae_Large_Cap,Nippon India Mutual Fund
14-06-2016,3756.11670,118701,Mirae_Large_Cap,Nippon India Mutual Fund
13-06-2016,3755.29570,118701,Mirae_Large_Cap,Nippon India Mutual Fund
12-06-2016,3754.47710,118701,Mirae_Large_Cap,Nippon India Mutual Fund
10-06-2016,3752.94290,118701,Mirae_Large_Cap,Nippon India Mutual Fund
09-06-2016,3752.14430,118701,Mirae_Large_Cap,Nippon India Mutual Fund
08-06-2016,3751.37470,118701,Mirae_Large_Cap,Nippon India Mutual Fund
07-06-2016,3750.59210,118701,Mirae_Large_Cap,Nippon India Mutual Fund
06-06-2016,3749.76980,118701,Mirae_Large_Cap,Nippon India Mutual Fund
05-06-2016,3748.96720,118701,Mirae_Large_Cap,Nippon India Mutual Fund
03-06-2016,3747.42900,118701,Mirae_Large_Cap,Nippon India Mutual Fund
02-06-2016,3746.63120,118701,Mirae_Large_Cap,Nippon India Mutual Fund
01-06-2016,3745.83410,118701,Mirae_Large_Cap,Nippon India Mutual Fund
31-05-2016,3745.02970,118701,Mirae_Large_Cap,Nippon India Mutual Fund
30-05-2016,3744.22020,118701,Mirae_Large_Cap,Nippon India Mutual Fund
29-05-2016,3743.42130,118701,Mirae_Large_Cap,Nippon India Mutual Fund
27-05-2016,3741.87690,118701,Mirae_Large_Cap,Nippon India Mutual Fund
26-05-2016,3741.05320,118701,Mirae_Large_Cap,Nippon India Mutual Fund
25-05-2016,3740.25620,118701,Mirae_Large_Cap,Nippon India Mutual Fund
24-05-2016,3739.43900,118701,Mirae_Large_Cap,Nippon India Mutual Fund
23-05-2016,3738.64710,118701,Mirae_Large_Cap,Nippon India Mutual Fund
22-05-2016,3737.85250,118701,Mirae_Large_Cap,Nippon India Mutual Fund
20-05-2016,3736.28000,118701,Mirae_Large_Cap,Nippon India Mutual Fund
19-05-2016,3735.47450,118701,Mirae_Large_Cap,Nippon India Mutual Fund
18-05-2016,3734.66650,118701,Mirae_Large_Cap,Nippon India Mutual Fund
17-05-2016,3733.83140,118701,Mirae_Large_Cap,Nippon India Mutual Fund
16-05-2016,3733.02120,118701,Mirae_Large_Cap,Nippon India Mutual Fund
15-05-2016,3732.19510,118701,Mirae_Large_Cap,Nippon India Mutual Fund
13-05-2016,3730.64630,118701,Mirae_Large_Cap,Nippon India Mutual Fund
12-05-2016,3729.83720,118701,Mirae_Large_Cap,Nippon India Mutual Fund
11-05-2016,3729.02950,118701,Mirae_Large_Cap,Nippon India Mutual Fund
10-05-2016,3728.21780,118701,Mirae_Large_Cap,Nippon India Mutual Fund
09-05-2016,3727.41990,118701,Mirae_Large_Cap,Nippon India Mutual Fund
08-05-2016,3726.60460,118701,Mirae_Large_Cap,Nippon India Mutual Fund
06-05-2016,3725.01060,118701,Mirae_Large_Cap,Nippon India Mutual Fund
05-05-2016,3724.18820,118701,Mirae_Large_Cap,Nippon India Mutual Fund
04-05-2016,3723.38830,118701,Mirae_Large_Cap,Nippon India Mutual Fund
03-05-2016,3722.57020,118701,Mirae_Large_Cap,Nippon India Mutual Fund
02-05-2016,3721.74970,118701,Mirae_Large_Cap,Nippon India Mutual Fund
01-05-2016,3720.91610,118701,Mirae_Large_Cap,Nippon India Mutual Fund
29-04-2016,3719.33310,118701,Mirae_Large_Cap,Nippon India Mutual Fund
28-04-2016,3718.50490,118701,Mirae_Large_Cap,Nippon India Mutual Fund
27-04-2016,3717.68700,118701,Mirae_Large_Cap,Nippon India Mutual Fund
26-04-2016,3716.87290,118701,Mirae_Large_Cap,Nippon India Mutual Fund
25-04-2016,3716.08260,118701,Mirae_Large_Cap,Nippon India Mutual Fund
24-04-2016,3715.27210,118701,Mirae_Large_Cap,Nippon India Mutual Fund
22-04-2016,3713.65900,118701,Mirae_Large_Cap,Nippon India Mutual Fund
21-04-2016,3712.86250,118701,Mirae_Large_Cap,Nippon India Mutual Fund
20-04-2016,3712.05130,118701,Mirae_Large_Cap,Nippon India Mutual Fund
19-04-2016,3711.23660,118701,Mirae_Large_Cap,Nippon India Mutual Fund
18-04-2016,3710.43120,118701,Mirae_Large_Cap,Nippon India Mutual Fund
17-04-2016,3709.60530,118701,Mirae_Large_Cap,Nippon India Mutual Fund
13-04-2016,3706.37170,118701,Mirae_Large_Cap,Nippon India Mutual Fund
12-04-2016,3705.57550,118701,Mirae_Large_Cap,Nippon India Mutual Fund
11-04-2016,3704.76000,118701,Mirae_Large_Cap,Nippon India Mutual Fund
10-04-2016,3703.92750,118701,Mirae_Large_Cap,Nippon India Mutual Fund
07-04-2016,3701.48690,118701,Mirae_Large_Cap,Nippon India Mutual Fund
06-04-2016,3700.65030,118701,Mirae_Large_Cap,Nippon India Mutual Fund
05-04-2016,3699.76950,118701,Mirae_Large_Cap,Nippon India Mutual Fund
04-04-2016,3698.70730,118701,Mirae_Large_Cap,Nippon India Mutual Fund
03-04-2016,3697.75590,118701,Mirae_Large_Cap,Nippon India Mutual Fund
31-03-2016,3695.01560,118701,Mirae_Large_Cap,Nippon India Mutual Fund
30-03-2016,3691.60040,118701,Mirae_Large_Cap,Nippon India Mutual Fund
29-03-2016,3690.64500,118701,Mirae_Large_Cap,Nippon India Mutual Fund
28-03-2016,3689.80840,118701,Mirae_Large_Cap,Nippon India Mutual Fund
27-03-2016,3688.99870,118701,Mirae_Large_Cap,Nippon India Mutual Fund
23-03-2016,3685.58830,118701,Mirae_Large_Cap,Nippon India Mutual Fund
22-03-2016,3684.79980,118701,Mirae_Large_Cap,Nippon India Mutual Fund
21-03-2016,3683.98620,118701,Mirae_Large_Cap,Nippon India Mutual Fund
20-03-2016,3683.13050,118701,Mirae_Large_Cap,Nippon India Mutual Fund
18-03-2016,3681.46680,118701,Mirae_Large_Cap,Nippon India Mutual Fund
17-03-2016,3680.65770,118701,Mirae_Large_Cap,Nippon India Mutual Fund
16-03-2016,3679.81620,118701,Mirae_Large_Cap,Nippon India Mutual Fund
15-03-2016,3678.92230,118701,Mirae_Large_Cap,Nippon India Mutual Fund
14-03-2016,3678.06420,118701,Mirae_Large_Cap,Nippon India Mutual Fund
13-03-2016,3677.14710,118701,Mirae_Large_Cap,Nippon India Mutual Fund
11-03-2016,3675.51590,118701,Mirae_Large_Cap,Nippon India Mutual Fund
10-03-2016,3674.71310,118701,Mirae_Large_Cap,Nippon India Mutual Fund
09-03-2016,3673.88670,118701,Mirae_Large_Cap,Nippon India Mutual Fund
08-03-2016,3673.16830,118701,Mirae_Large_Cap,Nippon India Mutual Fund
07-03-2016,3672.37980,118701,Mirae_Large_Cap,Nippon India Mutual Fund
04-03-2016,3669.96270,118701,Mirae_Large_Cap,Nippon India Mutual Fund
03-03-2016,3669.13760,118701,Mirae_Large_Cap,Nippon India Mutual Fund
02-03-2016,3668.31510,118701,Mirae_Large_Cap,Nippon India Mutual Fund
01-03-2016,3667.47260,118701,Mirae_Large_Cap,Nippon India Mutual Fund
29-02-2016,3666.66470,118701,Mirae_Large_Cap,Nippon India Mutual Fund
28-02-2016,3665.73110,118701,Mirae_Large_Cap,Nippon India Mutual Fund
26-02-2016,3664.17240,118701,Mirae_Large_Cap,Nippon India Mutual Fund
25-02-2016,3663.54840,118701,Mirae_Large_Cap,Nippon India Mutual Fund
24-02-2016,3662.80860,118701,Mirae_Large_Cap,Nippon India Mutual Fund
23-02-2016,3662.04360,118701,Mirae_Large_Cap,Nippon India Mutual Fund
22-02-2016,3661.30340,118701,Mirae_Large_Cap,Nippon India Mutual Fund
21-02-2016,3660.54610,118701,Mirae_Large_Cap,Nippon India Mutual Fund
18-02-2016,3658.25270,118701,Mirae_Large_Cap,Nippon India Mutual Fund
17-02-2016,3657.50170,118701,Mirae_Large_Cap,Nippon India Mutual Fund
16-02-2016,3656.72570,118701,Mirae_Large_Cap,Nippon India Mutual Fund
15-02-2016,3655.94970,118701,Mirae_Large_Cap,Nippon India Mutual Fund
14-02-2016,3655.18460,118701,Mirae_Large_Cap,Nippon India Mutual Fund
12-02-2016,3653.67010,118701,Mirae_Large_Cap,Nippon India Mutual Fund
11-02-2016,3652.90520,118701,Mirae_Large_Cap,Nippon India Mutual Fund
10-02-2016,3652.11520,118701,Mirae_Large_Cap,Nippon India Mutual Fund
09-02-2016,3651.35380,118701,Mirae_Large_Cap,Nippon India Mutual Fund
08-02-2016,3650.56970,118701,Mirae_Large_Cap,Nippon India Mutual Fund
07-02-2016,3649.78440,118701,Mirae_Large_Cap,Nippon India Mutual Fund
05-02-2016,3648.29550,118701,Mirae_Large_Cap,Nippon India Mutual Fund
04-02-2016,3647.53710,118701,Mirae_Large_Cap,Nippon India Mutual Fund
03-02-2016,3646.79590,118701,Mirae_Large_Cap,Nippon India Mutual Fund
02-02-2016,3646.04540,118701,Mirae_Large_Cap,Nippon India Mutual Fund
01-02-2016,3645.30300,118701,Mirae_Large_Cap,Nippon India Mutual Fund
31-01-2016,3644.54470,118701,Mirae_Large_Cap,Nippon India Mutual Fund
29-01-2016,3643.06010,118701,Mirae_Large_Cap,Nippon India Mutual Fund
28-01-2016,3642.28580,118701,Mirae_Large_Cap,Nippon India Mutual Fund
27-01-2016,3641.56550,118701,Mirae_Large_Cap,Nippon India Mutual Fund
26-01-2016,3640.82300,118701,Mirae_Large_Cap,Nippon India Mutual Fund
25-01-2016,3640.08360,118701,Mirae_Large_Cap,Nippon India Mutual Fund
24-01-2016,3639.32470,118701,Mirae_Large_Cap,Nippon India Mutual Fund
22-01-2016,3637.84580,118701,Mirae_Large_Cap,Nippon India Mutual Fund
21-01-2016,3637.13990,118701,Mirae_Large_Cap,Nippon India Mutual Fund
20-01-2016,3636.41900,118701,Mirae_Large_Cap,Nippon India Mutual Fund
19-01-2016,3635.67930,118701,Mirae_Large_Cap,Nippon India Mutual Fund
18-01-2016,3634.98090,118701,Mirae_Large_Cap,Nippon India Mutual Fund
17-01-2016,3634.23460,118701,Mirae_Large_Cap,Nippon India Mutual Fund
15-01-2016,3632.75580,118701,Mirae_Large_Cap,Nippon India Mutual Fund
14-01-2016,3632.03380,118701,Mirae_Large_Cap,Nippon India Mutual Fund
13-01-2016,3631.30400,118701,Mirae_Large_Cap,Nippon India Mutual Fund
12-01-2016,3630.55110,118701,Mirae_Large_Cap,Nippon India Mutual Fund
11-01-2016,3629.81330,118701,Mirae_Large_Cap,Nippon India Mutual Fund
10-01-2016,3629.05830,118701,Mirae_Large_Cap,Nippon India Mutual Fund
08-01-2016,3627.57530,118701,Mirae_Large_Cap,Nippon India Mutual Fund
07-01-2016,3626.82660,118701,Mirae_Large_Cap,Nippon India Mutual Fund
06-01-2016,3626.08930,118701,Mirae_Large_Cap,Nippon India Mutual Fund
05-01-2016,3625.33680,118701,Mirae_Large_Cap,Nippon India Mutual Fund
04-01-2016,3624.59180,118701,Mirae_Large_Cap,Nippon India Mutual Fund
03-01-2016,3623.83480,118701,Mirae_Large_Cap,Nippon India Mutual Fund
01-01-2016,3622.32960,118701,Mirae_Large_Cap,Nippon India Mutual Fund
31-12-2015,3621.52200,118701,Mirae_Large_Cap,Nippon India Mutual Fund
30-12-2015,3620.70080,118701,Mirae_Large_Cap,Nippon India Mutual Fund
29-12-2015,3619.84450,118701,Mirae_Large_Cap,Nippon India Mutual Fund
28-12-2015,3619.08570,118701,Mirae_Large_Cap,Nippon India Mutual Fund
27-12-2015,3618.33160,118701,Mirae_Large_Cap,Nippon India Mutual Fund
23-12-2015,3615.29760,118701,Mirae_Large_Cap,Nippon India Mutual Fund
22-12-2015,3614.61190,118701,Mirae_Large_Cap,Nippon India Mutual Fund
21-12-2015,3613.86320,118701,Mirae_Large_Cap,Nippon India Mutual Fund
20-12-2015,3613.08800,118701,Mirae_Large_Cap,Nippon India Mutual Fund
18-12-2015,3611.59240,118701,Mirae_Large_Cap,Nippon India Mutual Fund
17-12-2015,3610.82490,118701,Mirae_Large_Cap,Nippon India Mutual Fund
16-12-2015,3610.05220,118701,Mirae_Large_Cap,Nippon India Mutual Fund
15-12-2015,3609.28490,118701,Mirae_Large_Cap,Nippon India Mutual Fund
14-12-2015,3608.55430,118701,Mirae_Large_Cap,Nippon India Mutual Fund
13-12-2015,3607.84770,118701,Mirae_Large_Cap,Nippon India Mutual Fund
11-12-2015,3606.41040,118701,Mirae_Large_Cap,Nippon India Mutual Fund
10-12-2015,3605.70720,118701,Mirae_Large_Cap,Nippon India Mutual Fund
09-12-2015,3604.98270,118701,Mirae_Large_Cap,Nippon India Mutual Fund
08-12-2015,3604.30420,118701,Mirae_Large_Cap,Nippon India Mutual Fund
07-12-2015,3603.57030,118701,Mirae_Large_Cap,Nippon India Mutual Fund
06-12-2015,3602.85880,118701,Mirae_Large_Cap,Nippon India Mutual Fund
04-12-2015,3601.40360,118701,Mirae_Large_Cap,Nippon India Mutual Fund
03-12-2015,3600.69940,118701,Mirae_Large_Cap,Nippon India Mutual Fund
02-12-2015,3599.95180,118701,Mirae_Large_Cap,Nippon India Mutual Fund
01-12-2015,3599.25150,118701,Mirae_Large_Cap,Nippon India Mutual Fund
30-11-2015,3598.53710,118701,Mirae_Large_Cap,Nippon India Mutual Fund
29-11-2015,3597.78450,118701,Mirae_Large_Cap,Nippon India Mutual Fund
27-11-2015,3596.28220,118701,Mirae_Large_Cap,Nippon India Mutual Fund
26-11-2015,3595.60050,118701,Mirae_Large_Cap,Nippon India Mutual Fund
25-11-2015,3594.86440,118701,Mirae_Large_Cap,Nippon India Mutual Fund
24-11-2015,3594.12900,118701,Mirae_Large_Cap,Nippon India Mutual Fund
23-11-2015,3593.38930,118701,Mirae_Large_Cap,Nippon India Mutual Fund
22-11-2015,3592.65900,118701,Mirae_Large_Cap,Nippon India Mutual Fund
20-11-2015,3591.19780,118701,Mirae_Large_Cap,Nippon India Mutual Fund
19-11-2015,3590.46420,118701,Mirae_Large_Cap,Nippon India Mutual Fund
18-11-2015,3589.72680,118701,Mirae_Large_Cap,Nippon India Mutual Fund
17-11-2015,3588.97050,118701,Mirae_Large_Cap,Nippon India Mutual Fund
16-11-2015,3588.22840,118701,Mirae_Large_Cap,Nippon India Mutual Fund
15-11-2015,3587.48610,118701,Mirae_Large_Cap,Nippon India Mutual Fund
13-11-2015,3586.01110,118701,Mirae_Large_Cap,Nippon India Mutual Fund
12-11-2015,3585.28970,118701,Mirae_Large_Cap,Nippon India Mutual Fund
10-11-2015,3583.81500,118701,Mirae_Large_Cap,Nippon India Mutual Fund
09-11-2015,3583.08840,118701,Mirae_Large_Cap,Nippon India Mutual Fund
08-11-2015,3582.34500,118701,Mirae_Large_Cap,Nippon India Mutual Fund
06-11-2015,3580.85610,118701,Mirae_Large_Cap,Nippon India Mutual Fund
05-11-2015,3580.13320,118701,Mirae_Large_Cap,Nippon India Mutual Fund
04-11-2015,3579.40070,118701,Mirae_Large_Cap,Nippon India Mutual Fund
03-11-2015,3578.65880,118701,Mirae_Large_Cap,Nippon India Mutual Fund
02-11-2015,3577.92280,118701,Mirae_Large_Cap,Nippon India Mutual Fund
01-11-2015,3577.17550,118701,Mirae_Large_Cap,Nippon India Mutual Fund
30-10-2015,3575.70240,118701,Mirae_Large_Cap,Nippon India Mutual Fund
29-10-2015,3574.95870,118701,Mirae_Large_Cap,Nippon India Mutual Fund
28-10-2015,3574.21150,118701,Mirae_Large_Cap,Nippon India Mutual Fund
27-10-2015,3573.47490,118701,Mirae_Large_Cap,Nippon India Mutual Fund
26-10-2015,3572.72670,118701,Mirae_Large_Cap,Nippon India Mutual Fund
25-10-2015,3571.98600,118701,Mirae_Large_Cap,Nippon India Mutual Fund
23-10-2015,3570.50520,118701,Mirae_Large_Cap,Nippon India Mutual Fund
22-10-2015,3569.75190,118701,Mirae_Large_Cap,Nippon India Mutual Fund
21-10-2015,3569.01440,118701,Mirae_Large_Cap,Nippon India Mutual Fund
20-10-2015,3568.27360,118701,Mirae_Large_Cap,Nippon India Mutual Fund
19-10-2015,3567.52640,118701,Mirae_Large_Cap,Nippon India Mutual Fund
18-10-2015,3566.77470,118701,Mirae_Large_Cap,Nippon India Mutual Fund
16-10-2015,3565.27850,118701,Mirae_Large_Cap,Nippon India Mutual Fund
15-10-2015,3564.56690,118701,Mirae_Large_Cap,Nippon India Mutual Fund
14-10-2015,3563.82080,118701,Mirae_Large_Cap,Nippon India Mutual Fund
13-10-2015,3563.08010,118701,Mirae_Large_Cap,Nippon India Mutual Fund
12-10-2015,3562.34180,118701,Mirae_Large_Cap,Nippon India Mutual Fund
11-10-2015,3561.59010,118701,Mirae_Large_Cap,Nippon India Mutual Fund
09-10-2015,3560.10590,118701,Mirae_Large_Cap,Nippon India Mutual Fund
08-10-2015,3559.36550,118701,Mirae_Large_Cap,Nippon India Mutual Fund
07-10-2015,3558.61110,118701,Mirae_Large_Cap,Nippon India Mutual Fund
06-10-2015,3557.86150,118701,Mirae_Large_Cap,Nippon India Mutual Fund
05-10-2015,3557.08010,118701,Mirae_Large_Cap,Nippon India Mutual Fund
04-10-2015,3556.29800,118701,Mirae_Large_Cap,Nippon India Mutual Fund
01-10-2015,3553.99380,118701,Mirae_Large_Cap,Nippon India Mutual Fund
30-09-2015,3553.24960,118701,Mirae_Large_Cap,Nippon India Mutual Fund
29-09-2015,3552.37820,118701,Mirae_Large_Cap,Nippon India Mutual Fund
28-09-2015,3551.43680,118701,Mirae_Large_Cap,Nippon India Mutual Fund
27-09-2015,3550.68410,118701,Mirae_Large_Cap,Nippon India Mutual Fund
24-09-2015,3548.39160,118701,Mirae_Large_Cap,Nippon India Mutual Fund
23-09-2015,3547.68140,118701,Mirae_Large_Cap,Nippon India Mutual Fund
22-09-2015,3546.94050,118701,Mirae_Large_Cap,Nippon India Mutual Fund
21-09-2015,3546.17420,118701,Mirae_Large_Cap,Nippon India Mutual Fund
20-09-2015,3545.42270,118701,Mirae_Large_Cap,Nippon India Mutual Fund
18-09-2015,3543.90860,118701,Mirae_Large_Cap,Nippon India Mutual Fund
17-09-2015,3543.18680,118701,Mirae_Large_Cap,Nippon India Mutual Fund
16-09-2015,3542.44930,118701,Mirae_Large_Cap,Nippon India Mutual Fund
15-09-2015,3541.73050,118701,Mirae_Large_Cap,Nippon India Mutual Fund
14-09-2015,3540.99190,118701,Mirae_Large_Cap,Nippon India Mutual Fund
13-09-2015,3540.26530,118701,Mirae_Large_Cap,Nippon India Mutual Fund
11-09-2015,3538.78920,118701,Mirae_Large_Cap,Nippon India Mutual Fund
10-09-2015,3538.04080,118701,Mirae_Large_Cap,Nippon India Mutual Fund
09-09-2015,3537.40140,118701,Mirae_Large_Cap,Nippon India Mutual Fund
08-09-2015,3536.66120,118701,Mirae_Large_Cap,Nippon India Mutual Fund
07-09-2015,3535.93100,118701,Mirae_Large_Cap,Nippon India Mutual Fund
06-09-2015,3535.19280,118701,Mirae_Large_Cap,Nippon India Mutual Fund
04-09-2015,3533.69700,118701,Mirae_Large_Cap,Nippon India Mutual Fund
03-09-2015,3532.97300,118701,Mirae_Large_Cap,Nippon India Mutual Fund
02-09-2015,3532.24110,118701,Mirae_Large_Cap,Nippon India Mutual Fund
01-09-2015,3531.50620,118701,Mirae_Large_Cap,Nippon India Mutual Fund
31-08-2015,3530.76040,118701,Mirae_Large_Cap,Nippon India Mutual Fund
30-08-2015,3530.00860,118701,Mirae_Large_Cap,Nippon India Mutual Fund
28-08-2015,3528.52160,118701,Mirae_Large_Cap,Nippon India Mutual Fund
27-08-2015,3527.77620,118701,Mirae_Large_Cap,Nippon India Mutual Fund
26-08-2015,3527.04340,118701,Mirae_Large_Cap,Nippon India Mutual Fund
25-08-2015,3526.30280,118701,Mirae_Large_Cap,Nippon India Mutual Fund
24-08-2015,3525.56150,118701,Mirae_Large_Cap,Nippon India Mutual Fund
23-08-2015,3524.82870,118701,Mirae_Large_Cap,Nippon India Mutual Fund
21-08-2015,3523.36880,118701,Mirae_Large_Cap,Nippon India Mutual Fund
20-08-2015,3522.62280,118701,Mirae_Large_Cap,Nippon India Mutual Fund
19-08-2015,3521.87290,118701,Mirae_Large_Cap,Nippon India Mutual Fund
18-08-2015,3521.12200,118701,Mirae_Large_Cap,Nippon India Mutual Fund
17-08-2015,3520.37940,118701,Mirae_Large_Cap,Nippon India Mutual Fund
16-08-2015,3519.64590,118701,Mirae_Large_Cap,Nippon India Mutual Fund
14-08-2015,3518.17950,118701,Mirae_Large_Cap,Nippon India Mutual Fund
13-08-2015,3517.42550,118701,Mirae_Large_Cap,Nippon India Mutual Fund
12-08-2015,3516.67610,118701,Mirae_Large_Cap,Nippon India Mutual Fund
11-08-2015,3515.91610,118701,Mirae_Large_Cap,Nippon India Mutual Fund
10-08-2015,3515.16500,118701,Mirae_Large_Cap,Nippon India Mutual Fund
09-08-2015,3514.39870,118701,Mirae_Large_Cap,Nippon India Mutual Fund
07-08-2015,3512.91850,118701,Mirae_Large_Cap,Nippon India Mutual Fund
06-08-2015,3512.16310,118701,Mirae_Large_Cap,Nippon India Mutual Fund
05-08-2015,3511.40280,118701,Mirae_Large_Cap,Nippon India Mutual Fund
04-08-2015,3510.64880,118701,Mirae_Large_Cap,Nippon India Mutual Fund
03-08-2015,3509.89060,118701,Mirae_Large_Cap,Nippon India Mutual Fund
02-08-2015,3509.11370,118701,Mirae_Large_Cap,Nippon India Mutual Fund
31-07-2015,3507.61040,118701,Mirae_Large_Cap,Nippon India Mutual Fund
30-07-2015,3506.84080,118701,Mirae_Large_Cap,Nippon India Mutual Fund
29-07-2015,3506.07080,118701,Mirae_Large_Cap,Nippon India Mutual Fund
28-07-2015,3505.29320,118701,Mirae_Large_Cap,Nippon India Mutual Fund
27-07-2015,3504.54350,118701,Mirae_Large_Cap,Nippon India Mutual Fund
26-07-2015,3503.77290,118701,Mirae_Large_Cap,Nippon India Mutual Fund
24-07-2015,3502.27600,118701,Mirae_Large_Cap,Nippon India Mutual Fund
23-07-2015,3501.51850,118701,Mirae_Large_Cap,Nippon India Mutual Fund
22-07-2015,3500.75380,118701,Mirae_Large_Cap,Nippon India Mutual Fund
21-07-2015,3499.97090,118701,Mirae_Large_Cap,Nippon India Mutual Fund
20-07-2015,3499.21250,118701,Mirae_Large_Cap,Nippon India Mutual Fund
19-07-2015,3498.43440,118701,Mirae_Large_Cap,Nippon India Mutual Fund
17-07-2015,3496.92320,118701,Mirae_Large_Cap,Nippon India Mutual Fund
16-07-2015,3496.14540,118701,Mirae_Large_Cap,Nippon India Mutual Fund
15-07-2015,3495.38500,118701,Mirae_Large_Cap,Nippon India Mutual Fund
14-07-2015,3494.60480,118701,Mirae_Large_Cap,Nippon India Mutual Fund
13-07-2015,3493.84280,118701,Mirae_Large_Cap,Nippon India Mutual Fund
12-07-2015,3493.06070,118701,Mirae_Large_Cap,Nippon India Mutual Fund
10-07-2015,3491.54700,118701,Mirae_Large_Cap,Nippon India Mutual Fund
09-07-2015,3490.77930,118701,Mirae_Large_Cap,Nippon India Mutual Fund
08-07-2015,3490.01430,118701,Mirae_Large_Cap,Nippon India Mutual Fund
07-07-2015,3489.22300,118701,Mirae_Large_Cap,Nippon India Mutual Fund
06-07-2015,3488.45630,118701,Mirae_Large_Cap,Nippon India Mutual Fund
05-07-2015,3487.68550,118701,Mirae_Large_Cap,Nippon India Mutual Fund
03-07-2015,3486.17170,118701,Mirae_Large_Cap,Nippon India Mutual Fund
02-07-2015,3485.42490,118701,Mirae_Large_Cap,Nippon India Mutual Fund
01-07-2015,3484.61590,118701,Mirae_Large_Cap,Nippon India Mutual Fund
30-06-2015,3483.84140,118701,Mirae_Large_Cap,Nippon India Mutual Fund
29-06-2015,3482.96860,118701,Mirae_Large_Cap,Nippon India Mutual Fund
28-06-2015,3482.17610,118701,Mirae_Large_Cap,Nippon India Mutual Fund
26-06-2015,3480.61960,118701,Mirae_Large_Cap,Nippon India Mutual Fund
25-06-2015,3479.88350,118701,Mirae_Large_Cap,Nippon India Mutual Fund
24-06-2015,3479.10110,118701,Mirae_Large_Cap,Nippon India Mutual Fund
23-06-2015,3478.32880,118701,Mirae_Large_Cap,Nippon India Mutual Fund
22-06-2015,3477.54840,118701,Mirae_Large_Cap,Nippon India Mutual Fund
21-06-2015,3476.78490,118701,Mirae_Large_Cap,Nippon India Mutual Fund
19-06-2015,3475.26850,118701,Mirae_Large_Cap,Nippon India Mutual Fund
18-06-2015,3474.49960,118701,Mirae_Large_Cap,Nippon India Mutual Fund
17-06-2015,3473.72940,118701,Mirae_Large_Cap,Nippon India Mutual Fund
16-06-2015,3472.96180,118701,Mirae_Large_Cap,Nippon India Mutual Fund
15-06-2015,3472.18510,118701,Mirae_Large_Cap,Nippon India Mutual Fund
14-06-2015,3471.41040,118701,Mirae_Large_Cap,Nippon India Mutual Fund
12-06-2015,3469.86100,118701,Mirae_Large_Cap,Nippon India Mutual Fund
11-06-2015,3469.09070,118701,Mirae_Large_Cap,Nippon India Mutual Fund
10-06-2015,3468.31370,118701,Mirae_Large_Cap,Nippon India Mutual Fund
09-06-2015,3467.52360,118701,Mirae_Large_Cap,Nippon India Mutual Fund
08-06-2015,3466.74820,118701,Mirae_Large_Cap,Nippon India Mutual Fund
07-06-2015,3465.94880,118701,Mirae_Large_Cap,Nippon India Mutual Fund
05-06-2015,3464.40410,118701,Mirae_Large_Cap,Nippon India Mutual Fund
04-06-2015,3463.62170,118701,Mirae_Large_Cap,Nippon India Mutual Fund
03-06-2015,3462.83470,118701,Mirae_Large_Cap,Nippon India Mutual Fund
02-06-2015,3462.05140,118701,Mirae_Large_Cap,Nippon India Mutual Fund
01-06-2015,3461.24590,118701,Mirae_Large_Cap,Nippon India Mutual Fund
31-05-2015,3460.44360,118701,Mirae_Large_Cap,Nippon India Mutual Fund
29-05-2015,3458.88200,118701,Mirae_Large_Cap,Nippon India Mutual Fund
28-05-2015,3458.07140,118701,Mirae_Large_Cap,Nippon India Mutual Fund
27-05-2015,3457.25880,118701,Mirae_Large_Cap,Nippon India Mutual Fund
26-05-2015,3456.45230,118701,Mirae_Large_Cap,Nippon India Mutual Fund
25-05-2015,3455.64010,118701,Mirae_Large_Cap,Nippon India Mutual Fund
24-05-2015,3454.84160,118701,Mirae_Large_Cap,Nippon India Mutual Fund
22-05-2015,3453.28090,118701,Mirae_Large_Cap,Nippon India Mutual Fund
21-05-2015,3452.47100,118701,Mirae_Large_Cap,Nippon India Mutual Fund
20-05-2015,3451.65180,118701,Mirae_Large_Cap,Nippon India Mutual Fund
19-05-2015,3450.85620,118701,Mirae_Large_Cap,Nippon India Mutual Fund
18-05-2015,3450.04730,118701,Mirae_Large_Cap,Nippon India Mutual Fund
17-05-2015,3449.22500,118701,Mirae_Large_Cap,Nippon India Mutual Fund
15-05-2015,3447.64010,118701,Mirae_Large_Cap,Nippon India Mutual Fund
14-05-2015,3446.87050,118701,Mirae_Large_Cap,Nippon India Mutual Fund
13-05-2015,3446.06110,118701,Mirae_Large_Cap,Nippon India Mutual Fund
12-05-2015,3445.26600,118701,Mirae_Large_Cap,Nippon India Mutual Fund
11-05-2015,3444.47810,118701,Mirae_Large_Cap,Nippon India Mutual Fund
10-05-2015,3443.68950,118701,Mirae_Large_Cap,Nippon India Mutual Fund
08-05-2015,3442.12800,118701,Mirae_Large_Cap,Nippon India Mutual Fund
07-05-2015,3441.34690,118701,Mirae_Large_Cap,Nippon India Mutual Fund
06-05-2015,3440.55950,118701,Mirae_Large_Cap,Nippon India Mutual Fund
05-05-2015,3439.76730,118701,Mirae_Large_Cap,Nippon India Mutual Fund
04-05-2015,3438.95720,118701,Mirae_Large_Cap,Nippon India Mutual Fund
30-04-2015,3435.83090,118701,Mirae_Large_Cap,Nippon India Mutual Fund
29-04-2015,3435.04530,118701,Mirae_Large_Cap,Nippon India Mutual Fund
28-04-2015,3434.24690,118701,Mirae_Large_Cap,Nippon India Mutual Fund
27-04-2015,3433.45120,118701,Mirae_Large_Cap,Nippon India Mutual Fund
26-04-2015,3432.65290,118701,Mirae_Large_Cap,Nippon India Mutual Fund
24-04-2015,3431.07170,118701,Mirae_Large_Cap,Nippon India Mutual Fund
23-04-2015,3430.27870,118701,Mirae_Large_Cap,Nippon India Mutual Fund
22-04-2015,3429.46870,118701,Mirae_Large_Cap,Nippon India Mutual Fund
21-04-2015,3428.68100,118701,Mirae_Large_Cap,Nippon India Mutual Fund
20-04-2015,3427.88670,118701,Mirae_Large_Cap,Nippon India Mutual Fund
19-04-2015,3427.09040,118701,Mirae_Large_Cap,Nippon India Mutual Fund
17-04-2015,3425.52500,118701,Mirae_Large_Cap,Nippon India Mutual Fund
16-04-2015,3424.68890,118701,Mirae_Large_Cap,Nippon India Mutual Fund
15-04-2015,3423.89790,118701,Mirae_Large_Cap,Nippon India Mutual Fund
14-04-2015,3423.10360,118701,Mirae_Large_Cap,Nippon India Mutual Fund
13-04-2015,3422.31630,118701,Mirae_Large_Cap,Nippon India Mutual Fund
12-04-2015,3421.51880,118701,Mirae_Large_Cap,Nippon India Mutual Fund
10-04-2015,3419.93060,118701,Mirae_Large_Cap,Nippon India Mutual Fund
09-04-2015,3419.14420,118701,Mirae_Large_Cap,Nippon India Mutual Fund
08-04-2015,3418.35790,118701,Mirae_Large_Cap,Nippon India Mutual Fund
07-04-2015,3417.53060,118701,Mirae_Large_Cap,Nippon India Mutual Fund
06-04-2015,3416.67110,118701,Mirae_Large_Cap,Nippon India Mutual Fund
05-04-2015,3415.71720,118701,Mirae_Large_Cap,Nippon India Mutual Fund
31-03-2015,3411.26240,118701,Mirae_Large_Cap,Nippon India Mutual Fund
30-03-2015,3409.44950,118701,Mirae_Large_Cap,Nippon India Mutual Fund
29-03-2015,3408.54800,118701,Mirae_Large_Cap,Nippon India Mutual Fund
27-03-2015,3406.88210,118701,Mirae_Large_Cap,Nippon India Mutual Fund
26-03-2015,3406.06370,118701,Mirae_Large_Cap,Nippon India Mutual Fund
25-03-2015,3405.20790,118701,Mirae_Large_Cap,Nippon India Mutual Fund
24-03-2015,3404.35540,118701,Mirae_Large_Cap,Nippon India Mutual Fund
23-03-2015,3403.59940,118701,Mirae_Large_Cap,Nippon India Mutual Fund
22-03-2015,3402.78920,118701,Mirae_Large_Cap,Nippon India Mutual Fund
20-03-2015,3401.18540,118701,Mirae_Large_Cap,Nippon India Mutual Fund
19-03-2015,3400.40670,118701,Mirae_Large_Cap,Nippon India Mutual Fund
18-03-2015,3399.60010,118701,Mirae_Large_Cap,Nippon India Mutual Fund
17-03-2015,3398.80010,118701,Mirae_Large_Cap,Nippon India Mutual Fund
16-03-2015,3398.00750,118701,Mirae_Large_Cap,Nippon India Mutual Fund
15-03-2015,3397.21050,118701,Mirae_Large_Cap,Nippon India Mutual Fund
13-03-2015,3395.61310,118701,Mirae_Large_Cap,Nippon India Mutual Fund
12-03-2015,3394.81830,118701,Mirae_Large_Cap,Nippon India Mutual Fund
11-03-2015,3394.03360,118701,Mirae_Large_Cap,Nippon India Mutual Fund
10-03-2015,3393.24370,118701,Mirae_Large_Cap,Nippon India Mutual Fund
09-03-2015,3392.44900,118701,Mirae_Large_Cap,Nippon India Mutual Fund
08-03-2015,3391.65150,118701,Mirae_Large_Cap,Nippon India Mutual Fund
05-03-2015,3389.26750,118701,Mirae_Large_Cap,Nippon India Mutual Fund
04-03-2015,3388.43970,118701,Mirae_Large_Cap,Nippon India Mutual Fund
03-03-2015,3387.59250,118701,Mirae_Large_Cap,Nippon India Mutual Fund
02-03-2015,3386.80650,118701,Mirae_Large_Cap,Nippon India Mutual Fund
01-03-2015,3386.01230,118701,Mirae_Large_Cap,Nippon India Mutual Fund
27-02-2015,3384.44070,118701,Mirae_Large_Cap,Nippon India Mutual Fund
26-02-2015,3383.67350,118701,Mirae_Large_Cap,Nippon India Mutual Fund
25-02-2015,3382.88420,118701,Mirae_Large_Cap,Nippon India Mutual Fund
24-02-2015,3382.09320,118701,Mirae_Large_Cap,Nippon India Mutual Fund
23-02-2015,3381.30340,118701,Mirae_Large_Cap,Nippon India Mutual Fund
22-02-2015,3380.52440,118701,Mirae_Large_Cap,Nippon India Mutual Fund
20-02-2015,3378.96690,118701,Mirae_Large_Cap,Nippon India Mutual Fund
19-02-2015,3378.18380,118701,Mirae_Large_Cap,Nippon India Mutual Fund
18-02-2015,3377.41720,118701,Mirae_Large_Cap,Nippon India Mutual Fund
17-02-2015,3376.63060,118701,Mirae_Large_Cap,Nippon India Mutual Fund
16-02-2015,3375.87310,118701,Mirae_Large_Cap,Nippon India Mutual Fund
15-02-2015,3375.08340,118701,Mirae_Large_Cap,Nippon India Mutual Fund
13-02-2015,3373.52770,118701,Mirae_Large_Cap,Nippon India Mutual Fund
12-02-2015,3372.75760,118701,Mirae_Large_Cap,Nippon India Mutual Fund
11-02-2015,3371.98190,118701,Mirae_Large_Cap,Nippon India Mutual Fund
10-02-2015,3371.21370,118701,Mirae_Large_Cap,Nippon India Mutual Fund
09-02-2015,3370.43220,118701,Mirae_Large_Cap,Nippon India Mutual Fund
08-02-2015,3369.66050,118701,Mirae_Large_Cap,Nippon India Mutual Fund
06-02-2015,3368.10900,118701,Mirae_Large_Cap,Nippon India Mutual Fund
05-02-2015,3367.33610,118701,Mirae_Large_Cap,Nippon India Mutual Fund
04-02-2015,3366.56650,118701,Mirae_Large_Cap,Nippon India Mutual Fund
03-02-2015,3365.79420,118701,Mirae_Large_Cap,Nippon India Mutual Fund
02-02-2015,3365.02050,118701,Mirae_Large_Cap,Nippon India Mutual Fund
01-02-2015,3364.23790,118701,Mirae_Large_Cap,Nippon India Mutual Fund
30-01-2015,3362.68330,118701,Mirae_Large_Cap,Nippon India Mutual Fund
29-01-2015,3361.91810,118701,Mirae_Large_Cap,Nippon India Mutual Fund
28-01-2015,3361.13690,118701,Mirae_Large_Cap,Nippon India Mutual Fund
27-01-2015,3360.35890,118701,Mirae_Large_Cap,Nippon India Mutual Fund
26-01-2015,3359.58120,118701,Mirae_Large_Cap,Nippon India Mutual Fund
23-01-2015,3357.26410,118701,Mirae_Large_Cap,Nippon India Mutual Fund
22-01-2015,3356.49540,118701,Mirae_Large_Cap,Nippon India Mutual Fund
21-01-2015,3355.71300,118701,Mirae_Large_Cap,Nippon India Mutual Fund
20-01-2015,3354.93930,118701,Mirae_Large_Cap,Nippon India Mutual Fund
19-01-2015,3354.16150,118701,Mirae_Large_Cap,Nippon India Mutual Fund
18-01-2015,3353.38570,118701,Mirae_Large_Cap,Nippon India Mutual Fund
16-01-2015,3351.85230,118701,Mirae_Large_Cap,Nippon India Mutual Fund
15-01-2015,3351.07810,118701,Mirae_Large_Cap,Nippon India Mutual Fund
14-01-2015,3350.25880,118701,Mirae_Large_Cap,Nippon India Mutual Fund
13-01-2015,3349.48150,118701,Mirae_Large_Cap,Nippon India Mutual Fund
12-01-2015,3348.70250,118701,Mirae_Large_Cap,Nippon India Mutual Fund
11-01-2015,3347.92270,118701,Mirae_Large_Cap,Nippon India Mutual Fund
09-01-2015,3346.37280,118701,Mirae_Large_Cap,Nippon India Mutual Fund
08-01-2015,3345.61160,118701,Mirae_Large_Cap,Nippon India Mutual Fund
07-01-2015,3344.83510,118701,Mirae_Large_Cap,Nippon India Mutual Fund
06-01-2015,3344.05750,118701,Mirae_Large_Cap,Nippon India Mutual Fund
05-01-2015,3343.27830,118701,Mirae_Large_Cap,Nippon India Mutual Fund
04-01-2015,3342.49490,118701,Mirae_Large_Cap,Nippon India Mutual Fund
02-01-2015,3340.94300,118701,Mirae_Large_Cap,Nippon India Mutual Fund
01-01-2015,3340.16600,118701,Mirae_Large_Cap,Nippon India Mutual Fund
31-12-2014,3339.35810,118701,Mirae_Large_Cap,Nippon India Mutual Fund
30-12-2014,3338.53180,118701,Mirae_Large_Cap,Nippon India Mutual Fund
29-12-2014,3337.74020,118701,Mirae_Large_Cap,Nippon India Mutual Fund
28-12-2014,3336.96860,118701,Mirae_Large_Cap,Nippon India Mutual Fund
26-12-2014,3335.40220,118701,Mirae_Large_Cap,Nippon India Mutual Fund
25-12-2014,3334.65770,118701,Mirae_Large_Cap,Nippon India Mutual Fund
24-12-2014,3333.88760,118701,Mirae_Large_Cap,Nippon India Mutual Fund
23-12-2014,3333.11610,118701,Mirae_Large_Cap,Nippon India Mutual Fund
22-12-2014,3332.34720,118701,Mirae_Large_Cap,Nippon India Mutual Fund
21-12-2014,3331.58870,118701,Mirae_Large_Cap,Nippon India Mutual Fund
19-12-2014,3330.06680,118701,Mirae_Large_Cap,Nippon India Mutual Fund
18-12-2014,3329.31460,118701,Mirae_Large_Cap,Nippon India Mutual Fund
17-12-2014,3328.51820,118701,Mirae_Large_Cap,Nippon India Mutual Fund
16-12-2014,3327.79140,118701,Mirae_Large_Cap,Nippon India Mutual Fund
15-12-2014,3327.04480,118701,Mirae_Large_Cap,Nippon India Mutual Fund
14-12-2014,3326.28310,118701,Mirae_Large_Cap,Nippon India Mutual Fund
12-12-2014,3324.75660,118701,Mirae_Large_Cap,Nippon India Mutual Fund
11-12-2014,3323.99800,118701,Mirae_Large_Cap,Nippon India Mutual Fund
10-12-2014,3323.24380,118701,Mirae_Large_Cap,Nippon India Mutual Fund
09-12-2014,3322.48090,118701,Mirae_Large_Cap,Nippon India Mutual Fund
08-12-2014,3321.71030,118701,Mirae_Large_Cap,Nippon India Mutual Fund
07-12-2014,3320.94600,118701,Mirae_Large_Cap,Nippon India Mutual Fund
05-12-2014,3319.40430,118701,Mirae_Large_Cap,Nippon India Mutual Fund
04-12-2014,3318.66540,118701,Mirae_Large_Cap,Nippon India Mutual Fund
03-12-2014,3317.89610,118701,Mirae_Large_Cap,Nippon India Mutual Fund
02-12-2014,3317.12790,118701,Mirae_Large_Cap,Nippon India Mutual Fund
01-12-2014,3316.36090,118701,Mirae_Large_Cap,Nippon India Mutual Fund
30-11-2014,3315.54860,118701,Mirae_Large_Cap,Nippon India Mutual Fund
28-11-2014,3314.02520,118701,Mirae_Large_Cap,Nippon India Mutual Fund
27-11-2014,3313.25690,118701,Mirae_Large_Cap,Nippon India Mutual Fund
26-11-2014,3312.49190,118701,Mirae_Large_Cap,Nippon India Mutual Fund
25-11-2014,3311.71590,118701,Mirae_Large_Cap,Nippon India Mutual Fund
24-11-2014,3310.94570,118701,Mirae_Large_Cap,Nippon India Mutual Fund
23-11-2014,3310.17000,118701,Mirae_Large_Cap,Nippon India Mutual Fund
21-11-2014,3308.64370,118701,Mirae_Large_Cap,Nippon India Mutual Fund
20-11-2014,3307.87440,118701,Mirae_Large_Cap,Nippon India Mutual Fund
19-11-2014,3307.10580,118701,Mirae_Large_Cap,Nippon India Mutual Fund
18-11-2014,3306.33170,118701,Mirae_Large_Cap,Nippon India Mutual Fund
17-11-2014,3305.54530,118701,Mirae_Large_Cap,Nippon India Mutual Fund
16-11-2014,3304.76040,118701,Mirae_Large_Cap,Nippon India Mutual Fund
14-11-2014,3303.22460,118701,Mirae_Large_Cap,Nippon India Mutual Fund
13-11-2014,3302.44640,118701,Mirae_Large_Cap,Nippon India Mutual Fund
12-11-2014,3301.68380,118701,Mirae_Large_Cap,Nippon India Mutual Fund
11-11-2014,3300.91270,118701,Mirae_Large_Cap,Nippon India Mutual Fund
10-11-2014,3300.13740,118701,Mirae_Large_Cap,Nippon India Mutual Fund
09-11-2014,3299.35310,118701,Mirae_Large_Cap,Nippon India Mutual Fund
07-11-2014,3297.82060,118701,Mirae_Large_Cap,Nippon India Mutual Fund
06-11-2014,3297.02800,118701,Mirae_Large_Cap,Nippon India Mutual Fund
05-11-2014,3296.23710,118701,Mirae_Large_Cap,Nippon India Mutual Fund
04-11-2014,3295.46100,118701,Mirae_Large_Cap,Nippon India Mutual Fund
03-11-2014,3294.69640,118701,Mirae_Large_Cap,Nippon India Mutual Fund
02-11-2014,3293.89330,118701,Mirae_Large_Cap,Nippon India Mutual Fund
31-10-2014,3292.34930,118701,Mirae_Large_Cap,Nippon India Mutual Fund
30-10-2014,3291.57430,118701,Mirae_Large_Cap,Nippon India Mutual Fund
29-10-2014,3290.78830,118701,Mirae_Large_Cap,Nippon India Mutual Fund
28-10-2014,3289.99120,118701,Mirae_Large_Cap,Nippon India Mutual Fund
27-10-2014,3289.21110,118701,Mirae_Large_Cap,Nippon India Mutual Fund
26-10-2014,3288.42290,118701,Mirae_Large_Cap,Nippon India Mutual Fund
22-10-2014,3285.30150,118701,Mirae_Large_Cap,Nippon India Mutual Fund
21-10-2014,3284.55730,118701,Mirae_Large_Cap,Nippon India Mutual Fund
20-10-2014,3283.77980,118701,Mirae_Large_Cap,Nippon India Mutual Fund
19-10-2014,3282.99480,118701,Mirae_Large_Cap,Nippon India Mutual Fund
17-10-2014,3281.45170,118701,Mirae_Large_Cap,Nippon India Mutual Fund
16-10-2014,3280.66290,118701,Mirae_Large_Cap,Nippon India Mutual Fund
15-10-2014,3279.88340,118701,Mirae_Large_Cap,Nippon India Mutual Fund
14-10-2014,3279.10960,118701,Mirae_Large_Cap,Nippon India Mutual Fund
13-10-2014,3278.34000,118701,Mirae_Large_Cap,Nippon India Mutual Fund
12-10-2014,3277.56240,118701,Mirae_Large_Cap,Nippon India Mutual Fund
10-10-2014,3276.01550,118701,Mirae_Large_Cap,Nippon India Mutual Fund
09-10-2014,3275.23760,118701,Mirae_Large_Cap,Nippon India Mutual Fund
08-10-2014,3274.45150,118701,Mirae_Large_Cap,Nippon India Mutual Fund
07-10-2014,3273.64050,118701,Mirae_Large_Cap,Nippon India Mutual Fund
06-10-2014,3272.82510,118701,Mirae_Large_Cap,Nippon India Mutual Fund
01-10-2014,3268.93640,118701,Mirae_Large_Cap,Nippon India Mutual Fund
30-09-2014,3268.15100,118701,Mirae_Large_Cap,Nippon India Mutual Fund
29-09-2014,3267.24600,118701,Mirae_Large_Cap,Nippon India Mutual Fund
28-09-2014,3266.43810,118701,Mirae_Large_Cap,Nippon India Mutual Fund
26-09-2014,3264.88000,118701,Mirae_Large_Cap,Nippon India Mutual Fund
25-09-2014,3264.10920,118701,Mirae_Large_Cap,Nippon India Mutual Fund
24-09-2014,3263.33630,118701,Mirae_Large_Cap,Nippon India Mutual Fund
23-09-2014,3262.55700,118701,Mirae_Large_Cap,Nippon India Mutual Fund
22-09-2014,3261.77810,118701,Mirae_Large_Cap,Nippon India Mutual Fund
21-09-2014,3260.99390,118701,Mirae_Large_Cap,Nippon India Mutual Fund
19-09-2014,3259.45140,118701,Mirae_Large_Cap,Nippon India Mutual Fund
18-09-2014,3258.67280,118701,Mirae_Large_Cap,Nippon India Mutual Fund
17-09-2014,3257.89960,118701,Mirae_Large_Cap,Nippon India Mutual Fund
16-09-2014,3257.11970,118701,Mirae_Large_Cap,Nippon India Mutual Fund
15-09-2014,3256.35100,118701,Mirae_Large_Cap,Nippon India Mutual Fund
14-09-2014,3255.58350,118701,Mirae_Large_Cap,Nippon India Mutual Fund
12-09-2014,3254.04730,118701,Mirae_Large_Cap,Nippon India Mutual Fund
11-09-2014,3253.28710,118701,Mirae_Large_Cap,Nippon India Mutual Fund
10-09-2014,3252.52150,118701,Mirae_Large_Cap,Nippon India Mutual Fund
09-09-2014,3251.75990,118701,Mirae_Large_Cap,Nippon India Mutual Fund
08-09-2014,3250.99620,118701,Mirae_Large_Cap,Nippon India Mutual Fund
07-09-2014,3250.22820,118701,Mirae_Large_Cap,Nippon India Mutual Fund
05-09-2014,3248.70230,118701,Mirae_Large_Cap,Nippon India Mutual Fund
04-09-2014,3247.94570,118701,Mirae_Large_Cap,Nippon India Mutual Fund
03-09-2014,3247.18240,118701,Mirae_Large_Cap,Nippon India Mutual Fund
02-09-2014,3246.41010,118701,Mirae_Large_Cap,Nippon India Mutual Fund
01-09-2014,3245.63990,118701,Mirae_Large_Cap,Nippon India Mutual Fund
31-08-2014,3244.87000,118701,Mirae_Large_Cap,Nippon India Mutual Fund
28-08-2014,3242.58650,118701,Mirae_Large_Cap,Nippon India Mutual Fund
27-08-2014,3241.84680,118701,Mirae_Large_Cap,Nippon India Mutual Fund
26-08-2014,3241.06720,118701,Mirae_Large_Cap,Nippon India Mutual Fund
25-08-2014,3240.30220,118701,Mirae_Large_Cap,Nippon India Mutual Fund
24-08-2014,3239.54540,118701,Mirae_Large_Cap,Nippon India Mutual Fund
22-08-2014,3238.02870,118701,Mirae_Large_Cap,Nippon India Mutual Fund
21-08-2014,3237.27720,118701,Mirae_Large_Cap,Nippon India Mutual Fund
20-08-2014,3236.52130,118701,Mirae_Large_Cap,Nippon India Mutual Fund
19-08-2014,3235.76260,118701,Mirae_Large_Cap,Nippon India Mutual Fund
18-08-2014,3235.01260,118701,Mirae_Large_Cap,Nippon India Mutual Fund
14-08-2014,3231.99240,118701,Mirae_Large_Cap,Nippon India Mutual Fund
13-08-2014,3231.24140,118701,Mirae_Large_Cap,Nippon India Mutual Fund
12-08-2014,3230.48590,118701,Mirae_Large_Cap,Nippon India Mutual Fund
11-08-2014,3229.72640,118701,Mirae_Large_Cap,Nippon India Mutual Fund
10-08-2014,3228.98070,118701,Mirae_Large_Cap,Nippon India Mutual Fund
08-08-2014,3227.47220,118701,Mirae_Large_Cap,Nippon India Mutual Fund
07-08-2014,3226.72640,118701,Mirae_Large_Cap,Nippon India Mutual Fund
06-08-2014,3225.97860,118701,Mirae_Large_Cap,Nippon India Mutual Fund
05-08-2014,3225.23160,118701,Mirae_Large_Cap,Nippon India Mutual Fund
04-08-2014,3224.48110,118701,Mirae_Large_Cap,Nippon India Mutual Fund
03-08-2014,3223.73710,118701,Mirae_Large_Cap,Nippon India Mutual Fund
01-08-2014,3222.22460,118701,Mirae_Large_Cap,Nippon India Mutual Fund
31-07-2014,3221.48540,118701,Mirae_Large_Cap,Nippon India Mutual Fund
30-07-2014,3220.73980,118701,Mirae_Large_Cap,Nippon India Mutual Fund
29-07-2014,3219.98560,118701,Mirae_Large_Cap,Nippon India Mutual Fund
28-07-2014,3219.23900,118701,Mirae_Large_Cap,Nippon India Mutual Fund
27-07-2014,3218.49070,118701,Mirae_Large_Cap,Nippon India Mutual Fund
25-07-2014,3216.99230,118701,Mirae_Large_Cap,Nippon India Mutual Fund
24-07-2014,3216.24790,118701,Mirae_Large_Cap,Nippon India Mutual Fund
23-07-2014,3215.49650,118701,Mirae_Large_Cap,Nippon India Mutual Fund
22-07-2014,3214.76520,118701,Mirae_Large_Cap,Nippon India Mutual Fund
21-07-2014,3214.01890,118701,Mirae_Large_Cap,Nippon India Mutual Fund
20-07-2014,3213.26810,118701,Mirae_Large_Cap,Nippon India Mutual Fund
18-07-2014,3211.77880,118701,Mirae_Large_Cap,Nippon India Mutual Fund
17-07-2014,3211.01990,118701,Mirae_Large_Cap,Nippon India Mutual Fund
16-07-2014,3210.27120,118701,Mirae_Large_Cap,Nippon India Mutual Fund
15-07-2014,3209.51950,118701,Mirae_Large_Cap,Nippon India Mutual Fund
14-07-2014,3208.76800,118701,Mirae_Large_Cap,Nippon India Mutual Fund
13-07-2014,3208.04440,118701,Mirae_Large_Cap,Nippon India Mutual Fund
11-07-2014,3206.58890,118701,Mirae_Large_Cap,Nippon India Mutual Fund
10-07-2014,3205.85080,118701,Mirae_Large_Cap,Nippon India Mutual Fund
09-07-2014,3205.10380,118701,Mirae_Large_Cap,Nippon India Mutual Fund
08-07-2014,3204.35900,118701,Mirae_Large_Cap,Nippon India Mutual Fund
07-07-2014,3203.60120,118701,Mirae_Large_Cap,Nippon India Mutual Fund
06-07-2014,3202.85080,118701,Mirae_Large_Cap,Nippon India Mutual Fund
04-07-2014,3201.35870,118701,Mirae_Large_Cap,Nippon India Mutual Fund
03-07-2014,3200.60400,118701,Mirae_Large_Cap,Nippon India Mutual Fund
02-07-2014,3199.83150,118701,Mirae_Large_Cap,Nippon India Mutual Fund
01-07-2014,3199.07870,118701,Mirae_Large_Cap,Nippon India Mutual Fund
30-06-2014,3198.25810,118701,Mirae_Large_Cap,Nippon India Mutual Fund
29-06-2014,3197.45910,118701,Mirae_Large_Cap,Nippon India Mutual Fund
27-06-2014,3195.93140,118701,Mirae_Large_Cap,Nippon India Mutual Fund
26-06-2014,3195.16740,118701,Mirae_Large_Cap,Nippon India Mutual Fund
25-06-2014,3194.41360,118701,Mirae_Large_Cap,Nippon India Mutual Fund
24-06-2014,3193.65910,118701,Mirae_Large_Cap,Nippon India Mutual Fund
23-06-2014,3192.91540,118701,Mirae_Large_Cap,Nippon India Mutual Fund
22-06-2014,3192.16410,118701,Mirae_Large_Cap,Nippon India Mutual Fund
20-06-2014,3190.68590,118701,Mirae_Large_Cap,Nippon India Mutual Fund
19-06-2014,3189.92320,118701,Mirae_Large_Cap,Nippon India Mutual Fund
18-06-2014,3189.16080,118701,Mirae_Large_Cap,Nippon India Mutual Fund
17-06-2014,3188.40670,118701,Mirae_Large_Cap,Nippon India Mutual Fund
16-06-2014,3187.64950,118701,Mirae_Large_Cap,Nippon India Mutual Fund
15-06-2014,3186.89260,118701,Mirae_Large_Cap,Nippon India Mutual Fund
13-06-2014,3185.40150,118701,Mirae_Large_Cap,Nippon India Mutual Fund
12-06-2014,3184.64310,118701,Mirae_Large_Cap,Nippon India Mutual Fund
11-06-2014,3183.88940,118701,Mirae_Large_Cap,Nippon India Mutual Fund
10-06-2014,3183.13110,118701,Mirae_Large_Cap,Nippon India Mutual Fund
09-06-2014,3182.37230,118701,Mirae_Large_Cap,Nippon India Mutual Fund
08-06-2014,3181.61540,118701,Mirae_Large_Cap,Nippon India Mutual Fund
06-06-2014,3180.10870,118701,Mirae_Large_Cap,Nippon India Mutual Fund
05-06-2014,3179.34090,118701,Mirae_Large_Cap,Nippon India Mutual Fund
04-06-2014,3178.57840,118701,Mirae_Large_Cap,Nippon India Mutual Fund
03-06-2014,3177.82170,118701,Mirae_Large_Cap,Nippon India Mutual Fund
02-06-2014,3177.05420,118701,Mirae_Large_Cap,Nippon India Mutual Fund
01-06-2014,3176.29270,118701,Mirae_Large_Cap,Nippon India Mutual Fund
30-05-2014,3174.76230,118701,Mirae_Large_Cap,Nippon India Mutual Fund
29-05-2014,3174.01190,118701,Mirae_Large_Cap,Nippon India Mutual Fund
28-05-2014,3173.23940,118701,Mirae_Large_Cap,Nippon India Mutual Fund
27-05-2014,3172.47770,118701,Mirae_Large_Cap,Nippon India Mutual Fund
26-05-2014,3171.71610,118701,Mirae_Large_Cap,Nippon India Mutual Fund
25-05-2014,3170.94170,118701,Mirae_Large_Cap,Nippon India Mutual Fund
23-05-2014,3169.40200,118701,Mirae_Large_Cap,Nippon India Mutual Fund
22-05-2014,3168.64550,118701,Mirae_Large_Cap,Nippon India Mutual Fund
21-05-2014,3167.86730,118701,Mirae_Large_Cap,Nippon India Mutual Fund
20-05-2014,3167.09320,118701,Mirae_Large_Cap,Nippon India Mutual Fund
19-05-2014,3166.31870,118701,Mirae_Large_Cap,Nippon India Mutual Fund
18-05-2014,3165.53330,118701,Mirae_Large_Cap,Nippon India Mutual Fund
16-05-2014,3163.98590,118701,Mirae_Large_Cap,Nippon India Mutual Fund
15-05-2014,3163.21340,118701,Mirae_Large_Cap,Nippon India Mutual Fund
14-05-2014,3162.43300,118701,Mirae_Large_Cap,Nippon India Mutual Fund
13-05-2014,3161.65910,118701,Mirae_Large_Cap,Nippon India Mutual Fund
12-05-2014,3160.89190,118701,Mirae_Large_Cap,Nippon India Mutual Fund
11-05-2014,3160.10610,118701,Mirae_Large_Cap,Nippon India Mutual Fund
09-05-2014,3158.56630,118701,Mirae_Large_Cap,Nippon India Mutual Fund
08-05-2014,3157.78700,118701,Mirae_Large_Cap,Nippon India Mutual Fund
07-05-2014,3157.00380,118701,Mirae_Large_Cap,Nippon India Mutual Fund
06-05-2014,3156.23040,118701,Mirae_Large_Cap,Nippon India Mutual Fund
05-05-2014,3155.45540,118701,Mirae_Large_Cap,Nippon India Mutual Fund
04-05-2014,3154.66830,118701,Mirae_Large_Cap,Nippon India Mutual Fund
02-05-2014,3153.14970,118701,Mirae_Large_Cap,Nippon India Mutual Fund
01-05-2014,3152.38870,118701,Mirae_Large_Cap,Nippon India Mutual Fund
30-04-2014,3151.62830,118701,Mirae_Large_Cap,Nippon India Mutual Fund
29-04-2014,3150.86690,118701,Mirae_Large_Cap,Nippon India Mutual Fund
28-04-2014,3150.10640,118701,Mirae_Large_Cap,Nippon India Mutual Fund
27-04-2014,3149.34130,118701,Mirae_Large_Cap,Nippon India Mutual Fund
25-04-2014,3147.81710,118701,Mirae_Large_Cap,Nippon India Mutual Fund
24-04-2014,3147.04620,118701,Mirae_Large_Cap,Nippon India Mutual Fund
23-04-2014,3146.28410,118701,Mirae_Large_Cap,Nippon India Mutual Fund
22-04-2014,3145.52310,118701,Mirae_Large_Cap,Nippon India Mutual Fund
21-04-2014,3144.75510,118701,Mirae_Large_Cap,Nippon India Mutual Fund
20-04-2014,3143.94920,118701,Mirae_Large_Cap,Nippon India Mutual Fund
17-04-2014,3141.68520,118701,Mirae_Large_Cap,Nippon India Mutual Fund
16-04-2014,3140.90420,118701,Mirae_Large_Cap,Nippon India Mutual Fund
15-04-2014,3140.08160,118701,Mirae_Large_Cap,Nippon India Mutual Fund
14-04-2014,3139.25520,118701,Mirae_Large_Cap,Nippon India Mutual Fund
11-04-2014,3136.95940,118701,Mirae_Large_Cap,Nippon India Mutual Fund
10-04-2014,3136.19210,118701,Mirae_Large_Cap,Nippon India Mutual Fund
09-04-2014,3135.39120,118701,Mirae_Large_Cap,Nippon India Mutual Fund
08-04-2014,3134.55520,118701,Mirae_Large_Cap,Nippon India Mutual Fund
07-04-2014,3133.77500,118701,Mirae_Large_Cap,Nippon India Mutual Fund
06-04-2014,3132.93000,118701,Mirae_Large_Cap,Nippon India Mutual Fund
04-04-2014,3131.37300,118701,Mirae_Large_Cap,Nippon India Mutual Fund
03-04-2014,3130.48910,118701,Mirae_Large_Cap,Nippon India Mutual Fund
02-04-2014,3129.63520,118701,Mirae_Large_Cap,Nippon India Mutual Fund
01-04-2014,3128.78890,118701,Mirae_Large_Cap,Nippon India Mutual Fund
28-03-2014,3125.53880,118701,Mirae_Large_Cap,Nippon India Mutual Fund
27-03-2014,3123.66820,118701,Mirae_Large_Cap,Nippon India Mutual Fund
26-03-2014,3122.82590,118701,Mirae_Large_Cap,Nippon India Mutual Fund
25-03-2014,3121.93660,118701,Mirae_Large_Cap,Nippon India Mutual Fund
24-03-2014,3121.14820,118701,Mirae_Large_Cap,Nippon India Mutual Fund
23-03-2014,3120.16860,118701,Mirae_Large_Cap,Nippon India Mutual Fund
21-03-2014,3118.56990,118701,Mirae_Large_Cap,Nippon India Mutual Fund
20-03-2014,3117.74340,118701,Mirae_Large_Cap,Nippon India Mutual Fund
19-03-2014,3116.90260,118701,Mirae_Large_Cap,Nippon India Mutual Fund
18-03-2014,3116.11640,118701,Mirae_Large_Cap,Nippon India Mutual Fund
17-03-2014,3115.30710,118701,Mirae_Large_Cap,Nippon India Mutual Fund
14-03-2014,3112.96280,118701,Mirae_Large_Cap,Nippon India Mutual Fund
13-03-2014,3112.15260,118701,Mirae_Large_Cap,Nippon India Mutual Fund
12-03-2014,3111.34460,118701,Mirae_Large_Cap,Nippon India Mutual Fund
11-03-2014,3110.58160,118701,Mirae_Large_Cap,Nippon India Mutual Fund
10-03-2014,3109.79370,118701,Mirae_Large_Cap,Nippon India Mutual Fund
09-03-2014,3109.02740,118701,Mirae_Large_Cap,Nippon India Mutual Fund
07-03-2014,3107.50110,118701,Mirae_Large_Cap,Nippon India Mutual Fund
06-03-2014,3106.72960,118701,Mirae_Large_Cap,Nippon India Mutual Fund
05-03-2014,3105.96550,118701,Mirae_Large_Cap,Nippon India Mutual Fund
04-03-2014,3105.20010,118701,Mirae_Large_Cap,Nippon India Mutual Fund
03-03-2014,3104.44880,118701,Mirae_Large_Cap,Nippon India Mutual Fund
02-03-2014,3103.70800,118701,Mirae_Large_Cap,Nippon India Mutual Fund
28-02-2014,3102.21230,118701,Mirae_Large_Cap,Nippon India Mutual Fund
27-02-2014,3101.46240,118701,Mirae_Large_Cap,Nippon India Mutual Fund
26-02-2014,3100.72620,118701,Mirae_Large_Cap,Nippon India Mutual Fund
25-02-2014,3099.98650,118701,Mirae_Large_Cap,Nippon India Mutual Fund
24-02-2014,3099.25470,118701,Mirae_Large_Cap,Nippon India Mutual Fund
23-02-2014,3098.52190,118701,Mirae_Large_Cap,Nippon India Mutual Fund
21-02-2014,3097.05980,118701,Mirae_Large_Cap,Nippon India Mutual Fund
20-02-2014,3096.32930,118701,Mirae_Large_Cap,Nippon India Mutual Fund
19-02-2014,3095.59810,118701,Mirae_Large_Cap,Nippon India Mutual Fund
18-02-2014,3094.86700,118701,Mirae_Large_Cap,Nippon India Mutual Fund
17-02-2014,3094.13420,118701,Mirae_Large_Cap,Nippon India Mutual Fund
16-02-2014,3093.40760,118701,Mirae_Large_Cap,Nippon India Mutual Fund
14-02-2014,3091.94790,118701,Mirae_Large_Cap,Nippon India Mutual Fund
13-02-2014,3091.21980,118701,Mirae_Large_Cap,Nippon India Mutual Fund
12-02-2014,3090.49210,118701,Mirae_Large_Cap,Nippon India Mutual Fund
11-02-2014,3089.76230,118701,Mirae_Large_Cap,Nippon India Mutual Fund
10-02-2014,3089.03510,118701,Mirae_Large_Cap,Nippon India Mutual Fund
09-02-2014,3088.30330,118701,Mirae_Large_Cap,Nippon India Mutual Fund
07-02-2014,3086.84620,118701,Mirae_Large_Cap,Nippon India Mutual Fund
06-02-2014,3086.12000,118701,Mirae_Large_Cap,Nippon India Mutual Fund
05-02-2014,3085.38260,118701,Mirae_Large_Cap,Nippon India Mutual Fund
04-02-2014,3084.65490,118701,Mirae_Large_Cap,Nippon India Mutual Fund
03-02-2014,3083.92680,118701,Mirae_Large_Cap,Nippon India Mutual Fund
02-02-2014,3083.19970,118701,Mirae_Large_Cap,Nippon India Mutual Fund
31-01-2014,3081.77700,118701,Mirae_Large_Cap,Nippon India Mutual Fund
30-01-2014,3081.04380,118701,Mirae_Large_Cap,Nippon India Mutual Fund
29-01-2014,3080.33480,118701,Mirae_Large_Cap,Nippon India Mutual Fund
28-01-2014,3079.60370,118701,Mirae_Large_Cap,Nippon India Mutual Fund
27-01-2014,3078.87000,118701,Mirae_Large_Cap,Nippon India Mutual Fund
26-01-2014,3078.11810,118701,Mirae_Large_Cap,Nippon India Mutual Fund
24-01-2014,3076.65040,118701,Mirae_Large_Cap,Nippon India Mutual Fund
23-01-2014,3075.90710,118701,Mirae_Large_Cap,Nippon India Mutual Fund
22-01-2014,3075.16430,118701,Mirae_Large_Cap,Nippon India Mutual Fund
21-01-2014,3074.41980,118701,Mirae_Large_Cap,Nippon India Mutual Fund
20-01-2014,3073.66390,118701,Mirae_Large_Cap,Nippon India Mutual Fund
19-01-2014,3072.91390,118701,Mirae_Large_Cap,Nippon India Mutual Fund
17-01-2014,3071.44600,118701,Mirae_Large_Cap,Nippon India Mutual Fund
16-01-2014,3070.70650,118701,Mirae_Large_Cap,Nippon India Mutual Fund
15-01-2014,3069.96610,118701,Mirae_Large_Cap,Nippon India Mutual Fund
14-01-2014,3069.21750,118701,Mirae_Large_Cap,Nippon India Mutual Fund
13-01-2014,3068.48290,118701,Mirae_Large_Cap,Nippon India Mutual Fund
12-01-2014,3067.73550,118701,Mirae_Large_Cap,Nippon India Mutual Fund
10-01-2014,3066.26380,118701,Mirae_Large_Cap,Nippon India Mutual Fund
09-01-2014,3065.45120,118701,Mirae_Large_Cap,Nippon India Mutual Fund
08-01-2014,3064.71010,118701,Mirae_Large_Cap,Nippon India Mutual Fund
07-01-2014,3063.96380,118701,Mirae_Large_Cap,Nippon India Mutual Fund
06-01-2014,3063.23080,118701,Mirae_Large_Cap,Nippon India Mutual Fund
05-01-2014,3062.48220,118701,Mirae_Large_Cap,Nippon India Mutual Fund
03-01-2014,3061.00050,118701,Mirae_Large_Cap,Nippon India Mutual Fund
02-01-2014,3060.23590,118701,Mirae_Large_Cap,Nippon India Mutual Fund
01-01-2014,3059.48060,118701,Mirae_Large_Cap,Nippon India Mutual Fund
31-12-2013,3058.71580,118701,Mirae_Large_Cap,Nippon India Mutual Fund
30-12-2013,3057.91480,118701,Mirae_Large_Cap,Nippon India Mutual Fund
29-12-2013,3057.15880,118701,Mirae_Large_Cap,Nippon India Mutual Fund
27-12-2013,3055.63850,118701,Mirae_Large_Cap,Nippon India Mutual Fund
26-12-2013,3054.90490,118701,Mirae_Large_Cap,Nippon India Mutual Fund
25-12-2013,3054.15320,118701,Mirae_Large_Cap,Nippon India Mutual Fund
24-12-2013,3053.39610,118701,Mirae_Large_Cap,Nippon India Mutual Fund
23-12-2013,3052.65790,118701,Mirae_Large_Cap,Nippon India Mutual Fund
22-12-2013,3051.89780,118701,Mirae_Large_Cap,Nippon India Mutual Fund
20-12-2013,3050.39720,118701,Mirae_Large_Cap,Nippon India Mutual Fund
19-12-2013,3049.65240,118701,Mirae_Large_Cap,Nippon India Mutual Fund
18-12-2013,3048.89700,118701,Mirae_Large_Cap,Nippon India Mutual Fund
17-12-2013,3048.14830,118701,Mirae_Large_Cap,Nippon India Mutual Fund
16-12-2013,3047.39310,118701,Mirae_Large_Cap,Nippon India Mutual Fund
15-12-2013,3046.63510,118701,Mirae_Large_Cap,Nippon India Mutual Fund
13-12-2013,3045.12880,118701,Mirae_Large_Cap,Nippon India Mutual Fund
12-12-2013,3044.36930,118701,Mirae_Large_Cap,Nippon India Mutual Fund
11-12-2013,3043.61520,118701,Mirae_Large_Cap,Nippon India Mutual Fund
10-12-2013,3042.85860,118701,Mirae_Large_Cap,Nippon India Mutual Fund
09-12-2013,3042.10120,118701,Mirae_Large_Cap,Nippon India Mutual Fund
08-12-2013,3041.34430,118701,Mirae_Large_Cap,Nippon India Mutual Fund
06-12-2013,3039.83950,118701,Mirae_Large_Cap,Nippon India Mutual Fund
05-12-2013,3039.07570,118701,Mirae_Large_Cap,Nippon India Mutual Fund
04-12-2013,3038.32790,118701,Mirae_Large_Cap,Nippon India Mutual Fund
03-12-2013,3037.57430,118701,Mirae_Large_Cap,Nippon India Mutual Fund
02-12-2013,3036.82190,118701,Mirae_Large_Cap,Nippon India Mutual Fund
01-12-2013,3036.06810,118701,Mirae_Large_Cap,Nippon India Mutual Fund
29-11-2013,3034.55770,118701,Mirae_Large_Cap,Nippon India Mutual Fund
28-11-2013,3033.79170,118701,Mirae_Large_Cap,Nippon India Mutual Fund
27-11-2013,3033.02750,118701,Mirae_Large_Cap,Nippon India Mutual Fund
26-11-2013,3032.24000,118701,Mirae_Large_Cap,Nippon India Mutual Fund
25-11-2013,3031.47620,118701,Mirae_Large_Cap,Nippon India Mutual Fund
24-11-2013,3030.72150,118701,Mirae_Large_Cap,Nippon India Mutual Fund
22-11-2013,3029.18820,118701,Mirae_Large_Cap,Nippon India Mutual Fund
21-11-2013,3028.44810,118701,Mirae_Large_Cap,Nippon India Mutual Fund
20-11-2013,3027.69080,118701,Mirae_Large_Cap,Nippon India Mutual Fund
19-11-2013,3026.92160,118701,Mirae_Large_Cap,Nippon India Mutual Fund
18-11-2013,3026.16090,118701,Mirae_Large_Cap,Nippon India Mutual Fund
17-11-2013,3025.39740,118701,Mirae_Large_Cap,Nippon India Mutual Fund
14-11-2013,3023.06120,118701,Mirae_Large_Cap,Nippon India Mutual Fund
13-11-2013,3022.27320,118701,Mirae_Large_Cap,Nippon India Mutual Fund
12-11-2013,3021.49540,118701,Mirae_Large_Cap,Nippon India Mutual Fund
11-11-2013,3020.71760,118701,Mirae_Large_Cap,Nippon India Mutual Fund
10-11-2013,3019.92570,118701,Mirae_Large_Cap,Nippon India Mutual Fund
08-11-2013,3018.35260,118701,Mirae_Large_Cap,Nippon India Mutual Fund
07-11-2013,3017.56790,118701,Mirae_Large_Cap,Nippon India Mutual Fund
06-11-2013,3016.77240,118701,Mirae_Large_Cap,Nippon India Mutual Fund
05-11-2013,3015.98310,118701,Mirae_Large_Cap,Nippon India Mutual Fund
04-11-2013,3015.18450,118701,Mirae_Large_Cap,Nippon India Mutual Fund
01-11-2013,3012.80730,118701,Mirae_Large_Cap,Nippon India Mutual Fund
31-10-2013,3011.97580,118701,Mirae_Large_Cap,Nippon India Mutual Fund
30-10-2013,3011.16980,118701,Mirae_Large_Cap,Nippon India Mutual Fund
29-10-2013,3010.35180,118701,Mirae_Large_Cap,Nippon India Mutual Fund
28-10-2013,3009.53980,118701,Mirae_Large_Cap,Nippon India Mutual Fund
27-10-2013,3008.72030,118701,Mirae_Large_Cap,Nippon India Mutual Fund
25-10-2013,3007.12170,118701,Mirae_Large_Cap,Nippon India Mutual Fund
24-10-2013,3006.30470,118701,Mirae_Large_Cap,Nippon India Mutual Fund
23-10-2013,3005.48890,118701,Mirae_Large_Cap,Nippon India Mutual Fund
22-10-2013,3004.68890,118701,Mirae_Large_Cap,Nippon India Mutual Fund
21-10-2013,3003.86810,118701,Mirae_Large_Cap,Nippon India Mutual Fund
20-10-2013,3003.05180,118701,Mirae_Large_Cap,Nippon India Mutual Fund
18-10-2013,3001.44980,118701,Mirae_Large_Cap,Nippon India Mutual Fund
17-10-2013,3000.63630,118701,Mirae_Large_Cap,Nippon India Mutual Fund
16-10-2013,2999.79800,118701,Mirae_Large_Cap,Nippon India Mutual Fund
15-10-2013,2998.97940,118701,Mirae_Large_Cap,Nippon India Mutual Fund
14-10-2013,2998.16600,118701,Mirae_Large_Cap,Nippon India Mutual Fund
13-10-2013,2997.33570,118701,Mirae_Large_Cap,Nippon India Mutual Fund
11-10-2013,2995.68520,118701,Mirae_Large_Cap,Nippon India Mutual Fund
10-10-2013,2994.87260,118701,Mirae_Large_Cap,Nippon India Mutual Fund
09-10-2013,2993.97700,118701,Mirae_Large_Cap,Nippon India Mutual Fund
08-10-2013,2993.14470,118701,Mirae_Large_Cap,Nippon India Mutual Fund
07-10-2013,2992.16990,118701,Mirae_Large_Cap,Nippon India Mutual Fund
06-10-2013,2991.32690,118701,Mirae_Large_Cap,Nippon India Mutual Fund
04-10-2013,2989.64520,118701,Mirae_Large_Cap,Nippon India Mutual Fund
03-10-2013,2988.78730,118701,Mirae_Large_Cap,Nippon India Mutual Fund
02-10-2013,2987.90730,118701,Mirae_Large_Cap,Nippon India Mutual Fund
01-10-2013,2987.06090,118701,Mirae_Large_Cap,Nippon India Mutual Fund
30-09-2013,2986.17510,118701,Mirae_Large_Cap,Nippon India Mutual Fund
29-09-2013,2985.25320,118701,Mirae_Large_Cap,Nippon India Mutual Fund
27-09-2013,2983.56420,118701,Mirae_Large_Cap,Nippon India Mutual Fund
26-09-2013,2982.69850,118701,Mirae_Large_Cap,Nippon India Mutual Fund
25-09-2013,2981.83890,118701,Mirae_Large_Cap,Nippon India Mutual Fund
24-09-2013,2980.97430,118701,Mirae_Large_Cap,Nippon India Mutual Fund
23-09-2013,2980.07880,118701,Mirae_Large_Cap,Nippon India Mutual Fund
22-09-2013,2979.22140,118701,Mirae_Large_Cap,Nippon India Mutual Fund
20-09-2013,2977.50170,118701,Mirae_Large_Cap,Nippon India Mutual Fund
19-09-2013,2976.57480,118701,Mirae_Large_Cap,Nippon India Mutual Fund
18-09-2013,2975.61840,118701,Mirae_Large_Cap,Nippon India Mutual Fund
17-09-2013,2974.70020,118701,Mirae_Large_Cap,Nippon India Mutual Fund
16-09-2013,2973.81880,118701,Mirae_Large_Cap,Nippon India Mutual Fund
15-09-2013,2972.91110,118701,Mirae_Large_Cap,Nippon India Mutual Fund
13-09-2013,2971.19910,118701,Mirae_Large_Cap,Nippon India Mutual Fund
12-09-2013,2970.31050,118701,Mirae_Large_Cap,Nippon India Mutual Fund
11-09-2013,2969.43880,118701,Mirae_Large_Cap,Nippon India Mutual Fund
10-09-2013,2968.62710,118701,Mirae_Large_Cap,Nippon India Mutual Fund
09-09-2013,2967.65440,118701,Mirae_Large_Cap,Nippon India Mutual Fund
06-09-2013,2965.10140,118701,Mirae_Large_Cap,Nippon India Mutual Fund
05-09-2013,2964.28210,118701,Mirae_Large_Cap,Nippon India Mutual Fund
04-09-2013,2963.39460,118701,Mirae_Large_Cap,Nippon India Mutual Fund
03-09-2013,2962.18110,118701,Mirae_Large_Cap,Nippon India Mutual Fund
02-09-2013,2961.28720,118701,Mirae_Large_Cap,Nippon India Mutual Fund
01-09-2013,2960.40940,118701,Mirae_Large_Cap,Nippon India Mutual Fund
30-08-2013,2958.66770,118701,Mirae_Large_Cap,Nippon India Mutual Fund
29-08-2013,2957.65280,118701,Mirae_Large_Cap,Nippon India Mutual Fund
28-08-2013,2956.58430,118701,Mirae_Large_Cap,Nippon India Mutual Fund
27-08-2013,2955.85050,118701,Mirae_Large_Cap,Nippon India Mutual Fund
26-08-2013,2955.04100,118701,Mirae_Large_Cap,Nippon India Mutual Fund
25-08-2013,2954.20220,118701,Mirae_Large_Cap,Nippon India Mutual Fund
23-08-2013,2952.51320,118701,Mirae_Large_Cap,Nippon India Mutual Fund
22-08-2013,2951.63160,118701,Mirae_Large_Cap,Nippon India Mutual Fund
21-08-2013,2950.68450,118701,Mirae_Large_Cap,Nippon India Mutual Fund
20-08-2013,2949.61570,118701,Mirae_Large_Cap,Nippon India Mutual Fund
19-08-2013,2948.77160,118701,Mirae_Large_Cap,Nippon India Mutual Fund
18-08-2013,2948.07060,118701,Mirae_Large_Cap,Nippon India Mutual Fund
16-08-2013,2946.36300,118701,Mirae_Large_Cap,Nippon India Mutual Fund
15-08-2013,2945.53650,118701,Mirae_Large_Cap,Nippon India Mutual Fund
14-08-2013,2944.61780,118701,Mirae_Large_Cap,Nippon India Mutual Fund
13-08-2013,2943.77180,118701,Mirae_Large_Cap,Nippon India Mutual Fund
12-08-2013,2942.94380,118701,Mirae_Large_Cap,Nippon India Mutual Fund
11-08-2013,2942.14950,118701,Mirae_Large_Cap,Nippon India Mutual Fund
08-08-2013,2939.58330,118701,Mirae_Large_Cap,Nippon India Mutual Fund
07-08-2013,2938.72660,118701,Mirae_Large_Cap,Nippon India Mutual Fund
06-08-2013,2937.78740,118701,Mirae_Large_Cap,Nippon India Mutual Fund
05-08-2013,2936.93760,118701,Mirae_Large_Cap,Nippon India Mutual Fund
04-08-2013,2935.71720,118701,Mirae_Large_Cap,Nippon India Mutual Fund
02-08-2013,2933.96310,118701,Mirae_Large_Cap,Nippon India Mutual Fund
01-08-2013,2932.96310,118701,Mirae_Large_Cap,Nippon India Mutual Fund
31-07-2013,2932.07100,118701,Mirae_Large_Cap,Nippon India Mutual Fund
30-07-2013,2931.18720,118701,Mirae_Large_Cap,Nippon India Mutual Fund
29-07-2013,2930.29390,118701,Mirae_Large_Cap,Nippon India Mutual Fund
28-07-2013,2929.45150,118701,Mirae_Large_Cap,Nippon India Mutual Fund
26-07-2013,2927.72140,118701,Mirae_Large_Cap,Nippon India Mutual Fund
25-07-2013,2926.78910,118701,Mirae_Large_Cap,Nippon India Mutual Fund
24-07-2013,2925.91450,118701,Mirae_Large_Cap,Nippon India Mutual Fund
23-07-2013,2929.42410,118701,Mirae_Large_Cap,Nippon India Mutual Fund
22-07-2013,2928.99210,118701,Mirae_Large_Cap,Nippon India Mutual Fund
21-07-2013,2928.20040,118701,Mirae_Large_Cap,Nippon India Mutual Fund
19-07-2013,2926.70550,118701,Mirae_Large_Cap,Nippon India Mutual Fund
18-07-2013,2925.78300,118701,Mirae_Large_Cap,Nippon India Mutual Fund
17-07-2013,2924.22500,118701,Mirae_Large_Cap,Nippon India Mutual Fund
16-07-2013,2922.39740,118701,Mirae_Large_Cap,Nippon India Mutual Fund
15-07-2013,2929.45250,118701,Mirae_Large_Cap,Nippon India Mutual Fund
14-07-2013,2928.79240,118701,Mirae_Large_Cap,Nippon India Mutual Fund
12-07-2013,2927.51550,118701,Mirae_Large_Cap,Nippon India Mutual Fund
11-07-2013,2926.87690,118701,Mirae_Large_Cap,Nippon India Mutual Fund
10-07-2013,2926.21600,118701,Mirae_Large_Cap,Nippon India Mutual Fund
09-07-2013,2925.56630,118701,Mirae_Large_Cap,Nippon India Mutual Fund
08-07-2013,2924.91670,118701,Mirae_Large_Cap,Nippon India Mutual Fund
07-07-2013,2924.25470,118701,Mirae_Large_Cap,Nippon India Mutual Fund
05-07-2013,2922.96900,118701,Mirae_Large_Cap,Nippon India Mutual Fund
04-07-2013,2922.32460,118701,Mirae_Large_Cap,Nippon India Mutual Fund
03-07-2013,2921.60870,118701,Mirae_Large_Cap,Nippon India Mutual Fund
02-07-2013,2920.91740,118701,Mirae_Large_Cap,Nippon India Mutual Fund
01-07-2013,2920.20190,118701,Mirae_Large_Cap,Nippon India Mutual Fund
28-06-2013,2918.03410,118701,Mirae_Large_Cap,Nippon India Mutual Fund
27-06-2013,2917.36070,118701,Mirae_Large_Cap,Nippon India Mutual Fund
26-06-2013,2916.69580,118701,Mirae_Large_Cap,Nippon India Mutual Fund
25-06-2013,2916.05330,118701,Mirae_Large_Cap,Nippon India Mutual Fund
24-06-2013,2915.40780,118701,Mirae_Large_Cap,Nippon India Mutual Fund
23-06-2013,2914.75620,118701,Mirae_Large_Cap,Nippon India Mutual Fund
21-06-2013,2913.46260,118701,Mirae_Large_Cap,Nippon India Mutual Fund
20-06-2013,2912.81220,118701,Mirae_Large_Cap,Nippon India Mutual Fund
19-06-2013,2912.16110,118701,Mirae_Large_Cap,Nippon India Mutual Fund
18-06-2013,2911.51320,118701,Mirae_Large_Cap,Nippon India Mutual Fund
17-06-2013,2910.86510,118701,Mirae_Large_Cap,Nippon India Mutual Fund
16-06-2013,2910.21210,118701,Mirae_Large_Cap,Nippon India Mutual Fund
14-06-2013,2908.92630,118701,Mirae_Large_Cap,Nippon India Mutual Fund
13-06-2013,2908.28850,118701,Mirae_Large_Cap,Nippon India Mutual Fund
12-06-2013,2907.65190,118701,Mirae_Large_Cap,Nippon India Mutual Fund
11-06-2013,2907.00750,118701,Mirae_Large_Cap,Nippon India Mutual Fund
10-06-2013,2906.36110,118701,Mirae_Large_Cap,Nippon India Mutual Fund
09-06-2013,2905.70670,118701,Mirae_Large_Cap,Nippon India Mutual Fund
07-06-2013,2904.39960,118701,Mirae_Large_Cap,Nippon India Mutual Fund
06-06-2013,2903.74280,118701,Mirae_Large_Cap,Nippon India Mutual Fund
05-06-2013,2903.07680,118701,Mirae_Large_Cap,Nippon India Mutual Fund
04-06-2013,2902.42220,118701,Mirae_Large_Cap,Nippon India Mutual Fund
03-06-2013,2901.76780,118701,Mirae_Large_Cap,Nippon India Mutual Fund
02-06-2013,2901.10630,118701,Mirae_Large_Cap,Nippon India Mutual Fund
31-05-2013,2899.78970,118701,Mirae_Large_Cap,Nippon India Mutual Fund
30-05-2013,2899.12680,118701,Mirae_Large_Cap,Nippon India Mutual Fund
29-05-2013,2898.46920,118701,Mirae_Large_Cap,Nippon India Mutual Fund
28-05-2013,2897.80860,118701,Mirae_Large_Cap,Nippon India Mutual Fund
27-05-2013,2897.14600,118701,Mirae_Large_Cap,Nippon India Mutual Fund
26-05-2013,2896.46960,118701,Mirae_Large_Cap,Nippon India Mutual Fund
24-05-2013,2895.15770,118701,Mirae_Large_Cap,Nippon India Mutual Fund
23-05-2013,2894.49550,118701,Mirae_Large_Cap,Nippon India Mutual Fund
22-05-2013,2893.82600,118701,Mirae_Large_Cap,Nippon India Mutual Fund
21-05-2013,2893.15480,118701,Mirae_Large_Cap,Nippon India Mutual Fund
20-05-2013,2892.48480,118701,Mirae_Large_Cap,Nippon India Mutual Fund
19-05-2013,2891.81030,118701,Mirae_Large_Cap,Nippon India Mutual Fund
17-05-2013,2890.49540,118701,Mirae_Large_Cap,Nippon India Mutual Fund
16-05-2013,2889.82630,118701,Mirae_Large_Cap,Nippon India Mutual Fund
15-05-2013,2889.15760,118701,Mirae_Large_Cap,Nippon India Mutual Fund
14-05-2013,2888.48970,118701,Mirae_Large_Cap,Nippon India Mutual Fund
13-05-2013,2887.81180,118701,Mirae_Large_Cap,Nippon India Mutual Fund
12-05-2013,2887.13750,118701,Mirae_Large_Cap,Nippon India Mutual Fund
10-05-2013,2885.80980,118701,Mirae_Large_Cap,Nippon India Mutual Fund
09-05-2013,2885.13280,118701,Mirae_Large_Cap,Nippon India Mutual Fund
08-05-2013,2884.45290,118701,Mirae_Large_Cap,Nippon India Mutual Fund
07-05-2013,2883.76570,118701,Mirae_Large_Cap,Nippon India Mutual Fund
06-05-2013,2883.08660,118701,Mirae_Large_Cap,Nippon India Mutual Fund
05-05-2013,2882.39960,118701,Mirae_Large_Cap,Nippon India Mutual Fund
03-05-2013,2881.06300,118701,Mirae_Large_Cap,Nippon India Mutual Fund
02-05-2013,2880.38370,118701,Mirae_Large_Cap,Nippon India Mutual Fund
01-05-2013,2879.69110,118701,Mirae_Large_Cap,Nippon India Mutual Fund
30-04-2013,2879.02220,118701,Mirae_Large_Cap,Nippon India Mutual Fund
29-04-2013,2878.33560,118701,Mirae_Large_Cap,Nippon India Mutual Fund
28-04-2013,2877.64360,118701,Mirae_Large_Cap,Nippon India Mutual Fund
26-04-2013,2876.30530,118701,Mirae_Large_Cap,Nippon India Mutual Fund
25-04-2013,2875.62060,118701,Mirae_Large_Cap,Nippon India Mutual Fund
24-04-2013,2874.93440,118701,Mirae_Large_Cap,Nippon India Mutual Fund
23-04-2013,2874.26220,118701,Mirae_Large_Cap,Nippon India Mutual Fund
22-04-2013,2873.58010,118701,Mirae_Large_Cap,Nippon India Mutual Fund
21-04-2013,2872.88950,118701,Mirae_Large_Cap,Nippon India Mutual Fund
18-04-2013,2870.87440,118701,Mirae_Large_Cap,Nippon India Mutual Fund
17-04-2013,2870.18300,118701,Mirae_Large_Cap,Nippon India Mutual Fund
16-04-2013,2869.49440,118701,Mirae_Large_Cap,Nippon India Mutual Fund
15-04-2013,2868.80280,118701,Mirae_Large_Cap,Nippon India Mutual Fund
14-04-2013,2868.11120,118701,Mirae_Large_Cap,Nippon India Mutual Fund
12-04-2013,2866.77780,118701,Mirae_Large_Cap,Nippon India Mutual Fund
11-04-2013,2866.09810,118701,Mirae_Large_Cap,Nippon India Mutual Fund
10-04-2013,2865.43480,118701,Mirae_Large_Cap,Nippon India Mutual Fund
09-04-2013,2864.76150,118701,Mirae_Large_Cap,Nippon India Mutual Fund
08-04-2013,2864.09780,118701,Mirae_Large_Cap,Nippon India Mutual Fund
07-04-2013,2863.41270,118701,Mirae_Large_Cap,Nippon India Mutual Fund
05-04-2013,2862.11800,118701,Mirae_Large_Cap,Nippon India Mutual Fund
04-04-2013,2861.43640,118701,Mirae_Large_Cap,Nippon India Mutual Fund
03-04-2013,2860.51330,118701,Mirae_Large_Cap,Nippon India Mutual Fund
02-04-2013,2859.73490,118701,Mirae_Large_Cap,Nippon India Mutual Fund
01-04-2013,2858.57650,118701,Mirae_Large_Cap,Nippon India Mutual Fund
28-03-2013,2855.66300,118701,Mirae_Large_Cap,Nippon India Mutual Fund
27-03-2013,2854.87850,118701,Mirae_Large_Cap,Nippon India Mutual Fund
26-03-2013,2854.15650,118701,Mirae_Large_Cap,Nippon India Mutual Fund
25-03-2013,2853.37370,118701,Mirae_Large_Cap,Nippon India Mutual Fund
24-03-2013,2852.64200,118701,Mirae_Large_Cap,Nippon India Mutual Fund
22-03-2013,2851.23450,118701,Mirae_Large_Cap,Nippon India Mutual Fund
21-03-2013,2850.51330,118701,Mirae_Large_Cap,Nippon India Mutual Fund
20-03-2013,2849.78080,118701,Mirae_Large_Cap,Nippon India Mutual Fund
19-03-2013,2849.06810,118701,Mirae_Large_Cap,Nippon India Mutual Fund
18-03-2013,2848.35920,118701,Mirae_Large_Cap,Nippon India Mutual Fund
17-03-2013,2847.66510,118701,Mirae_Large_Cap,Nippon India Mutual Fund
15-03-2013,2846.25950,118701,Mirae_Large_Cap,Nippon India Mutual Fund
14-03-2013,2845.58530,118701,Mirae_Large_Cap,Nippon India Mutual Fund
13-03-2013,2844.88630,118701,Mirae_Large_Cap,Nippon India Mutual Fund
12-03-2013,2844.21020,118701,Mirae_Large_Cap,Nippon India Mutual Fund
11-03-2013,2843.53100,118701,Mirae_Large_Cap,Nippon India Mutual Fund
10-03-2013,2842.85520,118701,Mirae_Large_Cap,Nippon India Mutual Fund
08-03-2013,2841.50420,118701,Mirae_Large_Cap,Nippon India Mutual Fund
07-03-2013,2840.82260,118701,Mirae_Large_Cap,Nippon India Mutual Fund
06-03-2013,2840.14490,118701,Mirae_Large_Cap,Nippon India Mutual Fund
05-03-2013,2839.47380,118701,Mirae_Large_Cap,Nippon India Mutual Fund
04-03-2013,2838.80950,118701,Mirae_Large_Cap,Nippon India Mutual Fund
03-03-2013,2838.15100,118701,Mirae_Large_Cap,Nippon India Mutual Fund
01-03-2013,2836.82530,118701,Mirae_Large_Cap,Nippon India Mutual Fund
28-02-2013,2836.16320,118701,Mirae_Large_Cap,Nippon India Mutual Fund
27-02-2013,2835.50480,118701,Mirae_Large_Cap,Nippon India Mutual Fund
26-02-2013,2834.85000,118701,Mirae_Large_Cap,Nippon India Mutual Fund
25-02-2013,2834.19510,118701,Mirae_Large_Cap,Nippon India Mutual Fund
24-02-2013,2833.54310,118701,Mirae_Large_Cap,Nippon India Mutual Fund
22-02-2013,2832.23440,118701,Mirae_Large_Cap,Nippon India Mutual Fund
21-02-2013,2831.57960,118701,Mirae_Large_Cap,Nippon India Mutual Fund
20-02-2013,2830.93390,118701,Mirae_Large_Cap,Nippon India Mutual Fund
19-02-2013,2830.28650,118701,Mirae_Large_Cap,Nippon India Mutual Fund
18-02-2013,2829.63820,118701,Mirae_Large_Cap,Nippon India Mutual Fund
17-02-2013,2828.98660,118701,Mirae_Large_Cap,Nippon India Mutual Fund
15-02-2013,2827.69160,118701,Mirae_Large_Cap,Nippon India Mutual Fund
14-02-2013,2827.03140,118701,Mirae_Large_Cap,Nippon India Mutual Fund
13-02-2013,2826.38680,118701,Mirae_Large_Cap,Nippon India Mutual Fund
12-02-2013,2825.73530,118701,Mirae_Large_Cap,Nippon India Mutual Fund
11-02-2013,2825.08690,118701,Mirae_Large_Cap,Nippon India Mutual Fund
10-02-2013,2824.43060,118701,Mirae_Large_Cap,Nippon India Mutual Fund
08-02-2013,2823.13770,118701,Mirae_Large_Cap,Nippon India Mutual Fund
07-02-2013,2822.49170,118701,Mirae_Large_Cap,Nippon India Mutual Fund
06-02-2013,2821.83720,118701,Mirae_Large_Cap,Nippon India Mutual Fund
05-02-2013,2821.19090,118701,Mirae_Large_Cap,Nippon India Mutual Fund
04-02-2013,2820.52980,118701,Mirae_Large_Cap,Nippon India Mutual Fund
03-02-2013,2819.88270,118701,Mirae_Large_Cap,Nippon India Mutual Fund
01-02-2013,2818.58550,118701,Mirae_Large_Cap,Nippon India Mutual Fund
31-01-2013,2817.93420,118701,Mirae_Large_Cap,Nippon India Mutual Fund
30-01-2013,2817.29150,118701,Mirae_Large_Cap,Nippon India Mutual Fund
29-01-2013,2816.64440,118701,Mirae_Large_Cap,Nippon India Mutual Fund
28-01-2013,2815.95930,118701,Mirae_Large_Cap,Nippon India Mutual Fund
27-01-2013,2815.30780,118701,Mirae_Large_Cap,Nippon India Mutual Fund
24-01-2013,2813.36760,118701,Mirae_Large_Cap,Nippon India Mutual Fund
23-01-2013,2812.71350,118701,Mirae_Large_Cap,Nippon India Mutual Fund
22-01-2013,2812.05910,118701,Mirae_Large_Cap,Nippon India Mutual Fund
21-01-2013,2811.40790,118701,Mirae_Large_Cap,Nippon India Mutual Fund
20-01-2013,2810.75630,118701,Mirae_Large_Cap,Nippon India Mutual Fund
18-01-2013,2809.45490,118701,Mirae_Large_Cap,Nippon India Mutual Fund
17-01-2013,2808.80950,118701,Mirae_Large_Cap,Nippon India Mutual Fund
16-01-2013,2808.15670,118701,Mirae_Large_Cap,Nippon India Mutual Fund
15-01-2013,2807.50120,118701,Mirae_Large_Cap,Nippon India Mutual Fund
14-01-2013,2806.84190,118701,Mirae_Large_Cap,Nippon India Mutual Fund
13-01-2013,2806.17380,118701,Mirae_Large_Cap,Nippon India Mutual Fund
11-01-2013,2804.86770,118701,Mirae_Large_Cap,Nippon India Mutual Fund
10-01-2013,2804.20590,118701,Mirae_Large_Cap,Nippon India Mutual Fund
09-01-2013,2803.55050,118701,Mirae_Large_Cap,Nippon India Mutual Fund
08-01-2013,2802.89730,118701,Mirae_Large_Cap,Nippon India Mutual Fund
07-01-2013,2802.23990,118701,Mirae_Large_Cap,Nippon India Mutual Fund
06-01-2013,2801.57600,118701,Mirae_Large_Cap,Nippon India Mutual Fund
04-01-2013,2800.27020,118701,Mirae_Large_Cap,Nippon India Mutual Fund
03-01-2013,2799.61140,118701,Mirae_Large_Cap,Nippon India Mutual Fund
02-01-2013,2798.94610,118701,Mirae_Large_Cap,Nippon India Mutual Fund
01-01-2013,2798.27100,118701,Mirae_Large_Cap,Nippon India Mutual Fund
