date,nav,scheme_code,fund_name,fund_house
01-06-2026,166.86990,125494,SBI_Small_Cap,SBI Mutual Fund
31-05-2026,168.05710,125494,SBI_Small_Cap,SBI Mutual Fund
29-05-2026,168.06540,125494,SBI_Small_Cap,SBI Mutual Fund
27-05-2026,169.25750,125494,SBI_Small_Cap,SBI Mutual Fund
26-05-2026,168.54570,125494,SBI_Small_Cap,SBI Mutual Fund
25-05-2026,167.97150,125494,SBI_Small_Cap,SBI Mutual Fund
22-05-2026,166.73510,125494,SBI_Small_Cap,SBI Mutual Fund
21-05-2026,166.42170,125494,SBI_Small_Cap,SBI Mutual Fund
20-05-2026,164.78380,125494,SBI_Small_Cap,SBI Mutual Fund
19-05-2026,164.51760,125494,SBI_Small_Cap,SBI Mutual Fund
18-05-2026,163.09540,125494,SBI_Small_Cap,SBI Mutual Fund
15-05-2026,165.12650,125494,SBI_Small_Cap,SBI Mutual Fund
14-05-2026,164.86450,125494,SBI_Small_Cap,SBI Mutual Fund
13-05-2026,165.32770,125494,SBI_Small_Cap,SBI Mutual Fund
12-05-2026,165.46250,125494,SBI_Small_Cap,SBI Mutual Fund
11-05-2026,169.78100,125494,SBI_Small_Cap,SBI Mutual Fund
08-05-2026,170.91710,125494,SBI_Small_Cap,SBI Mutual Fund
07-05-2026,171.43590,125494,SBI_Small_Cap,SBI Mutual Fund
06-05-2026,170.16180,125494,SBI_Small_Cap,SBI Mutual Fund
05-05-2026,168.91380,125494,SBI_Small_Cap,SBI Mutual Fund
04-05-2026,169.68590,125494,SBI_Small_Cap,SBI Mutual Fund
30-04-2026,167.93460,125494,SBI_Small_Cap,SBI Mutual Fund
29-04-2026,168.58000,125494,SBI_Small_Cap,SBI Mutual Fund
28-04-2026,168.00370,125494,SBI_Small_Cap,SBI Mutual Fund
27-04-2026,168.30900,125494,SBI_Small_Cap,SBI Mutual Fund
24-04-2026,165.89770,125494,SBI_Small_Cap,SBI Mutual Fund
23-04-2026,167.62880,125494,SBI_Small_Cap,SBI Mutual Fund
22-04-2026,168.64060,125494,SBI_Small_Cap,SBI Mutual Fund
21-04-2026,167.29560,125494,SBI_Small_Cap,SBI Mutual Fund
20-04-2026,165.92580,125494,SBI_Small_Cap,SBI Mutual Fund
17-04-2026,165.47270,125494,SBI_Small_Cap,SBI Mutual Fund
16-04-2026,163.57180,125494,SBI_Small_Cap,SBI Mutual Fund
15-04-2026,162.66080,125494,SBI_Small_Cap,SBI Mutual Fund
13-04-2026,160.12330,125494,SBI_Small_Cap,SBI Mutual Fund
10-04-2026,160.43550,125494,SBI_Small_Cap,SBI Mutual Fund
09-04-2026,157.44110,125494,SBI_Small_Cap,SBI Mutual Fund
08-04-2026,156.86490,125494,SBI_Small_Cap,SBI Mutual Fund
07-04-2026,151.87830,125494,SBI_Small_Cap,SBI Mutual Fund
06-04-2026,151.95200,125494,SBI_Small_Cap,SBI Mutual Fund
02-04-2026,151.03760,125494,SBI_Small_Cap,SBI Mutual Fund
01-04-2026,150.98440,125494,SBI_Small_Cap,SBI Mutual Fund
31-03-2026,147.15500,125494,SBI_Small_Cap,SBI Mutual Fund
30-03-2026,147.15840,125494,SBI_Small_Cap,SBI Mutual Fund
27-03-2026,149.86460,125494,SBI_Small_Cap,SBI Mutual Fund
25-03-2026,152.43220,125494,SBI_Small_Cap,SBI Mutual Fund
24-03-2026,149.46700,125494,SBI_Small_Cap,SBI Mutual Fund
23-03-2026,146.95390,125494,SBI_Small_Cap,SBI Mutual Fund
20-03-2026,151.75330,125494,SBI_Small_Cap,SBI Mutual Fund
19-03-2026,151.13070,125494,SBI_Small_Cap,SBI Mutual Fund
18-03-2026,154.25450,125494,SBI_Small_Cap,SBI Mutual Fund
17-03-2026,151.27860,125494,SBI_Small_Cap,SBI Mutual Fund
16-03-2026,151.07080,125494,SBI_Small_Cap,SBI Mutual Fund
13-03-2026,151.21620,125494,SBI_Small_Cap,SBI Mutual Fund
12-03-2026,154.70800,125494,SBI_Small_Cap,SBI Mutual Fund
11-03-2026,155.05950,125494,SBI_Small_Cap,SBI Mutual Fund
10-03-2026,155.45660,125494,SBI_Small_Cap,SBI Mutual Fund
09-03-2026,152.79350,125494,SBI_Small_Cap,SBI Mutual Fund
06-03-2026,155.58930,125494,SBI_Small_Cap,SBI Mutual Fund
05-03-2026,155.89300,125494,SBI_Small_Cap,SBI Mutual Fund
04-03-2026,154.74230,125494,SBI_Small_Cap,SBI Mutual Fund
02-03-2026,157.63680,125494,SBI_Small_Cap,SBI Mutual Fund
28-02-2026,160.63510,125494,SBI_Small_Cap,SBI Mutual Fund
27-02-2026,160.63890,125494,SBI_Small_Cap,SBI Mutual Fund
26-02-2026,161.80490,125494,SBI_Small_Cap,SBI Mutual Fund
25-02-2026,161.76830,125494,SBI_Small_Cap,SBI Mutual Fund
24-02-2026,161.91040,125494,SBI_Small_Cap,SBI Mutual Fund
23-02-2026,163.10010,125494,SBI_Small_Cap,SBI Mutual Fund
20-02-2026,161.93780,125494,SBI_Small_Cap,SBI Mutual Fund
19-02-2026,162.32740,125494,SBI_Small_Cap,SBI Mutual Fund
18-02-2026,163.67570,125494,SBI_Small_Cap,SBI Mutual Fund
17-02-2026,163.18440,125494,SBI_Small_Cap,SBI Mutual Fund
16-02-2026,161.62560,125494,SBI_Small_Cap,SBI Mutual Fund
13-02-2026,162.84450,125494,SBI_Small_Cap,SBI Mutual Fund
12-02-2026,164.90680,125494,SBI_Small_Cap,SBI Mutual Fund
11-02-2026,165.03530,125494,SBI_Small_Cap,SBI Mutual Fund
10-02-2026,164.40630,125494,SBI_Small_Cap,SBI Mutual Fund
09-02-2026,163.93160,125494,SBI_Small_Cap,SBI Mutual Fund
06-02-2026,160.60060,125494,SBI_Small_Cap,SBI Mutual Fund
05-02-2026,161.53320,125494,SBI_Small_Cap,SBI Mutual Fund
04-02-2026,162.47850,125494,SBI_Small_Cap,SBI Mutual Fund
03-02-2026,162.41570,125494,SBI_Small_Cap,SBI Mutual Fund
02-02-2026,157.06180,125494,SBI_Small_Cap,SBI Mutual Fund
31-01-2026,159.46880,125494,SBI_Small_Cap,SBI Mutual Fund
30-01-2026,159.47330,125494,SBI_Small_Cap,SBI Mutual Fund
29-01-2026,156.55250,125494,SBI_Small_Cap,SBI Mutual Fund
28-01-2026,157.55350,125494,SBI_Small_Cap,SBI Mutual Fund
27-01-2026,156.22080,125494,SBI_Small_Cap,SBI Mutual Fund
23-01-2026,156.45420,125494,SBI_Small_Cap,SBI Mutual Fund
22-01-2026,159.02540,125494,SBI_Small_Cap,SBI Mutual Fund
21-01-2026,157.96570,125494,SBI_Small_Cap,SBI Mutual Fund
20-01-2026,158.23250,125494,SBI_Small_Cap,SBI Mutual Fund
19-01-2026,161.34200,125494,SBI_Small_Cap,SBI Mutual Fund
16-01-2026,162.71720,125494,SBI_Small_Cap,SBI Mutual Fund
14-01-2026,163.04270,125494,SBI_Small_Cap,SBI Mutual Fund
13-01-2026,163.32660,125494,SBI_Small_Cap,SBI Mutual Fund
12-01-2026,162.04580,125494,SBI_Small_Cap,SBI Mutual Fund
09-01-2026,162.85180,125494,SBI_Small_Cap,SBI Mutual Fund
08-01-2026,165.52150,125494,SBI_Small_Cap,SBI Mutual Fund
07-01-2026,168.27350,125494,SBI_Small_Cap,SBI Mutual Fund
06-01-2026,168.61270,125494,SBI_Small_Cap,SBI Mutual Fund
05-01-2026,169.20490,125494,SBI_Small_Cap,SBI Mutual Fund
02-01-2026,169.38640,125494,SBI_Small_Cap,SBI Mutual Fund
01-01-2026,168.57860,125494,SBI_Small_Cap,SBI Mutual Fund
31-12-2025,168.69620,125494,SBI_Small_Cap,SBI Mutual Fund
30-12-2025,167.11350,125494,SBI_Small_Cap,SBI Mutual Fund
29-12-2025,167.63170,125494,SBI_Small_Cap,SBI Mutual Fund
26-12-2025,167.68670,125494,SBI_Small_Cap,SBI Mutual Fund
24-12-2025,168.29820,125494,SBI_Small_Cap,SBI Mutual Fund
23-12-2025,168.28490,125494,SBI_Small_Cap,SBI Mutual Fund
22-12-2025,167.41120,125494,SBI_Small_Cap,SBI Mutual Fund
19-12-2025,166.42840,125494,SBI_Small_Cap,SBI Mutual Fund
18-12-2025,165.06180,125494,SBI_Small_Cap,SBI Mutual Fund
17-12-2025,165.51850,125494,SBI_Small_Cap,SBI Mutual Fund
16-12-2025,166.61270,125494,SBI_Small_Cap,SBI Mutual Fund
15-12-2025,168.20000,125494,SBI_Small_Cap,SBI Mutual Fund
12-12-2025,167.51920,125494,SBI_Small_Cap,SBI Mutual Fund
11-12-2025,166.78920,125494,SBI_Small_Cap,SBI Mutual Fund
10-12-2025,166.58440,125494,SBI_Small_Cap,SBI Mutual Fund
09-12-2025,166.67670,125494,SBI_Small_Cap,SBI Mutual Fund
08-12-2025,165.63670,125494,SBI_Small_Cap,SBI Mutual Fund
05-12-2025,168.24920,125494,SBI_Small_Cap,SBI Mutual Fund
04-12-2025,168.52720,125494,SBI_Small_Cap,SBI Mutual Fund
03-12-2025,169.29380,125494,SBI_Small_Cap,SBI Mutual Fund
02-12-2025,169.38110,125494,SBI_Small_Cap,SBI Mutual Fund
01-12-2025,170.19630,125494,SBI_Small_Cap,SBI Mutual Fund
30-11-2025,169.86600,125494,SBI_Small_Cap,SBI Mutual Fund
28-11-2025,169.87320,125494,SBI_Small_Cap,SBI Mutual Fund
27-11-2025,170.02580,125494,SBI_Small_Cap,SBI Mutual Fund
26-11-2025,170.64520,125494,SBI_Small_Cap,SBI Mutual Fund
25-11-2025,169.21020,125494,SBI_Small_Cap,SBI Mutual Fund
24-11-2025,168.95700,125494,SBI_Small_Cap,SBI Mutual Fund
21-11-2025,169.26660,125494,SBI_Small_Cap,SBI Mutual Fund
20-11-2025,170.85770,125494,SBI_Small_Cap,SBI Mutual Fund
19-11-2025,171.25780,125494,SBI_Small_Cap,SBI Mutual Fund
18-11-2025,171.62740,125494,SBI_Small_Cap,SBI Mutual Fund
17-11-2025,172.47950,125494,SBI_Small_Cap,SBI Mutual Fund
14-11-2025,171.74710,125494,SBI_Small_Cap,SBI Mutual Fund
13-11-2025,171.29670,125494,SBI_Small_Cap,SBI Mutual Fund
12-11-2025,171.59470,125494,SBI_Small_Cap,SBI Mutual Fund
11-11-2025,171.21900,125494,SBI_Small_Cap,SBI Mutual Fund
10-11-2025,171.04550,125494,SBI_Small_Cap,SBI Mutual Fund
07-11-2025,171.98940,125494,SBI_Small_Cap,SBI Mutual Fund
06-11-2025,172.41880,125494,SBI_Small_Cap,SBI Mutual Fund
04-11-2025,174.74920,125494,SBI_Small_Cap,SBI Mutual Fund
03-11-2025,175.19160,125494,SBI_Small_Cap,SBI Mutual Fund
31-10-2025,174.20290,125494,SBI_Small_Cap,SBI Mutual Fund
30-10-2025,174.81280,125494,SBI_Small_Cap,SBI Mutual Fund
29-10-2025,175.26910,125494,SBI_Small_Cap,SBI Mutual Fund
28-10-2025,174.92190,125494,SBI_Small_Cap,SBI Mutual Fund
27-10-2025,174.19490,125494,SBI_Small_Cap,SBI Mutual Fund
24-10-2025,172.99890,125494,SBI_Small_Cap,SBI Mutual Fund
23-10-2025,173.29970,125494,SBI_Small_Cap,SBI Mutual Fund
20-10-2025,172.24200,125494,SBI_Small_Cap,SBI Mutual Fund
17-10-2025,171.88870,125494,SBI_Small_Cap,SBI Mutual Fund
16-10-2025,171.75700,125494,SBI_Small_Cap,SBI Mutual Fund
15-10-2025,169.79680,125494,SBI_Small_Cap,SBI Mutual Fund
14-10-2025,168.66460,125494,SBI_Small_Cap,SBI Mutual Fund
13-10-2025,169.66170,125494,SBI_Small_Cap,SBI Mutual Fund
10-10-2025,170.18060,125494,SBI_Small_Cap,SBI Mutual Fund
09-10-2025,170.11390,125494,SBI_Small_Cap,SBI Mutual Fund
08-10-2025,170.83380,125494,SBI_Small_Cap,SBI Mutual Fund
07-10-2025,171.33540,125494,SBI_Small_Cap,SBI Mutual Fund
06-10-2025,171.44290,125494,SBI_Small_Cap,SBI Mutual Fund
03-10-2025,171.23470,125494,SBI_Small_Cap,SBI Mutual Fund
01-10-2025,170.18590,125494,SBI_Small_Cap,SBI Mutual Fund
30-09-2025,169.13990,125494,SBI_Small_Cap,SBI Mutual Fund
26-09-2025,169.34250,125494,SBI_Small_Cap,SBI Mutual Fund
25-09-2025,172.17960,125494,SBI_Small_Cap,SBI Mutual Fund
24-09-2025,173.52830,125494,SBI_Small_Cap,SBI Mutual Fund
23-09-2025,174.03050,125494,SBI_Small_Cap,SBI Mutual Fund
22-09-2025,174.72960,125494,SBI_Small_Cap,SBI Mutual Fund
19-09-2025,175.65960,125494,SBI_Small_Cap,SBI Mutual Fund
18-09-2025,175.87190,125494,SBI_Small_Cap,SBI Mutual Fund
17-09-2025,176.11610,125494,SBI_Small_Cap,SBI Mutual Fund
16-09-2025,175.56120,125494,SBI_Small_Cap,SBI Mutual Fund
15-09-2025,174.62030,125494,SBI_Small_Cap,SBI Mutual Fund
12-09-2025,173.73750,125494,SBI_Small_Cap,SBI Mutual Fund
11-09-2025,173.66460,125494,SBI_Small_Cap,SBI Mutual Fund
10-09-2025,173.42760,125494,SBI_Small_Cap,SBI Mutual Fund
09-09-2025,173.02740,125494,SBI_Small_Cap,SBI Mutual Fund
08-09-2025,172.33620,125494,SBI_Small_Cap,SBI Mutual Fund
05-09-2025,172.47530,125494,SBI_Small_Cap,SBI Mutual Fund
04-09-2025,172.56200,125494,SBI_Small_Cap,SBI Mutual Fund
03-09-2025,172.51690,125494,SBI_Small_Cap,SBI Mutual Fund
02-09-2025,171.30240,125494,SBI_Small_Cap,SBI Mutual Fund
01-09-2025,170.86760,125494,SBI_Small_Cap,SBI Mutual Fund
31-08-2025,169.14250,125494,SBI_Small_Cap,SBI Mutual Fund
29-08-2025,169.14980,125494,SBI_Small_Cap,SBI Mutual Fund
28-08-2025,169.79630,125494,SBI_Small_Cap,SBI Mutual Fund
26-08-2025,170.76900,125494,SBI_Small_Cap,SBI Mutual Fund
25-08-2025,173.55450,125494,SBI_Small_Cap,SBI Mutual Fund
22-08-2025,173.85900,125494,SBI_Small_Cap,SBI Mutual Fund
21-08-2025,174.68350,125494,SBI_Small_Cap,SBI Mutual Fund
20-08-2025,173.63290,125494,SBI_Small_Cap,SBI Mutual Fund
19-08-2025,172.93060,125494,SBI_Small_Cap,SBI Mutual Fund
18-08-2025,171.95770,125494,SBI_Small_Cap,SBI Mutual Fund
14-08-2025,168.91040,125494,SBI_Small_Cap,SBI Mutual Fund
13-08-2025,168.48560,125494,SBI_Small_Cap,SBI Mutual Fund
12-08-2025,168.29970,125494,SBI_Small_Cap,SBI Mutual Fund
11-08-2025,168.69960,125494,SBI_Small_Cap,SBI Mutual Fund
08-08-2025,167.66220,125494,SBI_Small_Cap,SBI Mutual Fund
07-08-2025,168.58210,125494,SBI_Small_Cap,SBI Mutual Fund
06-08-2025,169.08320,125494,SBI_Small_Cap,SBI Mutual Fund
05-08-2025,170.30770,125494,SBI_Small_Cap,SBI Mutual Fund
04-08-2025,170.90600,125494,SBI_Small_Cap,SBI Mutual Fund
01-08-2025,170.30720,125494,SBI_Small_Cap,SBI Mutual Fund
31-07-2025,172.52490,125494,SBI_Small_Cap,SBI Mutual Fund
30-07-2025,173.36910,125494,SBI_Small_Cap,SBI Mutual Fund
29-07-2025,172.81740,125494,SBI_Small_Cap,SBI Mutual Fund
28-07-2025,172.51400,125494,SBI_Small_Cap,SBI Mutual Fund
25-07-2025,174.24890,125494,SBI_Small_Cap,SBI Mutual Fund
24-07-2025,177.12400,125494,SBI_Small_Cap,SBI Mutual Fund
23-07-2025,178.16200,125494,SBI_Small_Cap,SBI Mutual Fund
22-07-2025,177.70040,125494,SBI_Small_Cap,SBI Mutual Fund
21-07-2025,178.08130,125494,SBI_Small_Cap,SBI Mutual Fund
18-07-2025,178.29670,125494,SBI_Small_Cap,SBI Mutual Fund
17-07-2025,179.05990,125494,SBI_Small_Cap,SBI Mutual Fund
16-07-2025,177.99700,125494,SBI_Small_Cap,SBI Mutual Fund
15-07-2025,178.21370,125494,SBI_Small_Cap,SBI Mutual Fund
14-07-2025,176.55030,125494,SBI_Small_Cap,SBI Mutual Fund
11-07-2025,175.89940,125494,SBI_Small_Cap,SBI Mutual Fund
10-07-2025,176.19880,125494,SBI_Small_Cap,SBI Mutual Fund
09-07-2025,175.96690,125494,SBI_Small_Cap,SBI Mutual Fund
08-07-2025,175.19370,125494,SBI_Small_Cap,SBI Mutual Fund
07-07-2025,175.09610,125494,SBI_Small_Cap,SBI Mutual Fund
04-07-2025,175.41630,125494,SBI_Small_Cap,SBI Mutual Fund
03-07-2025,174.84530,125494,SBI_Small_Cap,SBI Mutual Fund
02-07-2025,174.25690,125494,SBI_Small_Cap,SBI Mutual Fund
01-07-2025,175.07060,125494,SBI_Small_Cap,SBI Mutual Fund
30-06-2025,175.11870,125494,SBI_Small_Cap,SBI Mutual Fund
27-06-2025,173.16430,125494,SBI_Small_Cap,SBI Mutual Fund
26-06-2025,172.43360,125494,SBI_Small_Cap,SBI Mutual Fund
25-06-2025,172.62300,125494,SBI_Small_Cap,SBI Mutual Fund
24-06-2025,170.04190,125494,SBI_Small_Cap,SBI Mutual Fund
23-06-2025,168.72510,125494,SBI_Small_Cap,SBI Mutual Fund
20-06-2025,168.39970,125494,SBI_Small_Cap,SBI Mutual Fund
19-06-2025,168.02440,125494,SBI_Small_Cap,SBI Mutual Fund
18-06-2025,170.29870,125494,SBI_Small_Cap,SBI Mutual Fund
17-06-2025,170.08220,125494,SBI_Small_Cap,SBI Mutual Fund
16-06-2025,169.92360,125494,SBI_Small_Cap,SBI Mutual Fund
13-06-2025,169.54950,125494,SBI_Small_Cap,SBI Mutual Fund
12-06-2025,169.94330,125494,SBI_Small_Cap,SBI Mutual Fund
11-06-2025,171.69610,125494,SBI_Small_Cap,SBI Mutual Fund
10-06-2025,171.70440,125494,SBI_Small_Cap,SBI Mutual Fund
09-06-2025,171.62670,125494,SBI_Small_Cap,SBI Mutual Fund
06-06-2025,170.07300,125494,SBI_Small_Cap,SBI Mutual Fund
05-06-2025,169.22460,125494,SBI_Small_Cap,SBI Mutual Fund
04-06-2025,169.10780,125494,SBI_Small_Cap,SBI Mutual Fund
03-06-2025,169.13950,125494,SBI_Small_Cap,SBI Mutual Fund
02-06-2025,168.84450,125494,SBI_Small_Cap,SBI Mutual Fund
31-05-2025,168.55890,125494,SBI_Small_Cap,SBI Mutual Fund
30-05-2025,168.56180,125494,SBI_Small_Cap,SBI Mutual Fund
29-05-2025,168.40250,125494,SBI_Small_Cap,SBI Mutual Fund
28-05-2025,168.18040,125494,SBI_Small_Cap,SBI Mutual Fund
27-05-2025,167.71130,125494,SBI_Small_Cap,SBI Mutual Fund
26-05-2025,167.99530,125494,SBI_Small_Cap,SBI Mutual Fund
23-05-2025,166.89690,125494,SBI_Small_Cap,SBI Mutual Fund
22-05-2025,166.45200,125494,SBI_Small_Cap,SBI Mutual Fund
21-05-2025,166.49180,125494,SBI_Small_Cap,SBI Mutual Fund
20-05-2025,166.40060,125494,SBI_Small_Cap,SBI Mutual Fund
19-05-2025,168.01420,125494,SBI_Small_Cap,SBI Mutual Fund
16-05-2025,166.75960,125494,SBI_Small_Cap,SBI Mutual Fund
15-05-2025,166.07850,125494,SBI_Small_Cap,SBI Mutual Fund
14-05-2025,164.82970,125494,SBI_Small_Cap,SBI Mutual Fund
13-05-2025,162.71540,125494,SBI_Small_Cap,SBI Mutual Fund
12-05-2025,162.36870,125494,SBI_Small_Cap,SBI Mutual Fund
09-05-2025,157.81870,125494,SBI_Small_Cap,SBI Mutual Fund
08-05-2025,158.61630,125494,SBI_Small_Cap,SBI Mutual Fund
07-05-2025,159.75780,125494,SBI_Small_Cap,SBI Mutual Fund
06-05-2025,158.32550,125494,SBI_Small_Cap,SBI Mutual Fund
05-05-2025,160.77650,125494,SBI_Small_Cap,SBI Mutual Fund
02-05-2025,159.04260,125494,SBI_Small_Cap,SBI Mutual Fund
30-04-2025,159.20450,125494,SBI_Small_Cap,SBI Mutual Fund
29-04-2025,161.50400,125494,SBI_Small_Cap,SBI Mutual Fund
28-04-2025,161.79100,125494,SBI_Small_Cap,SBI Mutual Fund
25-04-2025,161.44420,125494,SBI_Small_Cap,SBI Mutual Fund
24-04-2025,164.12290,125494,SBI_Small_Cap,SBI Mutual Fund
23-04-2025,164.16840,125494,SBI_Small_Cap,SBI Mutual Fund
22-04-2025,164.14390,125494,SBI_Small_Cap,SBI Mutual Fund
21-04-2025,162.96500,125494,SBI_Small_Cap,SBI Mutual Fund
17-04-2025,160.69060,125494,SBI_Small_Cap,SBI Mutual Fund
16-04-2025,159.98140,125494,SBI_Small_Cap,SBI Mutual Fund
15-04-2025,158.92460,125494,SBI_Small_Cap,SBI Mutual Fund
11-04-2025,155.34000,125494,SBI_Small_Cap,SBI Mutual Fund
09-04-2025,151.88180,125494,SBI_Small_Cap,SBI Mutual Fund
08-04-2025,152.95170,125494,SBI_Small_Cap,SBI Mutual Fund
07-04-2025,150.56690,125494,SBI_Small_Cap,SBI Mutual Fund
04-04-2025,154.95070,125494,SBI_Small_Cap,SBI Mutual Fund
03-04-2025,158.57690,125494,SBI_Small_Cap,SBI Mutual Fund
02-04-2025,158.12810,125494,SBI_Small_Cap,SBI Mutual Fund
01-04-2025,156.20740,125494,SBI_Small_Cap,SBI Mutual Fund
31-03-2025,156.43500,125494,SBI_Small_Cap,SBI Mutual Fund
28-03-2025,156.43900,125494,SBI_Small_Cap,SBI Mutual Fund
27-03-2025,156.52910,125494,SBI_Small_Cap,SBI Mutual Fund
26-03-2025,156.71530,125494,SBI_Small_Cap,SBI Mutual Fund
25-03-2025,158.72360,125494,SBI_Small_Cap,SBI Mutual Fund
24-03-2025,159.17630,125494,SBI_Small_Cap,SBI Mutual Fund
21-03-2025,157.62150,125494,SBI_Small_Cap,SBI Mutual Fund
20-03-2025,155.32730,125494,SBI_Small_Cap,SBI Mutual Fund
19-03-2025,154.47410,125494,SBI_Small_Cap,SBI Mutual Fund
18-03-2025,152.75050,125494,SBI_Small_Cap,SBI Mutual Fund
17-03-2025,149.71730,125494,SBI_Small_Cap,SBI Mutual Fund
13-03-2025,149.38310,125494,SBI_Small_Cap,SBI Mutual Fund
12-03-2025,149.79590,125494,SBI_Small_Cap,SBI Mutual Fund
11-03-2025,149.71070,125494,SBI_Small_Cap,SBI Mutual Fund
10-03-2025,150.65700,125494,SBI_Small_Cap,SBI Mutual Fund
07-03-2025,152.20830,125494,SBI_Small_Cap,SBI Mutual Fund
06-03-2025,151.69290,125494,SBI_Small_Cap,SBI Mutual Fund
05-03-2025,149.49000,125494,SBI_Small_Cap,SBI Mutual Fund
04-03-2025,146.75520,125494,SBI_Small_Cap,SBI Mutual Fund
03-03-2025,145.98870,125494,SBI_Small_Cap,SBI Mutual Fund
28-02-2025,146.64600,125494,SBI_Small_Cap,SBI Mutual Fund
27-02-2025,148.40330,125494,SBI_Small_Cap,SBI Mutual Fund
25-02-2025,149.55080,125494,SBI_Small_Cap,SBI Mutual Fund
24-02-2025,149.94980,125494,SBI_Small_Cap,SBI Mutual Fund
21-02-2025,151.85990,125494,SBI_Small_Cap,SBI Mutual Fund
20-02-2025,152.32910,125494,SBI_Small_Cap,SBI Mutual Fund
19-02-2025,151.56910,125494,SBI_Small_Cap,SBI Mutual Fund
18-02-2025,149.62700,125494,SBI_Small_Cap,SBI Mutual Fund
17-02-2025,151.35510,125494,SBI_Small_Cap,SBI Mutual Fund
14-02-2025,152.33180,125494,SBI_Small_Cap,SBI Mutual Fund
13-02-2025,155.42130,125494,SBI_Small_Cap,SBI Mutual Fund
12-02-2025,156.16690,125494,SBI_Small_Cap,SBI Mutual Fund
11-02-2025,156.82190,125494,SBI_Small_Cap,SBI Mutual Fund
10-02-2025,160.93470,125494,SBI_Small_Cap,SBI Mutual Fund
07-02-2025,163.67030,125494,SBI_Small_Cap,SBI Mutual Fund
06-02-2025,165.09830,125494,SBI_Small_Cap,SBI Mutual Fund
05-02-2025,164.90720,125494,SBI_Small_Cap,SBI Mutual Fund
04-02-2025,164.68240,125494,SBI_Small_Cap,SBI Mutual Fund
03-02-2025,163.67630,125494,SBI_Small_Cap,SBI Mutual Fund
31-01-2025,163.07760,125494,SBI_Small_Cap,SBI Mutual Fund
30-01-2025,161.37570,125494,SBI_Small_Cap,SBI Mutual Fund
29-01-2025,161.84090,125494,SBI_Small_Cap,SBI Mutual Fund
28-01-2025,157.91800,125494,SBI_Small_Cap,SBI Mutual Fund
27-01-2025,158.93300,125494,SBI_Small_Cap,SBI Mutual Fund
24-01-2025,162.17800,125494,SBI_Small_Cap,SBI Mutual Fund
23-01-2025,164.60970,125494,SBI_Small_Cap,SBI Mutual Fund
22-01-2025,164.07840,125494,SBI_Small_Cap,SBI Mutual Fund
21-01-2025,165.87050,125494,SBI_Small_Cap,SBI Mutual Fund
20-01-2025,168.36640,125494,SBI_Small_Cap,SBI Mutual Fund
17-01-2025,167.21810,125494,SBI_Small_Cap,SBI Mutual Fund
16-01-2025,168.09860,125494,SBI_Small_Cap,SBI Mutual Fund
15-01-2025,167.00110,125494,SBI_Small_Cap,SBI Mutual Fund
14-01-2025,166.25800,125494,SBI_Small_Cap,SBI Mutual Fund
13-01-2025,164.97310,125494,SBI_Small_Cap,SBI Mutual Fund
10-01-2025,170.36050,125494,SBI_Small_Cap,SBI Mutual Fund
09-01-2025,173.26360,125494,SBI_Small_Cap,SBI Mutual Fund
08-01-2025,174.76930,125494,SBI_Small_Cap,SBI Mutual Fund
07-01-2025,176.88170,125494,SBI_Small_Cap,SBI Mutual Fund
06-01-2025,175.50130,125494,SBI_Small_Cap,SBI Mutual Fund
03-01-2025,179.74080,125494,SBI_Small_Cap,SBI Mutual Fund
02-01-2025,179.93010,125494,SBI_Small_Cap,SBI Mutual Fund
01-01-2025,179.10510,125494,SBI_Small_Cap,SBI Mutual Fund
31-12-2024,177.36400,125494,SBI_Small_Cap,SBI Mutual Fund
30-12-2024,176.42220,125494,SBI_Small_Cap,SBI Mutual Fund
27-12-2024,177.60030,125494,SBI_Small_Cap,SBI Mutual Fund
26-12-2024,176.63590,125494,SBI_Small_Cap,SBI Mutual Fund
24-12-2024,177.29480,125494,SBI_Small_Cap,SBI Mutual Fund
23-12-2024,177.22160,125494,SBI_Small_Cap,SBI Mutual Fund
20-12-2024,179.02640,125494,SBI_Small_Cap,SBI Mutual Fund
19-12-2024,182.82230,125494,SBI_Small_Cap,SBI Mutual Fund
18-12-2024,183.46130,125494,SBI_Small_Cap,SBI Mutual Fund
17-12-2024,183.68100,125494,SBI_Small_Cap,SBI Mutual Fund
16-12-2024,184.37670,125494,SBI_Small_Cap,SBI Mutual Fund
13-12-2024,183.98130,125494,SBI_Small_Cap,SBI Mutual Fund
12-12-2024,183.69230,125494,SBI_Small_Cap,SBI Mutual Fund
11-12-2024,184.88460,125494,SBI_Small_Cap,SBI Mutual Fund
10-12-2024,184.62990,125494,SBI_Small_Cap,SBI Mutual Fund
09-12-2024,183.69030,125494,SBI_Small_Cap,SBI Mutual Fund
06-12-2024,182.52720,125494,SBI_Small_Cap,SBI Mutual Fund
05-12-2024,181.81490,125494,SBI_Small_Cap,SBI Mutual Fund
04-12-2024,181.74600,125494,SBI_Small_Cap,SBI Mutual Fund
03-12-2024,180.63860,125494,SBI_Small_Cap,SBI Mutual Fund
02-12-2024,178.40450,125494,SBI_Small_Cap,SBI Mutual Fund
30-11-2024,178.55770,125494,SBI_Small_Cap,SBI Mutual Fund
29-11-2024,178.56150,125494,SBI_Small_Cap,SBI Mutual Fund
28-11-2024,177.66510,125494,SBI_Small_Cap,SBI Mutual Fund
27-11-2024,177.69210,125494,SBI_Small_Cap,SBI Mutual Fund
26-11-2024,177.14090,125494,SBI_Small_Cap,SBI Mutual Fund
25-11-2024,176.83300,125494,SBI_Small_Cap,SBI Mutual Fund
22-11-2024,173.08960,125494,SBI_Small_Cap,SBI Mutual Fund
21-11-2024,172.25850,125494,SBI_Small_Cap,SBI Mutual Fund
19-11-2024,173.05580,125494,SBI_Small_Cap,SBI Mutual Fund
18-11-2024,171.34470,125494,SBI_Small_Cap,SBI Mutual Fund
14-11-2024,172.16970,125494,SBI_Small_Cap,SBI Mutual Fund
13-11-2024,171.04970,125494,SBI_Small_Cap,SBI Mutual Fund
12-11-2024,174.62400,125494,SBI_Small_Cap,SBI Mutual Fund
11-11-2024,176.83740,125494,SBI_Small_Cap,SBI Mutual Fund
08-11-2024,178.32510,125494,SBI_Small_Cap,SBI Mutual Fund
07-11-2024,180.14290,125494,SBI_Small_Cap,SBI Mutual Fund
06-11-2024,180.74050,125494,SBI_Small_Cap,SBI Mutual Fund
05-11-2024,179.24270,125494,SBI_Small_Cap,SBI Mutual Fund
04-11-2024,179.50880,125494,SBI_Small_Cap,SBI Mutual Fund
31-10-2024,179.98760,125494,SBI_Small_Cap,SBI Mutual Fund
30-10-2024,176.88250,125494,SBI_Small_Cap,SBI Mutual Fund
29-10-2024,175.56100,125494,SBI_Small_Cap,SBI Mutual Fund
28-10-2024,174.77390,125494,SBI_Small_Cap,SBI Mutual Fund
25-10-2024,175.01870,125494,SBI_Small_Cap,SBI Mutual Fund
24-10-2024,177.97230,125494,SBI_Small_Cap,SBI Mutual Fund
23-10-2024,179.54290,125494,SBI_Small_Cap,SBI Mutual Fund
22-10-2024,179.51090,125494,SBI_Small_Cap,SBI Mutual Fund
21-10-2024,183.96730,125494,SBI_Small_Cap,SBI Mutual Fund
18-10-2024,186.83460,125494,SBI_Small_Cap,SBI Mutual Fund
17-10-2024,186.97800,125494,SBI_Small_Cap,SBI Mutual Fund
16-10-2024,188.76840,125494,SBI_Small_Cap,SBI Mutual Fund
15-10-2024,188.82840,125494,SBI_Small_Cap,SBI Mutual Fund
14-10-2024,187.09960,125494,SBI_Small_Cap,SBI Mutual Fund
11-10-2024,186.37640,125494,SBI_Small_Cap,SBI Mutual Fund
10-10-2024,185.79980,125494,SBI_Small_Cap,SBI Mutual Fund
09-10-2024,186.02800,125494,SBI_Small_Cap,SBI Mutual Fund
08-10-2024,184.49370,125494,SBI_Small_Cap,SBI Mutual Fund
07-10-2024,181.17120,125494,SBI_Small_Cap,SBI Mutual Fund
04-10-2024,185.33230,125494,SBI_Small_Cap,SBI Mutual Fund
03-10-2024,185.74370,125494,SBI_Small_Cap,SBI Mutual Fund
01-10-2024,188.54090,125494,SBI_Small_Cap,SBI Mutual Fund
30-09-2024,188.17440,125494,SBI_Small_Cap,SBI Mutual Fund
27-09-2024,188.16230,125494,SBI_Small_Cap,SBI Mutual Fund
26-09-2024,186.90720,125494,SBI_Small_Cap,SBI Mutual Fund
25-09-2024,187.62820,125494,SBI_Small_Cap,SBI Mutual Fund
24-09-2024,187.40270,125494,SBI_Small_Cap,SBI Mutual Fund
23-09-2024,188.03700,125494,SBI_Small_Cap,SBI Mutual Fund
20-09-2024,186.65590,125494,SBI_Small_Cap,SBI Mutual Fund
19-09-2024,185.96980,125494,SBI_Small_Cap,SBI Mutual Fund
18-09-2024,186.77300,125494,SBI_Small_Cap,SBI Mutual Fund
17-09-2024,187.37080,125494,SBI_Small_Cap,SBI Mutual Fund
16-09-2024,187.59280,125494,SBI_Small_Cap,SBI Mutual Fund
13-09-2024,187.22370,125494,SBI_Small_Cap,SBI Mutual Fund
12-09-2024,185.99760,125494,SBI_Small_Cap,SBI Mutual Fund
11-09-2024,184.96960,125494,SBI_Small_Cap,SBI Mutual Fund
10-09-2024,186.49220,125494,SBI_Small_Cap,SBI Mutual Fund
09-09-2024,183.74460,125494,SBI_Small_Cap,SBI Mutual Fund
06-09-2024,184.45670,125494,SBI_Small_Cap,SBI Mutual Fund
05-09-2024,184.97370,125494,SBI_Small_Cap,SBI Mutual Fund
04-09-2024,183.93990,125494,SBI_Small_Cap,SBI Mutual Fund
03-09-2024,184.17950,125494,SBI_Small_Cap,SBI Mutual Fund
02-09-2024,183.42710,125494,SBI_Small_Cap,SBI Mutual Fund
31-08-2024,183.52930,125494,SBI_Small_Cap,SBI Mutual Fund
30-08-2024,183.53410,125494,SBI_Small_Cap,SBI Mutual Fund
29-08-2024,182.33510,125494,SBI_Small_Cap,SBI Mutual Fund
28-08-2024,183.08720,125494,SBI_Small_Cap,SBI Mutual Fund
27-08-2024,182.73230,125494,SBI_Small_Cap,SBI Mutual Fund
26-08-2024,182.11690,125494,SBI_Small_Cap,SBI Mutual Fund
23-08-2024,181.78070,125494,SBI_Small_Cap,SBI Mutual Fund
22-08-2024,181.56780,125494,SBI_Small_Cap,SBI Mutual Fund
21-08-2024,181.17470,125494,SBI_Small_Cap,SBI Mutual Fund
20-08-2024,179.93510,125494,SBI_Small_Cap,SBI Mutual Fund
19-08-2024,179.78450,125494,SBI_Small_Cap,SBI Mutual Fund
16-08-2024,178.69310,125494,SBI_Small_Cap,SBI Mutual Fund
14-08-2024,176.68140,125494,SBI_Small_Cap,SBI Mutual Fund
13-08-2024,177.61700,125494,SBI_Small_Cap,SBI Mutual Fund
12-08-2024,178.11850,125494,SBI_Small_Cap,SBI Mutual Fund
09-08-2024,177.59960,125494,SBI_Small_Cap,SBI Mutual Fund
08-08-2024,177.18360,125494,SBI_Small_Cap,SBI Mutual Fund
07-08-2024,177.99070,125494,SBI_Small_Cap,SBI Mutual Fund
06-08-2024,175.35890,125494,SBI_Small_Cap,SBI Mutual Fund
05-08-2024,175.84840,125494,SBI_Small_Cap,SBI Mutual Fund
02-08-2024,181.71470,125494,SBI_Small_Cap,SBI Mutual Fund
01-08-2024,183.16170,125494,SBI_Small_Cap,SBI Mutual Fund
31-07-2024,183.69120,125494,SBI_Small_Cap,SBI Mutual Fund
30-07-2024,183.92090,125494,SBI_Small_Cap,SBI Mutual Fund
29-07-2024,183.54110,125494,SBI_Small_Cap,SBI Mutual Fund
26-07-2024,181.05700,125494,SBI_Small_Cap,SBI Mutual Fund
25-07-2024,179.58200,125494,SBI_Small_Cap,SBI Mutual Fund
24-07-2024,180.22630,125494,SBI_Small_Cap,SBI Mutual Fund
23-07-2024,177.79290,125494,SBI_Small_Cap,SBI Mutual Fund
22-07-2024,178.09150,125494,SBI_Small_Cap,SBI Mutual Fund
19-07-2024,176.95840,125494,SBI_Small_Cap,SBI Mutual Fund
18-07-2024,179.49310,125494,SBI_Small_Cap,SBI Mutual Fund
16-07-2024,180.41840,125494,SBI_Small_Cap,SBI Mutual Fund
15-07-2024,180.08900,125494,SBI_Small_Cap,SBI Mutual Fund
12-07-2024,180.20110,125494,SBI_Small_Cap,SBI Mutual Fund
11-07-2024,181.04870,125494,SBI_Small_Cap,SBI Mutual Fund
10-07-2024,179.88270,125494,SBI_Small_Cap,SBI Mutual Fund
09-07-2024,180.53840,125494,SBI_Small_Cap,SBI Mutual Fund
08-07-2024,179.84380,125494,SBI_Small_Cap,SBI Mutual Fund
05-07-2024,180.68790,125494,SBI_Small_Cap,SBI Mutual Fund
04-07-2024,179.52850,125494,SBI_Small_Cap,SBI Mutual Fund
03-07-2024,178.94450,125494,SBI_Small_Cap,SBI Mutual Fund
02-07-2024,176.90860,125494,SBI_Small_Cap,SBI Mutual Fund
01-07-2024,176.79350,125494,SBI_Small_Cap,SBI Mutual Fund
30-06-2024,174.52240,125494,SBI_Small_Cap,SBI Mutual Fund
28-06-2024,174.53050,125494,SBI_Small_Cap,SBI Mutual Fund
27-06-2024,174.24070,125494,SBI_Small_Cap,SBI Mutual Fund
26-06-2024,175.25210,125494,SBI_Small_Cap,SBI Mutual Fund
25-06-2024,175.79130,125494,SBI_Small_Cap,SBI Mutual Fund
24-06-2024,175.50970,125494,SBI_Small_Cap,SBI Mutual Fund
21-06-2024,175.41790,125494,SBI_Small_Cap,SBI Mutual Fund
20-06-2024,175.32250,125494,SBI_Small_Cap,SBI Mutual Fund
19-06-2024,174.56160,125494,SBI_Small_Cap,SBI Mutual Fund
18-06-2024,174.90760,125494,SBI_Small_Cap,SBI Mutual Fund
14-06-2024,174.81640,125494,SBI_Small_Cap,SBI Mutual Fund
13-06-2024,173.32990,125494,SBI_Small_Cap,SBI Mutual Fund
12-06-2024,172.45470,125494,SBI_Small_Cap,SBI Mutual Fund
11-06-2024,170.95400,125494,SBI_Small_Cap,SBI Mutual Fund
10-06-2024,169.73710,125494,SBI_Small_Cap,SBI Mutual Fund
07-06-2024,167.29500,125494,SBI_Small_Cap,SBI Mutual Fund
06-06-2024,164.59740,125494,SBI_Small_Cap,SBI Mutual Fund
05-06-2024,161.54920,125494,SBI_Small_Cap,SBI Mutual Fund
04-06-2024,157.41360,125494,SBI_Small_Cap,SBI Mutual Fund
03-06-2024,164.96980,125494,SBI_Small_Cap,SBI Mutual Fund
31-05-2024,162.01620,125494,SBI_Small_Cap,SBI Mutual Fund
30-05-2024,160.63950,125494,SBI_Small_Cap,SBI Mutual Fund
29-05-2024,162.34660,125494,SBI_Small_Cap,SBI Mutual Fund
28-05-2024,161.80020,125494,SBI_Small_Cap,SBI Mutual Fund
27-05-2024,162.39660,125494,SBI_Small_Cap,SBI Mutual Fund
24-05-2024,162.64070,125494,SBI_Small_Cap,SBI Mutual Fund
23-05-2024,163.20550,125494,SBI_Small_Cap,SBI Mutual Fund
22-05-2024,163.48080,125494,SBI_Small_Cap,SBI Mutual Fund
21-05-2024,163.13450,125494,SBI_Small_Cap,SBI Mutual Fund
17-05-2024,162.17530,125494,SBI_Small_Cap,SBI Mutual Fund
16-05-2024,160.62910,125494,SBI_Small_Cap,SBI Mutual Fund
15-05-2024,158.53760,125494,SBI_Small_Cap,SBI Mutual Fund
14-05-2024,156.97410,125494,SBI_Small_Cap,SBI Mutual Fund
13-05-2024,155.24670,125494,SBI_Small_Cap,SBI Mutual Fund
10-05-2024,155.23620,125494,SBI_Small_Cap,SBI Mutual Fund
09-05-2024,154.53250,125494,SBI_Small_Cap,SBI Mutual Fund
08-05-2024,158.16310,125494,SBI_Small_Cap,SBI Mutual Fund
07-05-2024,157.43570,125494,SBI_Small_Cap,SBI Mutual Fund
06-05-2024,158.82030,125494,SBI_Small_Cap,SBI Mutual Fund
03-05-2024,159.50670,125494,SBI_Small_Cap,SBI Mutual Fund
02-05-2024,160.61050,125494,SBI_Small_Cap,SBI Mutual Fund
30-04-2024,160.27130,125494,SBI_Small_Cap,SBI Mutual Fund
29-04-2024,159.93820,125494,SBI_Small_Cap,SBI Mutual Fund
26-04-2024,159.39560,125494,SBI_Small_Cap,SBI Mutual Fund
25-04-2024,159.40810,125494,SBI_Small_Cap,SBI Mutual Fund
24-04-2024,158.61550,125494,SBI_Small_Cap,SBI Mutual Fund
23-04-2024,157.44940,125494,SBI_Small_Cap,SBI Mutual Fund
22-04-2024,156.61420,125494,SBI_Small_Cap,SBI Mutual Fund
19-04-2024,155.19990,125494,SBI_Small_Cap,SBI Mutual Fund
18-04-2024,154.41040,125494,SBI_Small_Cap,SBI Mutual Fund
16-04-2024,154.32590,125494,SBI_Small_Cap,SBI Mutual Fund
15-04-2024,153.89990,125494,SBI_Small_Cap,SBI Mutual Fund
12-04-2024,155.36920,125494,SBI_Small_Cap,SBI Mutual Fund
10-04-2024,156.36300,125494,SBI_Small_Cap,SBI Mutual Fund
09-04-2024,154.94040,125494,SBI_Small_Cap,SBI Mutual Fund
08-04-2024,155.17290,125494,SBI_Small_Cap,SBI Mutual Fund
05-04-2024,154.99840,125494,SBI_Small_Cap,SBI Mutual Fund
04-04-2024,154.36820,125494,SBI_Small_Cap,SBI Mutual Fund
03-04-2024,153.53790,125494,SBI_Small_Cap,SBI Mutual Fund
02-04-2024,152.33490,125494,SBI_Small_Cap,SBI Mutual Fund
01-04-2024,151.44700,125494,SBI_Small_Cap,SBI Mutual Fund
31-03-2024,148.35240,125494,SBI_Small_Cap,SBI Mutual Fund
28-03-2024,148.36410,125494,SBI_Small_Cap,SBI Mutual Fund
27-03-2024,147.80900,125494,SBI_Small_Cap,SBI Mutual Fund
26-03-2024,147.10770,125494,SBI_Small_Cap,SBI Mutual Fund
22-03-2024,147.30310,125494,SBI_Small_Cap,SBI Mutual Fund
21-03-2024,145.91420,125494,SBI_Small_Cap,SBI Mutual Fund
20-03-2024,143.32000,125494,SBI_Small_Cap,SBI Mutual Fund
19-03-2024,143.59920,125494,SBI_Small_Cap,SBI Mutual Fund
18-03-2024,144.23690,125494,SBI_Small_Cap,SBI Mutual Fund
15-03-2024,143.81470,125494,SBI_Small_Cap,SBI Mutual Fund
14-03-2024,143.77080,125494,SBI_Small_Cap,SBI Mutual Fund
13-03-2024,142.02470,125494,SBI_Small_Cap,SBI Mutual Fund
12-03-2024,147.00130,125494,SBI_Small_Cap,SBI Mutual Fund
11-03-2024,149.01560,125494,SBI_Small_Cap,SBI Mutual Fund
07-03-2024,150.36230,125494,SBI_Small_Cap,SBI Mutual Fund
06-03-2024,149.30070,125494,SBI_Small_Cap,SBI Mutual Fund
05-03-2024,151.66170,125494,SBI_Small_Cap,SBI Mutual Fund
04-03-2024,152.16680,125494,SBI_Small_Cap,SBI Mutual Fund
01-03-2024,151.62510,125494,SBI_Small_Cap,SBI Mutual Fund
29-02-2024,150.37020,125494,SBI_Small_Cap,SBI Mutual Fund
28-02-2024,150.12170,125494,SBI_Small_Cap,SBI Mutual Fund
27-02-2024,151.42830,125494,SBI_Small_Cap,SBI Mutual Fund
26-02-2024,151.09740,125494,SBI_Small_Cap,SBI Mutual Fund
23-02-2024,151.09040,125494,SBI_Small_Cap,SBI Mutual Fund
22-02-2024,149.94530,125494,SBI_Small_Cap,SBI Mutual Fund
21-02-2024,149.77920,125494,SBI_Small_Cap,SBI Mutual Fund
20-02-2024,150.25690,125494,SBI_Small_Cap,SBI Mutual Fund
19-02-2024,150.12310,125494,SBI_Small_Cap,SBI Mutual Fund
16-02-2024,150.17530,125494,SBI_Small_Cap,SBI Mutual Fund
15-02-2024,149.37830,125494,SBI_Small_Cap,SBI Mutual Fund
14-02-2024,148.73800,125494,SBI_Small_Cap,SBI Mutual Fund
13-02-2024,147.23740,125494,SBI_Small_Cap,SBI Mutual Fund
12-02-2024,146.36090,125494,SBI_Small_Cap,SBI Mutual Fund
09-02-2024,148.78050,125494,SBI_Small_Cap,SBI Mutual Fund
08-02-2024,149.32260,125494,SBI_Small_Cap,SBI Mutual Fund
07-02-2024,149.34180,125494,SBI_Small_Cap,SBI Mutual Fund
06-02-2024,148.74460,125494,SBI_Small_Cap,SBI Mutual Fund
05-02-2024,146.78070,125494,SBI_Small_Cap,SBI Mutual Fund
02-02-2024,147.68830,125494,SBI_Small_Cap,SBI Mutual Fund
01-02-2024,147.42830,125494,SBI_Small_Cap,SBI Mutual Fund
31-01-2024,147.93340,125494,SBI_Small_Cap,SBI Mutual Fund
30-01-2024,145.10410,125494,SBI_Small_Cap,SBI Mutual Fund
29-01-2024,145.42450,125494,SBI_Small_Cap,SBI Mutual Fund
25-01-2024,144.39560,125494,SBI_Small_Cap,SBI Mutual Fund
24-01-2024,144.25780,125494,SBI_Small_Cap,SBI Mutual Fund
23-01-2024,142.69060,125494,SBI_Small_Cap,SBI Mutual Fund
19-01-2024,144.21240,125494,SBI_Small_Cap,SBI Mutual Fund
18-01-2024,143.71000,125494,SBI_Small_Cap,SBI Mutual Fund
17-01-2024,144.28260,125494,SBI_Small_Cap,SBI Mutual Fund
16-01-2024,145.64050,125494,SBI_Small_Cap,SBI Mutual Fund
15-01-2024,146.16350,125494,SBI_Small_Cap,SBI Mutual Fund
12-01-2024,145.45950,125494,SBI_Small_Cap,SBI Mutual Fund
11-01-2024,145.02570,125494,SBI_Small_Cap,SBI Mutual Fund
10-01-2024,144.17880,125494,SBI_Small_Cap,SBI Mutual Fund
09-01-2024,144.24890,125494,SBI_Small_Cap,SBI Mutual Fund
08-01-2024,144.04050,125494,SBI_Small_Cap,SBI Mutual Fund
05-01-2024,145.07810,125494,SBI_Small_Cap,SBI Mutual Fund
04-01-2024,144.20560,125494,SBI_Small_Cap,SBI Mutual Fund
03-01-2024,143.62910,125494,SBI_Small_Cap,SBI Mutual Fund
02-01-2024,143.59620,125494,SBI_Small_Cap,SBI Mutual Fund
01-01-2024,143.03500,125494,SBI_Small_Cap,SBI Mutual Fund
29-12-2023,142.87630,125494,SBI_Small_Cap,SBI Mutual Fund
28-12-2023,141.75180,125494,SBI_Small_Cap,SBI Mutual Fund
27-12-2023,141.61400,125494,SBI_Small_Cap,SBI Mutual Fund
26-12-2023,141.19340,125494,SBI_Small_Cap,SBI Mutual Fund
22-12-2023,141.10010,125494,SBI_Small_Cap,SBI Mutual Fund
21-12-2023,140.59830,125494,SBI_Small_Cap,SBI Mutual Fund
20-12-2023,139.26740,125494,SBI_Small_Cap,SBI Mutual Fund
19-12-2023,142.75860,125494,SBI_Small_Cap,SBI Mutual Fund
18-12-2023,143.09370,125494,SBI_Small_Cap,SBI Mutual Fund
15-12-2023,143.19990,125494,SBI_Small_Cap,SBI Mutual Fund
14-12-2023,142.77640,125494,SBI_Small_Cap,SBI Mutual Fund
13-12-2023,141.78660,125494,SBI_Small_Cap,SBI Mutual Fund
12-12-2023,141.35000,125494,SBI_Small_Cap,SBI Mutual Fund
11-12-2023,141.66560,125494,SBI_Small_Cap,SBI Mutual Fund
08-12-2023,141.46430,125494,SBI_Small_Cap,SBI Mutual Fund
07-12-2023,141.82420,125494,SBI_Small_Cap,SBI Mutual Fund
06-12-2023,141.40970,125494,SBI_Small_Cap,SBI Mutual Fund
05-12-2023,141.43070,125494,SBI_Small_Cap,SBI Mutual Fund
04-12-2023,140.81920,125494,SBI_Small_Cap,SBI Mutual Fund
01-12-2023,139.59620,125494,SBI_Small_Cap,SBI Mutual Fund
30-11-2023,139.61230,125494,SBI_Small_Cap,SBI Mutual Fund
29-11-2023,138.09000,125494,SBI_Small_Cap,SBI Mutual Fund
28-11-2023,138.03590,125494,SBI_Small_Cap,SBI Mutual Fund
24-11-2023,137.19840,125494,SBI_Small_Cap,SBI Mutual Fund
23-11-2023,136.94470,125494,SBI_Small_Cap,SBI Mutual Fund
22-11-2023,136.98550,125494,SBI_Small_Cap,SBI Mutual Fund
21-11-2023,137.46500,125494,SBI_Small_Cap,SBI Mutual Fund
20-11-2023,136.59700,125494,SBI_Small_Cap,SBI Mutual Fund
17-11-2023,136.09430,125494,SBI_Small_Cap,SBI Mutual Fund
16-11-2023,135.59210,125494,SBI_Small_Cap,SBI Mutual Fund
15-11-2023,135.50900,125494,SBI_Small_Cap,SBI Mutual Fund
13-11-2023,134.25150,125494,SBI_Small_Cap,SBI Mutual Fund
10-11-2023,133.60980,125494,SBI_Small_Cap,SBI Mutual Fund
09-11-2023,133.45530,125494,SBI_Small_Cap,SBI Mutual Fund
08-11-2023,133.57730,125494,SBI_Small_Cap,SBI Mutual Fund
07-11-2023,133.15170,125494,SBI_Small_Cap,SBI Mutual Fund
06-11-2023,132.74960,125494,SBI_Small_Cap,SBI Mutual Fund
03-11-2023,131.98640,125494,SBI_Small_Cap,SBI Mutual Fund
02-11-2023,131.18990,125494,SBI_Small_Cap,SBI Mutual Fund
01-11-2023,130.60350,125494,SBI_Small_Cap,SBI Mutual Fund
31-10-2023,130.96900,125494,SBI_Small_Cap,SBI Mutual Fund
30-10-2023,130.64820,125494,SBI_Small_Cap,SBI Mutual Fund
27-10-2023,130.73150,125494,SBI_Small_Cap,SBI Mutual Fund
26-10-2023,129.11380,125494,SBI_Small_Cap,SBI Mutual Fund
25-10-2023,130.30090,125494,SBI_Small_Cap,SBI Mutual Fund
23-10-2023,131.40200,125494,SBI_Small_Cap,SBI Mutual Fund
20-10-2023,135.73890,125494,SBI_Small_Cap,SBI Mutual Fund
19-10-2023,136.40440,125494,SBI_Small_Cap,SBI Mutual Fund
18-10-2023,136.39760,125494,SBI_Small_Cap,SBI Mutual Fund
17-10-2023,136.27830,125494,SBI_Small_Cap,SBI Mutual Fund
16-10-2023,135.82740,125494,SBI_Small_Cap,SBI Mutual Fund
13-10-2023,134.96600,125494,SBI_Small_Cap,SBI Mutual Fund
12-10-2023,134.99360,125494,SBI_Small_Cap,SBI Mutual Fund
11-10-2023,134.73420,125494,SBI_Small_Cap,SBI Mutual Fund
10-10-2023,133.96830,125494,SBI_Small_Cap,SBI Mutual Fund
09-10-2023,132.93120,125494,SBI_Small_Cap,SBI Mutual Fund
06-10-2023,134.74990,125494,SBI_Small_Cap,SBI Mutual Fund
05-10-2023,134.16600,125494,SBI_Small_Cap,SBI Mutual Fund
04-10-2023,133.98280,125494,SBI_Small_Cap,SBI Mutual Fund
03-10-2023,134.76940,125494,SBI_Small_Cap,SBI Mutual Fund
29-09-2023,134.35790,125494,SBI_Small_Cap,SBI Mutual Fund
27-09-2023,134.81440,125494,SBI_Small_Cap,SBI Mutual Fund
26-09-2023,134.28270,125494,SBI_Small_Cap,SBI Mutual Fund
25-09-2023,134.32540,125494,SBI_Small_Cap,SBI Mutual Fund
22-09-2023,134.39250,125494,SBI_Small_Cap,SBI Mutual Fund
21-09-2023,134.01190,125494,SBI_Small_Cap,SBI Mutual Fund
20-09-2023,135.88510,125494,SBI_Small_Cap,SBI Mutual Fund
18-09-2023,135.69250,125494,SBI_Small_Cap,SBI Mutual Fund
15-09-2023,136.13620,125494,SBI_Small_Cap,SBI Mutual Fund
14-09-2023,136.09190,125494,SBI_Small_Cap,SBI Mutual Fund
13-09-2023,134.99940,125494,SBI_Small_Cap,SBI Mutual Fund
12-09-2023,134.78350,125494,SBI_Small_Cap,SBI Mutual Fund
11-09-2023,137.74900,125494,SBI_Small_Cap,SBI Mutual Fund
08-09-2023,136.74050,125494,SBI_Small_Cap,SBI Mutual Fund
07-09-2023,136.12920,125494,SBI_Small_Cap,SBI Mutual Fund
06-09-2023,134.76740,125494,SBI_Small_Cap,SBI Mutual Fund
05-09-2023,134.90520,125494,SBI_Small_Cap,SBI Mutual Fund
04-09-2023,134.73950,125494,SBI_Small_Cap,SBI Mutual Fund
01-09-2023,133.71810,125494,SBI_Small_Cap,SBI Mutual Fund
31-08-2023,133.56020,125494,SBI_Small_Cap,SBI Mutual Fund
30-08-2023,132.72640,125494,SBI_Small_Cap,SBI Mutual Fund
29-08-2023,132.09090,125494,SBI_Small_Cap,SBI Mutual Fund
28-08-2023,131.68420,125494,SBI_Small_Cap,SBI Mutual Fund
25-08-2023,130.79000,125494,SBI_Small_Cap,SBI Mutual Fund
24-08-2023,131.26940,125494,SBI_Small_Cap,SBI Mutual Fund
23-08-2023,131.31180,125494,SBI_Small_Cap,SBI Mutual Fund
22-08-2023,131.09710,125494,SBI_Small_Cap,SBI Mutual Fund
21-08-2023,129.81020,125494,SBI_Small_Cap,SBI Mutual Fund
18-08-2023,129.40130,125494,SBI_Small_Cap,SBI Mutual Fund
17-08-2023,129.40770,125494,SBI_Small_Cap,SBI Mutual Fund
16-08-2023,129.71880,125494,SBI_Small_Cap,SBI Mutual Fund
14-08-2023,129.27370,125494,SBI_Small_Cap,SBI Mutual Fund
11-08-2023,129.50530,125494,SBI_Small_Cap,SBI Mutual Fund
10-08-2023,129.40570,125494,SBI_Small_Cap,SBI Mutual Fund
09-08-2023,130.17140,125494,SBI_Small_Cap,SBI Mutual Fund
08-08-2023,129.43720,125494,SBI_Small_Cap,SBI Mutual Fund
07-08-2023,129.64250,125494,SBI_Small_Cap,SBI Mutual Fund
04-08-2023,129.63990,125494,SBI_Small_Cap,SBI Mutual Fund
03-08-2023,129.07970,125494,SBI_Small_Cap,SBI Mutual Fund
02-08-2023,129.38900,125494,SBI_Small_Cap,SBI Mutual Fund
01-08-2023,130.56890,125494,SBI_Small_Cap,SBI Mutual Fund
31-07-2023,130.04960,125494,SBI_Small_Cap,SBI Mutual Fund
28-07-2023,128.65750,125494,SBI_Small_Cap,SBI Mutual Fund
27-07-2023,127.99650,125494,SBI_Small_Cap,SBI Mutual Fund
26-07-2023,127.80670,125494,SBI_Small_Cap,SBI Mutual Fund
25-07-2023,127.42500,125494,SBI_Small_Cap,SBI Mutual Fund
24-07-2023,127.42560,125494,SBI_Small_Cap,SBI Mutual Fund
21-07-2023,127.10020,125494,SBI_Small_Cap,SBI Mutual Fund
20-07-2023,127.33050,125494,SBI_Small_Cap,SBI Mutual Fund
19-07-2023,126.77330,125494,SBI_Small_Cap,SBI Mutual Fund
18-07-2023,126.29870,125494,SBI_Small_Cap,SBI Mutual Fund
17-07-2023,126.57800,125494,SBI_Small_Cap,SBI Mutual Fund
14-07-2023,125.60280,125494,SBI_Small_Cap,SBI Mutual Fund
13-07-2023,124.93520,125494,SBI_Small_Cap,SBI Mutual Fund
12-07-2023,125.34690,125494,SBI_Small_Cap,SBI Mutual Fund
11-07-2023,124.55060,125494,SBI_Small_Cap,SBI Mutual Fund
10-07-2023,124.17000,125494,SBI_Small_Cap,SBI Mutual Fund
07-07-2023,124.21250,125494,SBI_Small_Cap,SBI Mutual Fund
06-07-2023,124.31950,125494,SBI_Small_Cap,SBI Mutual Fund
05-07-2023,123.72620,125494,SBI_Small_Cap,SBI Mutual Fund
04-07-2023,123.13260,125494,SBI_Small_Cap,SBI Mutual Fund
03-07-2023,123.48010,125494,SBI_Small_Cap,SBI Mutual Fund
30-06-2023,122.96790,125494,SBI_Small_Cap,SBI Mutual Fund
28-06-2023,122.50470,125494,SBI_Small_Cap,SBI Mutual Fund
27-06-2023,122.46900,125494,SBI_Small_Cap,SBI Mutual Fund
26-06-2023,122.16630,125494,SBI_Small_Cap,SBI Mutual Fund
23-06-2023,121.44570,125494,SBI_Small_Cap,SBI Mutual Fund
22-06-2023,122.25000,125494,SBI_Small_Cap,SBI Mutual Fund
21-06-2023,122.78860,125494,SBI_Small_Cap,SBI Mutual Fund
20-06-2023,122.37890,125494,SBI_Small_Cap,SBI Mutual Fund
19-06-2023,122.06020,125494,SBI_Small_Cap,SBI Mutual Fund
16-06-2023,122.28140,125494,SBI_Small_Cap,SBI Mutual Fund
15-06-2023,121.76450,125494,SBI_Small_Cap,SBI Mutual Fund
14-06-2023,121.64780,125494,SBI_Small_Cap,SBI Mutual Fund
13-06-2023,121.15440,125494,SBI_Small_Cap,SBI Mutual Fund
12-06-2023,120.01520,125494,SBI_Small_Cap,SBI Mutual Fund
09-06-2023,119.50030,125494,SBI_Small_Cap,SBI Mutual Fund
08-06-2023,119.90740,125494,SBI_Small_Cap,SBI Mutual Fund
07-06-2023,120.28610,125494,SBI_Small_Cap,SBI Mutual Fund
06-06-2023,119.03130,125494,SBI_Small_Cap,SBI Mutual Fund
05-06-2023,118.62880,125494,SBI_Small_Cap,SBI Mutual Fund
02-06-2023,118.19060,125494,SBI_Small_Cap,SBI Mutual Fund
01-06-2023,117.94460,125494,SBI_Small_Cap,SBI Mutual Fund
31-05-2023,117.91010,125494,SBI_Small_Cap,SBI Mutual Fund
30-05-2023,117.56590,125494,SBI_Small_Cap,SBI Mutual Fund
29-05-2023,117.40240,125494,SBI_Small_Cap,SBI Mutual Fund
26-05-2023,117.29560,125494,SBI_Small_Cap,SBI Mutual Fund
25-05-2023,116.92590,125494,SBI_Small_Cap,SBI Mutual Fund
24-05-2023,116.77160,125494,SBI_Small_Cap,SBI Mutual Fund
23-05-2023,116.67130,125494,SBI_Small_Cap,SBI Mutual Fund
22-05-2023,116.90340,125494,SBI_Small_Cap,SBI Mutual Fund
19-05-2023,116.12210,125494,SBI_Small_Cap,SBI Mutual Fund
18-05-2023,116.48790,125494,SBI_Small_Cap,SBI Mutual Fund
17-05-2023,116.42320,125494,SBI_Small_Cap,SBI Mutual Fund
16-05-2023,116.64480,125494,SBI_Small_Cap,SBI Mutual Fund
15-05-2023,116.39250,125494,SBI_Small_Cap,SBI Mutual Fund
12-05-2023,116.06220,125494,SBI_Small_Cap,SBI Mutual Fund
11-05-2023,116.19240,125494,SBI_Small_Cap,SBI Mutual Fund
10-05-2023,115.45540,125494,SBI_Small_Cap,SBI Mutual Fund
09-05-2023,114.89960,125494,SBI_Small_Cap,SBI Mutual Fund
08-05-2023,115.04620,125494,SBI_Small_Cap,SBI Mutual Fund
05-05-2023,113.94150,125494,SBI_Small_Cap,SBI Mutual Fund
04-05-2023,114.34420,125494,SBI_Small_Cap,SBI Mutual Fund
03-05-2023,113.73090,125494,SBI_Small_Cap,SBI Mutual Fund
02-05-2023,113.61100,125494,SBI_Small_Cap,SBI Mutual Fund
28-04-2023,113.46170,125494,SBI_Small_Cap,SBI Mutual Fund
27-04-2023,112.72190,125494,SBI_Small_Cap,SBI Mutual Fund
26-04-2023,112.30050,125494,SBI_Small_Cap,SBI Mutual Fund
25-04-2023,111.88750,125494,SBI_Small_Cap,SBI Mutual Fund
24-04-2023,111.87010,125494,SBI_Small_Cap,SBI Mutual Fund
21-04-2023,111.75090,125494,SBI_Small_Cap,SBI Mutual Fund
20-04-2023,111.88850,125494,SBI_Small_Cap,SBI Mutual Fund
19-04-2023,111.21870,125494,SBI_Small_Cap,SBI Mutual Fund
18-04-2023,110.95430,125494,SBI_Small_Cap,SBI Mutual Fund
17-04-2023,110.91180,125494,SBI_Small_Cap,SBI Mutual Fund
13-04-2023,110.67470,125494,SBI_Small_Cap,SBI Mutual Fund
12-04-2023,110.40120,125494,SBI_Small_Cap,SBI Mutual Fund
11-04-2023,109.99480,125494,SBI_Small_Cap,SBI Mutual Fund
10-04-2023,109.74850,125494,SBI_Small_Cap,SBI Mutual Fund
06-04-2023,109.61940,125494,SBI_Small_Cap,SBI Mutual Fund
05-04-2023,109.48010,125494,SBI_Small_Cap,SBI Mutual Fund
03-04-2023,109.04600,125494,SBI_Small_Cap,SBI Mutual Fund
31-03-2023,108.68800,125494,SBI_Small_Cap,SBI Mutual Fund
29-03-2023,107.19600,125494,SBI_Small_Cap,SBI Mutual Fund
28-03-2023,105.65280,125494,SBI_Small_Cap,SBI Mutual Fund
27-03-2023,106.61770,125494,SBI_Small_Cap,SBI Mutual Fund
24-03-2023,107.42300,125494,SBI_Small_Cap,SBI Mutual Fund
23-03-2023,108.70500,125494,SBI_Small_Cap,SBI Mutual Fund
22-03-2023,108.44830,125494,SBI_Small_Cap,SBI Mutual Fund
21-03-2023,108.07590,125494,SBI_Small_Cap,SBI Mutual Fund
20-03-2023,107.48900,125494,SBI_Small_Cap,SBI Mutual Fund
17-03-2023,108.49200,125494,SBI_Small_Cap,SBI Mutual Fund
16-03-2023,108.04480,125494,SBI_Small_Cap,SBI Mutual Fund
15-03-2023,108.86900,125494,SBI_Small_Cap,SBI Mutual Fund
14-03-2023,108.77620,125494,SBI_Small_Cap,SBI Mutual Fund
13-03-2023,109.69460,125494,SBI_Small_Cap,SBI Mutual Fund
10-03-2023,110.98600,125494,SBI_Small_Cap,SBI Mutual Fund
09-03-2023,111.29260,125494,SBI_Small_Cap,SBI Mutual Fund
08-03-2023,111.47180,125494,SBI_Small_Cap,SBI Mutual Fund
06-03-2023,111.55640,125494,SBI_Small_Cap,SBI Mutual Fund
03-03-2023,110.77520,125494,SBI_Small_Cap,SBI Mutual Fund
02-03-2023,110.28810,125494,SBI_Small_Cap,SBI Mutual Fund
01-03-2023,110.52900,125494,SBI_Small_Cap,SBI Mutual Fund
28-02-2023,109.82190,125494,SBI_Small_Cap,SBI Mutual Fund
27-02-2023,109.09690,125494,SBI_Small_Cap,SBI Mutual Fund
24-02-2023,110.11050,125494,SBI_Small_Cap,SBI Mutual Fund
23-02-2023,110.00090,125494,SBI_Small_Cap,SBI Mutual Fund
22-02-2023,110.30890,125494,SBI_Small_Cap,SBI Mutual Fund
21-02-2023,111.31820,125494,SBI_Small_Cap,SBI Mutual Fund
20-02-2023,111.73670,125494,SBI_Small_Cap,SBI Mutual Fund
17-02-2023,111.86380,125494,SBI_Small_Cap,SBI Mutual Fund
16-02-2023,111.74160,125494,SBI_Small_Cap,SBI Mutual Fund
15-02-2023,111.27940,125494,SBI_Small_Cap,SBI Mutual Fund
14-02-2023,110.96180,125494,SBI_Small_Cap,SBI Mutual Fund
13-02-2023,111.24600,125494,SBI_Small_Cap,SBI Mutual Fund
10-02-2023,111.94010,125494,SBI_Small_Cap,SBI Mutual Fund
09-02-2023,111.55700,125494,SBI_Small_Cap,SBI Mutual Fund
08-02-2023,111.89470,125494,SBI_Small_Cap,SBI Mutual Fund
07-02-2023,111.27790,125494,SBI_Small_Cap,SBI Mutual Fund
06-02-2023,110.90030,125494,SBI_Small_Cap,SBI Mutual Fund
03-02-2023,111.17770,125494,SBI_Small_Cap,SBI Mutual Fund
02-02-2023,110.92850,125494,SBI_Small_Cap,SBI Mutual Fund
01-02-2023,110.45790,125494,SBI_Small_Cap,SBI Mutual Fund
31-01-2023,111.20860,125494,SBI_Small_Cap,SBI Mutual Fund
30-01-2023,109.46720,125494,SBI_Small_Cap,SBI Mutual Fund
27-01-2023,109.77510,125494,SBI_Small_Cap,SBI Mutual Fund
25-01-2023,110.72680,125494,SBI_Small_Cap,SBI Mutual Fund
24-01-2023,111.07040,125494,SBI_Small_Cap,SBI Mutual Fund
23-01-2023,111.33530,125494,SBI_Small_Cap,SBI Mutual Fund
20-01-2023,111.68560,125494,SBI_Small_Cap,SBI Mutual Fund
19-01-2023,112.34980,125494,SBI_Small_Cap,SBI Mutual Fund
18-01-2023,112.51020,125494,SBI_Small_Cap,SBI Mutual Fund
17-01-2023,112.59320,125494,SBI_Small_Cap,SBI Mutual Fund
16-01-2023,112.75400,125494,SBI_Small_Cap,SBI Mutual Fund
13-01-2023,112.83210,125494,SBI_Small_Cap,SBI Mutual Fund
12-01-2023,112.95880,125494,SBI_Small_Cap,SBI Mutual Fund
11-01-2023,112.70410,125494,SBI_Small_Cap,SBI Mutual Fund
10-01-2023,112.61130,125494,SBI_Small_Cap,SBI Mutual Fund
09-01-2023,113.19310,125494,SBI_Small_Cap,SBI Mutual Fund
06-01-2023,112.55200,125494,SBI_Small_Cap,SBI Mutual Fund
05-01-2023,113.46350,125494,SBI_Small_Cap,SBI Mutual Fund
04-01-2023,113.46160,125494,SBI_Small_Cap,SBI Mutual Fund
03-01-2023,114.34080,125494,SBI_Small_Cap,SBI Mutual Fund
02-01-2023,114.46580,125494,SBI_Small_Cap,SBI Mutual Fund
30-12-2022,114.02380,125494,SBI_Small_Cap,SBI Mutual Fund
29-12-2022,113.74630,125494,SBI_Small_Cap,SBI Mutual Fund
28-12-2022,113.41300,125494,SBI_Small_Cap,SBI Mutual Fund
27-12-2022,113.12550,125494,SBI_Small_Cap,SBI Mutual Fund
26-12-2022,112.21990,125494,SBI_Small_Cap,SBI Mutual Fund
23-12-2022,109.78540,125494,SBI_Small_Cap,SBI Mutual Fund
22-12-2022,112.82620,125494,SBI_Small_Cap,SBI Mutual Fund
21-12-2022,114.79140,125494,SBI_Small_Cap,SBI Mutual Fund
20-12-2022,116.69840,125494,SBI_Small_Cap,SBI Mutual Fund
19-12-2022,116.38030,125494,SBI_Small_Cap,SBI Mutual Fund
16-12-2022,116.36140,125494,SBI_Small_Cap,SBI Mutual Fund
15-12-2022,117.32360,125494,SBI_Small_Cap,SBI Mutual Fund
14-12-2022,118.25540,125494,SBI_Small_Cap,SBI Mutual Fund
13-12-2022,117.43790,125494,SBI_Small_Cap,SBI Mutual Fund
12-12-2022,117.03580,125494,SBI_Small_Cap,SBI Mutual Fund
09-12-2022,117.01500,125494,SBI_Small_Cap,SBI Mutual Fund
08-12-2022,117.68030,125494,SBI_Small_Cap,SBI Mutual Fund
07-12-2022,117.04740,125494,SBI_Small_Cap,SBI Mutual Fund
06-12-2022,117.32900,125494,SBI_Small_Cap,SBI Mutual Fund
05-12-2022,117.43320,125494,SBI_Small_Cap,SBI Mutual Fund
02-12-2022,117.12570,125494,SBI_Small_Cap,SBI Mutual Fund
01-12-2022,116.76210,125494,SBI_Small_Cap,SBI Mutual Fund
30-11-2022,116.07900,125494,SBI_Small_Cap,SBI Mutual Fund
29-11-2022,115.21710,125494,SBI_Small_Cap,SBI Mutual Fund
28-11-2022,115.64430,125494,SBI_Small_Cap,SBI Mutual Fund
25-11-2022,115.24140,125494,SBI_Small_Cap,SBI Mutual Fund
24-11-2022,114.97610,125494,SBI_Small_Cap,SBI Mutual Fund
23-11-2022,114.52450,125494,SBI_Small_Cap,SBI Mutual Fund
22-11-2022,114.23870,125494,SBI_Small_Cap,SBI Mutual Fund
21-11-2022,114.44500,125494,SBI_Small_Cap,SBI Mutual Fund
18-11-2022,114.22940,125494,SBI_Small_Cap,SBI Mutual Fund
17-11-2022,114.83540,125494,SBI_Small_Cap,SBI Mutual Fund
16-11-2022,114.87370,125494,SBI_Small_Cap,SBI Mutual Fund
15-11-2022,114.23970,125494,SBI_Small_Cap,SBI Mutual Fund
14-11-2022,114.32390,125494,SBI_Small_Cap,SBI Mutual Fund
11-11-2022,114.56120,125494,SBI_Small_Cap,SBI Mutual Fund
10-11-2022,114.54210,125494,SBI_Small_Cap,SBI Mutual Fund
09-11-2022,115.19190,125494,SBI_Small_Cap,SBI Mutual Fund
07-11-2022,115.68930,125494,SBI_Small_Cap,SBI Mutual Fund
04-11-2022,115.36240,125494,SBI_Small_Cap,SBI Mutual Fund
03-11-2022,115.20370,125494,SBI_Small_Cap,SBI Mutual Fund
02-11-2022,115.22700,125494,SBI_Small_Cap,SBI Mutual Fund
01-11-2022,114.69520,125494,SBI_Small_Cap,SBI Mutual Fund
31-10-2022,114.50180,125494,SBI_Small_Cap,SBI Mutual Fund
28-10-2022,114.69850,125494,SBI_Small_Cap,SBI Mutual Fund
27-10-2022,115.35180,125494,SBI_Small_Cap,SBI Mutual Fund
25-10-2022,114.97270,125494,SBI_Small_Cap,SBI Mutual Fund
21-10-2022,114.57350,125494,SBI_Small_Cap,SBI Mutual Fund
20-10-2022,115.50170,125494,SBI_Small_Cap,SBI Mutual Fund
19-10-2022,115.45920,125494,SBI_Small_Cap,SBI Mutual Fund
18-10-2022,114.94170,125494,SBI_Small_Cap,SBI Mutual Fund
17-10-2022,114.41460,125494,SBI_Small_Cap,SBI Mutual Fund
14-10-2022,114.28390,125494,SBI_Small_Cap,SBI Mutual Fund
13-10-2022,114.05920,125494,SBI_Small_Cap,SBI Mutual Fund
12-10-2022,114.71630,125494,SBI_Small_Cap,SBI Mutual Fund
11-10-2022,114.48480,125494,SBI_Small_Cap,SBI Mutual Fund
10-10-2022,115.15010,125494,SBI_Small_Cap,SBI Mutual Fund
07-10-2022,116.14820,125494,SBI_Small_Cap,SBI Mutual Fund
06-10-2022,115.69860,125494,SBI_Small_Cap,SBI Mutual Fund
04-10-2022,115.12980,125494,SBI_Small_Cap,SBI Mutual Fund
03-10-2022,114.13790,125494,SBI_Small_Cap,SBI Mutual Fund
30-09-2022,113.79140,125494,SBI_Small_Cap,SBI Mutual Fund
29-09-2022,112.41550,125494,SBI_Small_Cap,SBI Mutual Fund
28-09-2022,111.72690,125494,SBI_Small_Cap,SBI Mutual Fund
27-09-2022,111.91740,125494,SBI_Small_Cap,SBI Mutual Fund
26-09-2022,111.20500,125494,SBI_Small_Cap,SBI Mutual Fund
23-09-2022,114.01900,125494,SBI_Small_Cap,SBI Mutual Fund
22-09-2022,115.49390,125494,SBI_Small_Cap,SBI Mutual Fund
21-09-2022,115.51220,125494,SBI_Small_Cap,SBI Mutual Fund
20-09-2022,115.76260,125494,SBI_Small_Cap,SBI Mutual Fund
19-09-2022,114.79420,125494,SBI_Small_Cap,SBI Mutual Fund
16-09-2022,114.97060,125494,SBI_Small_Cap,SBI Mutual Fund
15-09-2022,117.52890,125494,SBI_Small_Cap,SBI Mutual Fund
14-09-2022,118.12750,125494,SBI_Small_Cap,SBI Mutual Fund
13-09-2022,117.67060,125494,SBI_Small_Cap,SBI Mutual Fund
12-09-2022,117.91880,125494,SBI_Small_Cap,SBI Mutual Fund
09-09-2022,116.93560,125494,SBI_Small_Cap,SBI Mutual Fund
08-09-2022,116.64460,125494,SBI_Small_Cap,SBI Mutual Fund
07-09-2022,115.88550,125494,SBI_Small_Cap,SBI Mutual Fund
06-09-2022,114.82990,125494,SBI_Small_Cap,SBI Mutual Fund
05-09-2022,114.09290,125494,SBI_Small_Cap,SBI Mutual Fund
02-09-2022,113.31220,125494,SBI_Small_Cap,SBI Mutual Fund
01-09-2022,112.16280,125494,SBI_Small_Cap,SBI Mutual Fund
30-08-2022,112.06650,125494,SBI_Small_Cap,SBI Mutual Fund
29-08-2022,110.74770,125494,SBI_Small_Cap,SBI Mutual Fund
26-08-2022,111.12910,125494,SBI_Small_Cap,SBI Mutual Fund
25-08-2022,110.77340,125494,SBI_Small_Cap,SBI Mutual Fund
24-08-2022,110.46720,125494,SBI_Small_Cap,SBI Mutual Fund
23-08-2022,109.77340,125494,SBI_Small_Cap,SBI Mutual Fund
22-08-2022,108.89700,125494,SBI_Small_Cap,SBI Mutual Fund
19-08-2022,109.56810,125494,SBI_Small_Cap,SBI Mutual Fund
18-08-2022,110.65580,125494,SBI_Small_Cap,SBI Mutual Fund
17-08-2022,110.29670,125494,SBI_Small_Cap,SBI Mutual Fund
16-08-2022,110.19130,125494,SBI_Small_Cap,SBI Mutual Fund
12-08-2022,109.81360,125494,SBI_Small_Cap,SBI Mutual Fund
11-08-2022,109.72410,125494,SBI_Small_Cap,SBI Mutual Fund
10-08-2022,109.49860,125494,SBI_Small_Cap,SBI Mutual Fund
08-08-2022,108.66230,125494,SBI_Small_Cap,SBI Mutual Fund
05-08-2022,107.45580,125494,SBI_Small_Cap,SBI Mutual Fund
04-08-2022,107.49080,125494,SBI_Small_Cap,SBI Mutual Fund
03-08-2022,107.34330,125494,SBI_Small_Cap,SBI Mutual Fund
02-08-2022,107.61990,125494,SBI_Small_Cap,SBI Mutual Fund
01-08-2022,106.50620,125494,SBI_Small_Cap,SBI Mutual Fund
29-07-2022,104.17590,125494,SBI_Small_Cap,SBI Mutual Fund
28-07-2022,103.81580,125494,SBI_Small_Cap,SBI Mutual Fund
27-07-2022,102.74210,125494,SBI_Small_Cap,SBI Mutual Fund
26-07-2022,102.48680,125494,SBI_Small_Cap,SBI Mutual Fund
25-07-2022,102.83990,125494,SBI_Small_Cap,SBI Mutual Fund
22-07-2022,102.63840,125494,SBI_Small_Cap,SBI Mutual Fund
21-07-2022,102.02930,125494,SBI_Small_Cap,SBI Mutual Fund
20-07-2022,101.65240,125494,SBI_Small_Cap,SBI Mutual Fund
19-07-2022,101.49190,125494,SBI_Small_Cap,SBI Mutual Fund
18-07-2022,100.71020,125494,SBI_Small_Cap,SBI Mutual Fund
15-07-2022,100.06000,125494,SBI_Small_Cap,SBI Mutual Fund
14-07-2022,99.48150,125494,SBI_Small_Cap,SBI Mutual Fund
13-07-2022,99.60650,125494,SBI_Small_Cap,SBI Mutual Fund
12-07-2022,99.46040,125494,SBI_Small_Cap,SBI Mutual Fund
11-07-2022,100.23010,125494,SBI_Small_Cap,SBI Mutual Fund
08-07-2022,99.29160,125494,SBI_Small_Cap,SBI Mutual Fund
07-07-2022,99.09230,125494,SBI_Small_Cap,SBI Mutual Fund
06-07-2022,98.51680,125494,SBI_Small_Cap,SBI Mutual Fund
05-07-2022,98.02360,125494,SBI_Small_Cap,SBI Mutual Fund
04-07-2022,97.29200,125494,SBI_Small_Cap,SBI Mutual Fund
01-07-2022,96.54850,125494,SBI_Small_Cap,SBI Mutual Fund
30-06-2022,96.63330,125494,SBI_Small_Cap,SBI Mutual Fund
29-06-2022,96.80050,125494,SBI_Small_Cap,SBI Mutual Fund
28-06-2022,97.08550,125494,SBI_Small_Cap,SBI Mutual Fund
27-06-2022,96.99360,125494,SBI_Small_Cap,SBI Mutual Fund
24-06-2022,95.93300,125494,SBI_Small_Cap,SBI Mutual Fund
23-06-2022,95.05090,125494,SBI_Small_Cap,SBI Mutual Fund
22-06-2022,93.87140,125494,SBI_Small_Cap,SBI Mutual Fund
21-06-2022,94.41040,125494,SBI_Small_Cap,SBI Mutual Fund
20-06-2022,92.91390,125494,SBI_Small_Cap,SBI Mutual Fund
17-06-2022,94.43950,125494,SBI_Small_Cap,SBI Mutual Fund
16-06-2022,95.29280,125494,SBI_Small_Cap,SBI Mutual Fund
15-06-2022,97.20500,125494,SBI_Small_Cap,SBI Mutual Fund
14-06-2022,97.03530,125494,SBI_Small_Cap,SBI Mutual Fund
13-06-2022,97.42660,125494,SBI_Small_Cap,SBI Mutual Fund
10-06-2022,99.38310,125494,SBI_Small_Cap,SBI Mutual Fund
09-06-2022,99.75670,125494,SBI_Small_Cap,SBI Mutual Fund
08-06-2022,99.69010,125494,SBI_Small_Cap,SBI Mutual Fund
07-06-2022,99.85320,125494,SBI_Small_Cap,SBI Mutual Fund
06-06-2022,100.39090,125494,SBI_Small_Cap,SBI Mutual Fund
03-06-2022,100.59480,125494,SBI_Small_Cap,SBI Mutual Fund
02-06-2022,101.82180,125494,SBI_Small_Cap,SBI Mutual Fund
01-06-2022,101.82650,125494,SBI_Small_Cap,SBI Mutual Fund
31-05-2022,100.34440,125494,SBI_Small_Cap,SBI Mutual Fund
30-05-2022,99.88490,125494,SBI_Small_Cap,SBI Mutual Fund
27-05-2022,98.30630,125494,SBI_Small_Cap,SBI Mutual Fund
26-05-2022,98.25510,125494,SBI_Small_Cap,SBI Mutual Fund
25-05-2022,97.72570,125494,SBI_Small_Cap,SBI Mutual Fund
24-05-2022,99.42720,125494,SBI_Small_Cap,SBI Mutual Fund
23-05-2022,99.75440,125494,SBI_Small_Cap,SBI Mutual Fund
20-05-2022,99.58330,125494,SBI_Small_Cap,SBI Mutual Fund
19-05-2022,98.37240,125494,SBI_Small_Cap,SBI Mutual Fund
18-05-2022,99.50190,125494,SBI_Small_Cap,SBI Mutual Fund
17-05-2022,99.58450,125494,SBI_Small_Cap,SBI Mutual Fund
16-05-2022,97.66630,125494,SBI_Small_Cap,SBI Mutual Fund
13-05-2022,96.47290,125494,SBI_Small_Cap,SBI Mutual Fund
12-05-2022,96.27580,125494,SBI_Small_Cap,SBI Mutual Fund
11-05-2022,97.50950,125494,SBI_Small_Cap,SBI Mutual Fund
10-05-2022,98.80580,125494,SBI_Small_Cap,SBI Mutual Fund
09-05-2022,100.14180,125494,SBI_Small_Cap,SBI Mutual Fund
06-05-2022,100.87970,125494,SBI_Small_Cap,SBI Mutual Fund
05-05-2022,102.21270,125494,SBI_Small_Cap,SBI Mutual Fund
04-05-2022,102.35530,125494,SBI_Small_Cap,SBI Mutual Fund
02-05-2022,104.27150,125494,SBI_Small_Cap,SBI Mutual Fund
29-04-2022,104.97550,125494,SBI_Small_Cap,SBI Mutual Fund
28-04-2022,105.72600,125494,SBI_Small_Cap,SBI Mutual Fund
27-04-2022,104.88080,125494,SBI_Small_Cap,SBI Mutual Fund
26-04-2022,105.07760,125494,SBI_Small_Cap,SBI Mutual Fund
25-04-2022,104.35840,125494,SBI_Small_Cap,SBI Mutual Fund
22-04-2022,105.49780,125494,SBI_Small_Cap,SBI Mutual Fund
21-04-2022,105.57400,125494,SBI_Small_Cap,SBI Mutual Fund
20-04-2022,104.68600,125494,SBI_Small_Cap,SBI Mutual Fund
19-04-2022,104.67870,125494,SBI_Small_Cap,SBI Mutual Fund
18-04-2022,105.53150,125494,SBI_Small_Cap,SBI Mutual Fund
13-04-2022,106.03920,125494,SBI_Small_Cap,SBI Mutual Fund
12-04-2022,106.11030,125494,SBI_Small_Cap,SBI Mutual Fund
11-04-2022,107.12060,125494,SBI_Small_Cap,SBI Mutual Fund
08-04-2022,106.60380,125494,SBI_Small_Cap,SBI Mutual Fund
07-04-2022,105.90520,125494,SBI_Small_Cap,SBI Mutual Fund
06-04-2022,106.43270,125494,SBI_Small_Cap,SBI Mutual Fund
05-04-2022,106.17580,125494,SBI_Small_Cap,SBI Mutual Fund
04-04-2022,104.83390,125494,SBI_Small_Cap,SBI Mutual Fund
01-04-2022,103.65620,125494,SBI_Small_Cap,SBI Mutual Fund
31-03-2022,102.32620,125494,SBI_Small_Cap,SBI Mutual Fund
30-03-2022,102.33500,125494,SBI_Small_Cap,SBI Mutual Fund
29-03-2022,101.83240,125494,SBI_Small_Cap,SBI Mutual Fund
28-03-2022,100.52210,125494,SBI_Small_Cap,SBI Mutual Fund
25-03-2022,100.95170,125494,SBI_Small_Cap,SBI Mutual Fund
24-03-2022,101.21480,125494,SBI_Small_Cap,SBI Mutual Fund
23-03-2022,101.15550,125494,SBI_Small_Cap,SBI Mutual Fund
22-03-2022,100.93720,125494,SBI_Small_Cap,SBI Mutual Fund
21-03-2022,100.93150,125494,SBI_Small_Cap,SBI Mutual Fund
17-03-2022,101.23670,125494,SBI_Small_Cap,SBI Mutual Fund
16-03-2022,100.67310,125494,SBI_Small_Cap,SBI Mutual Fund
15-03-2022,100.03730,125494,SBI_Small_Cap,SBI Mutual Fund
14-03-2022,100.57000,125494,SBI_Small_Cap,SBI Mutual Fund
11-03-2022,99.69400,125494,SBI_Small_Cap,SBI Mutual Fund
10-03-2022,99.19540,125494,SBI_Small_Cap,SBI Mutual Fund
09-03-2022,98.21790,125494,SBI_Small_Cap,SBI Mutual Fund
08-03-2022,96.73460,125494,SBI_Small_Cap,SBI Mutual Fund
07-03-2022,96.33040,125494,SBI_Small_Cap,SBI Mutual Fund
04-03-2022,97.95470,125494,SBI_Small_Cap,SBI Mutual Fund
03-03-2022,99.32130,125494,SBI_Small_Cap,SBI Mutual Fund
02-03-2022,99.17800,125494,SBI_Small_Cap,SBI Mutual Fund
28-02-2022,99.26060,125494,SBI_Small_Cap,SBI Mutual Fund
25-02-2022,98.61260,125494,SBI_Small_Cap,SBI Mutual Fund
24-02-2022,95.40560,125494,SBI_Small_Cap,SBI Mutual Fund
23-02-2022,99.29180,125494,SBI_Small_Cap,SBI Mutual Fund
22-02-2022,98.70990,125494,SBI_Small_Cap,SBI Mutual Fund
21-02-2022,99.90080,125494,SBI_Small_Cap,SBI Mutual Fund
18-02-2022,101.77190,125494,SBI_Small_Cap,SBI Mutual Fund
17-02-2022,102.13020,125494,SBI_Small_Cap,SBI Mutual Fund
16-02-2022,102.54970,125494,SBI_Small_Cap,SBI Mutual Fund
15-02-2022,101.48240,125494,SBI_Small_Cap,SBI Mutual Fund
14-02-2022,100.47220,125494,SBI_Small_Cap,SBI Mutual Fund
11-02-2022,103.56830,125494,SBI_Small_Cap,SBI Mutual Fund
10-02-2022,105.18090,125494,SBI_Small_Cap,SBI Mutual Fund
09-02-2022,105.45670,125494,SBI_Small_Cap,SBI Mutual Fund
08-02-2022,105.75540,125494,SBI_Small_Cap,SBI Mutual Fund
07-02-2022,106.78150,125494,SBI_Small_Cap,SBI Mutual Fund
04-02-2022,106.84220,125494,SBI_Small_Cap,SBI Mutual Fund
03-02-2022,106.62880,125494,SBI_Small_Cap,SBI Mutual Fund
02-02-2022,106.95210,125494,SBI_Small_Cap,SBI Mutual Fund
01-02-2022,105.66140,125494,SBI_Small_Cap,SBI Mutual Fund
31-01-2022,104.10640,125494,SBI_Small_Cap,SBI Mutual Fund
28-01-2022,102.86350,125494,SBI_Small_Cap,SBI Mutual Fund
27-01-2022,102.60410,125494,SBI_Small_Cap,SBI Mutual Fund
25-01-2022,103.93170,125494,SBI_Small_Cap,SBI Mutual Fund
24-01-2022,102.95060,125494,SBI_Small_Cap,SBI Mutual Fund
21-01-2022,107.52440,125494,SBI_Small_Cap,SBI Mutual Fund
20-01-2022,108.65240,125494,SBI_Small_Cap,SBI Mutual Fund
19-01-2022,108.68880,125494,SBI_Small_Cap,SBI Mutual Fund
18-01-2022,108.87760,125494,SBI_Small_Cap,SBI Mutual Fund
17-01-2022,110.25090,125494,SBI_Small_Cap,SBI Mutual Fund
14-01-2022,109.92130,125494,SBI_Small_Cap,SBI Mutual Fund
13-01-2022,109.11030,125494,SBI_Small_Cap,SBI Mutual Fund
12-01-2022,109.01240,125494,SBI_Small_Cap,SBI Mutual Fund
11-01-2022,107.84770,125494,SBI_Small_Cap,SBI Mutual Fund
10-01-2022,107.89320,125494,SBI_Small_Cap,SBI Mutual Fund
07-01-2022,106.81530,125494,SBI_Small_Cap,SBI Mutual Fund
06-01-2022,106.83650,125494,SBI_Small_Cap,SBI Mutual Fund
05-01-2022,106.62860,125494,SBI_Small_Cap,SBI Mutual Fund
04-01-2022,106.76630,125494,SBI_Small_Cap,SBI Mutual Fund
03-01-2022,106.62070,125494,SBI_Small_Cap,SBI Mutual Fund
31-12-2021,105.43830,125494,SBI_Small_Cap,SBI Mutual Fund
30-12-2021,104.10690,125494,SBI_Small_Cap,SBI Mutual Fund
29-12-2021,104.17090,125494,SBI_Small_Cap,SBI Mutual Fund
28-12-2021,103.34110,125494,SBI_Small_Cap,SBI Mutual Fund
27-12-2021,102.36120,125494,SBI_Small_Cap,SBI Mutual Fund
24-12-2021,102.28050,125494,SBI_Small_Cap,SBI Mutual Fund
23-12-2021,103.23980,125494,SBI_Small_Cap,SBI Mutual Fund
22-12-2021,102.73610,125494,SBI_Small_Cap,SBI Mutual Fund
21-12-2021,101.50230,125494,SBI_Small_Cap,SBI Mutual Fund
20-12-2021,100.86610,125494,SBI_Small_Cap,SBI Mutual Fund
17-12-2021,103.58000,125494,SBI_Small_Cap,SBI Mutual Fund
16-12-2021,104.61820,125494,SBI_Small_Cap,SBI Mutual Fund
15-12-2021,105.68140,125494,SBI_Small_Cap,SBI Mutual Fund
14-12-2021,105.53270,125494,SBI_Small_Cap,SBI Mutual Fund
13-12-2021,105.63230,125494,SBI_Small_Cap,SBI Mutual Fund
10-12-2021,105.96330,125494,SBI_Small_Cap,SBI Mutual Fund
09-12-2021,105.41320,125494,SBI_Small_Cap,SBI Mutual Fund
08-12-2021,105.03260,125494,SBI_Small_Cap,SBI Mutual Fund
07-12-2021,104.64940,125494,SBI_Small_Cap,SBI Mutual Fund
06-12-2021,103.44620,125494,SBI_Small_Cap,SBI Mutual Fund
03-12-2021,104.59660,125494,SBI_Small_Cap,SBI Mutual Fund
02-12-2021,104.31080,125494,SBI_Small_Cap,SBI Mutual Fund
01-12-2021,103.71770,125494,SBI_Small_Cap,SBI Mutual Fund
30-11-2021,103.79620,125494,SBI_Small_Cap,SBI Mutual Fund
29-11-2021,101.47520,125494,SBI_Small_Cap,SBI Mutual Fund
26-11-2021,103.03860,125494,SBI_Small_Cap,SBI Mutual Fund
25-11-2021,106.28250,125494,SBI_Small_Cap,SBI Mutual Fund
24-11-2021,105.92450,125494,SBI_Small_Cap,SBI Mutual Fund
23-11-2021,104.86230,125494,SBI_Small_Cap,SBI Mutual Fund
22-11-2021,103.77880,125494,SBI_Small_Cap,SBI Mutual Fund
18-11-2021,105.99330,125494,SBI_Small_Cap,SBI Mutual Fund
17-11-2021,107.04290,125494,SBI_Small_Cap,SBI Mutual Fund
16-11-2021,107.47150,125494,SBI_Small_Cap,SBI Mutual Fund
15-11-2021,108.03400,125494,SBI_Small_Cap,SBI Mutual Fund
12-11-2021,108.08970,125494,SBI_Small_Cap,SBI Mutual Fund
11-11-2021,107.30620,125494,SBI_Small_Cap,SBI Mutual Fund
10-11-2021,106.84010,125494,SBI_Small_Cap,SBI Mutual Fund
09-11-2021,106.84440,125494,SBI_Small_Cap,SBI Mutual Fund
08-11-2021,106.30160,125494,SBI_Small_Cap,SBI Mutual Fund
03-11-2021,104.69920,125494,SBI_Small_Cap,SBI Mutual Fund
02-11-2021,104.69800,125494,SBI_Small_Cap,SBI Mutual Fund
01-11-2021,103.55870,125494,SBI_Small_Cap,SBI Mutual Fund
29-10-2021,103.03520,125494,SBI_Small_Cap,SBI Mutual Fund
28-10-2021,102.85980,125494,SBI_Small_Cap,SBI Mutual Fund
27-10-2021,103.44530,125494,SBI_Small_Cap,SBI Mutual Fund
26-10-2021,102.90270,125494,SBI_Small_Cap,SBI Mutual Fund
25-10-2021,101.52740,125494,SBI_Small_Cap,SBI Mutual Fund
22-10-2021,102.83950,125494,SBI_Small_Cap,SBI Mutual Fund
21-10-2021,103.25140,125494,SBI_Small_Cap,SBI Mutual Fund
20-10-2021,102.89580,125494,SBI_Small_Cap,SBI Mutual Fund
19-10-2021,105.40390,125494,SBI_Small_Cap,SBI Mutual Fund
18-10-2021,106.55600,125494,SBI_Small_Cap,SBI Mutual Fund
14-10-2021,105.81430,125494,SBI_Small_Cap,SBI Mutual Fund
13-10-2021,105.59180,125494,SBI_Small_Cap,SBI Mutual Fund
12-10-2021,104.49170,125494,SBI_Small_Cap,SBI Mutual Fund
11-10-2021,104.40940,125494,SBI_Small_Cap,SBI Mutual Fund
08-10-2021,103.74980,125494,SBI_Small_Cap,SBI Mutual Fund
07-10-2021,103.34800,125494,SBI_Small_Cap,SBI Mutual Fund
06-10-2021,102.06920,125494,SBI_Small_Cap,SBI Mutual Fund
05-10-2021,102.37410,125494,SBI_Small_Cap,SBI Mutual Fund
04-10-2021,102.34230,125494,SBI_Small_Cap,SBI Mutual Fund
01-10-2021,100.63140,125494,SBI_Small_Cap,SBI Mutual Fund
30-09-2021,99.93430,125494,SBI_Small_Cap,SBI Mutual Fund
29-09-2021,99.32100,125494,SBI_Small_Cap,SBI Mutual Fund
28-09-2021,99.28470,125494,SBI_Small_Cap,SBI Mutual Fund
27-09-2021,99.16710,125494,SBI_Small_Cap,SBI Mutual Fund
24-09-2021,99.38410,125494,SBI_Small_Cap,SBI Mutual Fund
23-09-2021,99.98320,125494,SBI_Small_Cap,SBI Mutual Fund
22-09-2021,98.90910,125494,SBI_Small_Cap,SBI Mutual Fund
21-09-2021,97.97410,125494,SBI_Small_Cap,SBI Mutual Fund
20-09-2021,97.57030,125494,SBI_Small_Cap,SBI Mutual Fund
17-09-2021,98.98530,125494,SBI_Small_Cap,SBI Mutual Fund
16-09-2021,99.98950,125494,SBI_Small_Cap,SBI Mutual Fund
15-09-2021,100.12070,125494,SBI_Small_Cap,SBI Mutual Fund
14-09-2021,99.42860,125494,SBI_Small_Cap,SBI Mutual Fund
13-09-2021,98.33490,125494,SBI_Small_Cap,SBI Mutual Fund
09-09-2021,98.13920,125494,SBI_Small_Cap,SBI Mutual Fund
08-09-2021,97.24570,125494,SBI_Small_Cap,SBI Mutual Fund
07-09-2021,97.05280,125494,SBI_Small_Cap,SBI Mutual Fund
06-09-2021,97.22660,125494,SBI_Small_Cap,SBI Mutual Fund
03-09-2021,96.69150,125494,SBI_Small_Cap,SBI Mutual Fund
02-09-2021,96.67090,125494,SBI_Small_Cap,SBI Mutual Fund
01-09-2021,95.91980,125494,SBI_Small_Cap,SBI Mutual Fund
31-08-2021,95.88590,125494,SBI_Small_Cap,SBI Mutual Fund
30-08-2021,95.00470,125494,SBI_Small_Cap,SBI Mutual Fund
27-08-2021,93.34670,125494,SBI_Small_Cap,SBI Mutual Fund
26-08-2021,92.75740,125494,SBI_Small_Cap,SBI Mutual Fund
25-08-2021,92.18780,125494,SBI_Small_Cap,SBI Mutual Fund
24-08-2021,91.77200,125494,SBI_Small_Cap,SBI Mutual Fund
23-08-2021,90.86050,125494,SBI_Small_Cap,SBI Mutual Fund
20-08-2021,92.00280,125494,SBI_Small_Cap,SBI Mutual Fund
18-08-2021,93.33680,125494,SBI_Small_Cap,SBI Mutual Fund
17-08-2021,93.53490,125494,SBI_Small_Cap,SBI Mutual Fund
16-08-2021,93.25300,125494,SBI_Small_Cap,SBI Mutual Fund
13-08-2021,93.65430,125494,SBI_Small_Cap,SBI Mutual Fund
12-08-2021,93.40210,125494,SBI_Small_Cap,SBI Mutual Fund
11-08-2021,92.26250,125494,SBI_Small_Cap,SBI Mutual Fund
10-08-2021,93.31980,125494,SBI_Small_Cap,SBI Mutual Fund
09-08-2021,94.71260,125494,SBI_Small_Cap,SBI Mutual Fund
06-08-2021,95.20820,125494,SBI_Small_Cap,SBI Mutual Fund
05-08-2021,95.38430,125494,SBI_Small_Cap,SBI Mutual Fund
04-08-2021,95.80460,125494,SBI_Small_Cap,SBI Mutual Fund
03-08-2021,96.65670,125494,SBI_Small_Cap,SBI Mutual Fund
02-08-2021,96.39480,125494,SBI_Small_Cap,SBI Mutual Fund
30-07-2021,95.74000,125494,SBI_Small_Cap,SBI Mutual Fund
29-07-2021,95.30590,125494,SBI_Small_Cap,SBI Mutual Fund
28-07-2021,94.15200,125494,SBI_Small_Cap,SBI Mutual Fund
27-07-2021,94.40430,125494,SBI_Small_Cap,SBI Mutual Fund
26-07-2021,94.87700,125494,SBI_Small_Cap,SBI Mutual Fund
23-07-2021,94.87610,125494,SBI_Small_Cap,SBI Mutual Fund
22-07-2021,94.65730,125494,SBI_Small_Cap,SBI Mutual Fund
20-07-2021,93.94280,125494,SBI_Small_Cap,SBI Mutual Fund
19-07-2021,95.25850,125494,SBI_Small_Cap,SBI Mutual Fund
16-07-2021,95.43720,125494,SBI_Small_Cap,SBI Mutual Fund
15-07-2021,95.51190,125494,SBI_Small_Cap,SBI Mutual Fund
14-07-2021,95.68460,125494,SBI_Small_Cap,SBI Mutual Fund
13-07-2021,95.15850,125494,SBI_Small_Cap,SBI Mutual Fund
12-07-2021,94.64280,125494,SBI_Small_Cap,SBI Mutual Fund
09-07-2021,93.79840,125494,SBI_Small_Cap,SBI Mutual Fund
08-07-2021,93.73740,125494,SBI_Small_Cap,SBI Mutual Fund
07-07-2021,94.19640,125494,SBI_Small_Cap,SBI Mutual Fund
06-07-2021,93.56320,125494,SBI_Small_Cap,SBI Mutual Fund
05-07-2021,93.18430,125494,SBI_Small_Cap,SBI Mutual Fund
02-07-2021,92.58090,125494,SBI_Small_Cap,SBI Mutual Fund
01-07-2021,91.97920,125494,SBI_Small_Cap,SBI Mutual Fund
30-06-2021,91.83060,125494,SBI_Small_Cap,SBI Mutual Fund
29-06-2021,91.40460,125494,SBI_Small_Cap,SBI Mutual Fund
28-06-2021,91.66390,125494,SBI_Small_Cap,SBI Mutual Fund
25-06-2021,91.06230,125494,SBI_Small_Cap,SBI Mutual Fund
24-06-2021,90.75350,125494,SBI_Small_Cap,SBI Mutual Fund
23-06-2021,90.69910,125494,SBI_Small_Cap,SBI Mutual Fund
22-06-2021,90.38900,125494,SBI_Small_Cap,SBI Mutual Fund
21-06-2021,89.89470,125494,SBI_Small_Cap,SBI Mutual Fund
18-06-2021,89.55260,125494,SBI_Small_Cap,SBI Mutual Fund
17-06-2021,89.70820,125494,SBI_Small_Cap,SBI Mutual Fund
16-06-2021,90.19440,125494,SBI_Small_Cap,SBI Mutual Fund
15-06-2021,90.62280,125494,SBI_Small_Cap,SBI Mutual Fund
14-06-2021,90.29130,125494,SBI_Small_Cap,SBI Mutual Fund
11-06-2021,90.84630,125494,SBI_Small_Cap,SBI Mutual Fund
10-06-2021,90.96820,125494,SBI_Small_Cap,SBI Mutual Fund
09-06-2021,90.09570,125494,SBI_Small_Cap,SBI Mutual Fund
08-06-2021,91.10740,125494,SBI_Small_Cap,SBI Mutual Fund
07-06-2021,90.96170,125494,SBI_Small_Cap,SBI Mutual Fund
04-06-2021,89.97330,125494,SBI_Small_Cap,SBI Mutual Fund
03-06-2021,89.31260,125494,SBI_Small_Cap,SBI Mutual Fund
02-06-2021,89.27400,125494,SBI_Small_Cap,SBI Mutual Fund
01-06-2021,88.48010,125494,SBI_Small_Cap,SBI Mutual Fund
31-05-2021,88.64270,125494,SBI_Small_Cap,SBI Mutual Fund
28-05-2021,88.53070,125494,SBI_Small_Cap,SBI Mutual Fund
27-05-2021,89.13230,125494,SBI_Small_Cap,SBI Mutual Fund
26-05-2021,88.62270,125494,SBI_Small_Cap,SBI Mutual Fund
25-05-2021,88.22070,125494,SBI_Small_Cap,SBI Mutual Fund
24-05-2021,87.43240,125494,SBI_Small_Cap,SBI Mutual Fund
21-05-2021,86.85810,125494,SBI_Small_Cap,SBI Mutual Fund
20-05-2021,86.53300,125494,SBI_Small_Cap,SBI Mutual Fund
19-05-2021,86.28440,125494,SBI_Small_Cap,SBI Mutual Fund
18-05-2021,85.52810,125494,SBI_Small_Cap,SBI Mutual Fund
17-05-2021,84.65310,125494,SBI_Small_Cap,SBI Mutual Fund
14-05-2021,84.04050,125494,SBI_Small_Cap,SBI Mutual Fund
12-05-2021,84.62530,125494,SBI_Small_Cap,SBI Mutual Fund
11-05-2021,85.23040,125494,SBI_Small_Cap,SBI Mutual Fund
10-05-2021,84.57040,125494,SBI_Small_Cap,SBI Mutual Fund
07-05-2021,84.00270,125494,SBI_Small_Cap,SBI Mutual Fund
06-05-2021,83.91910,125494,SBI_Small_Cap,SBI Mutual Fund
05-05-2021,83.86640,125494,SBI_Small_Cap,SBI Mutual Fund
04-05-2021,83.23590,125494,SBI_Small_Cap,SBI Mutual Fund
03-05-2021,83.25710,125494,SBI_Small_Cap,SBI Mutual Fund
30-04-2021,82.43850,125494,SBI_Small_Cap,SBI Mutual Fund
29-04-2021,82.57070,125494,SBI_Small_Cap,SBI Mutual Fund
28-04-2021,82.31350,125494,SBI_Small_Cap,SBI Mutual Fund
27-04-2021,81.62300,125494,SBI_Small_Cap,SBI Mutual Fund
26-04-2021,80.70040,125494,SBI_Small_Cap,SBI Mutual Fund
23-04-2021,80.12440,125494,SBI_Small_Cap,SBI Mutual Fund
22-04-2021,79.99220,125494,SBI_Small_Cap,SBI Mutual Fund
20-04-2021,79.47600,125494,SBI_Small_Cap,SBI Mutual Fund
19-04-2021,79.09900,125494,SBI_Small_Cap,SBI Mutual Fund
16-04-2021,79.66350,125494,SBI_Small_Cap,SBI Mutual Fund
15-04-2021,79.42650,125494,SBI_Small_Cap,SBI Mutual Fund
13-04-2021,79.27290,125494,SBI_Small_Cap,SBI Mutual Fund
12-04-2021,78.65590,125494,SBI_Small_Cap,SBI Mutual Fund
09-04-2021,82.07130,125494,SBI_Small_Cap,SBI Mutual Fund
08-04-2021,82.06250,125494,SBI_Small_Cap,SBI Mutual Fund
07-04-2021,81.07120,125494,SBI_Small_Cap,SBI Mutual Fund
06-04-2021,80.55910,125494,SBI_Small_Cap,SBI Mutual Fund
05-04-2021,79.88310,125494,SBI_Small_Cap,SBI Mutual Fund
01-04-2021,80.70790,125494,SBI_Small_Cap,SBI Mutual Fund
31-03-2021,79.78340,125494,SBI_Small_Cap,SBI Mutual Fund
30-03-2021,79.07760,125494,SBI_Small_Cap,SBI Mutual Fund
26-03-2021,78.00050,125494,SBI_Small_Cap,SBI Mutual Fund
25-03-2021,77.23750,125494,SBI_Small_Cap,SBI Mutual Fund
24-03-2021,78.60990,125494,SBI_Small_Cap,SBI Mutual Fund
23-03-2021,79.84330,125494,SBI_Small_Cap,SBI Mutual Fund
22-03-2021,78.83700,125494,SBI_Small_Cap,SBI Mutual Fund
19-03-2021,78.23650,125494,SBI_Small_Cap,SBI Mutual Fund
18-03-2021,78.50950,125494,SBI_Small_Cap,SBI Mutual Fund
17-03-2021,79.63100,125494,SBI_Small_Cap,SBI Mutual Fund
16-03-2021,80.81500,125494,SBI_Small_Cap,SBI Mutual Fund
15-03-2021,80.84310,125494,SBI_Small_Cap,SBI Mutual Fund
12-03-2021,81.15560,125494,SBI_Small_Cap,SBI Mutual Fund
10-03-2021,80.94550,125494,SBI_Small_Cap,SBI Mutual Fund
09-03-2021,80.60040,125494,SBI_Small_Cap,SBI Mutual Fund
08-03-2021,80.85040,125494,SBI_Small_Cap,SBI Mutual Fund
05-03-2021,80.52600,125494,SBI_Small_Cap,SBI Mutual Fund
04-03-2021,81.20090,125494,SBI_Small_Cap,SBI Mutual Fund
03-03-2021,80.77400,125494,SBI_Small_Cap,SBI Mutual Fund
02-03-2021,80.11330,125494,SBI_Small_Cap,SBI Mutual Fund
01-03-2021,79.32000,125494,SBI_Small_Cap,SBI Mutual Fund
26-02-2021,78.31560,125494,SBI_Small_Cap,SBI Mutual Fund
25-02-2021,78.83880,125494,SBI_Small_Cap,SBI Mutual Fund
24-02-2021,77.41180,125494,SBI_Small_Cap,SBI Mutual Fund
23-02-2021,76.70160,125494,SBI_Small_Cap,SBI Mutual Fund
22-02-2021,76.38150,125494,SBI_Small_Cap,SBI Mutual Fund
19-02-2021,77.54440,125494,SBI_Small_Cap,SBI Mutual Fund
18-02-2021,78.09840,125494,SBI_Small_Cap,SBI Mutual Fund
17-02-2021,77.45020,125494,SBI_Small_Cap,SBI Mutual Fund
16-02-2021,77.24040,125494,SBI_Small_Cap,SBI Mutual Fund
15-02-2021,77.64510,125494,SBI_Small_Cap,SBI Mutual Fund
12-02-2021,77.24900,125494,SBI_Small_Cap,SBI Mutual Fund
11-02-2021,76.87070,125494,SBI_Small_Cap,SBI Mutual Fund
10-02-2021,76.15780,125494,SBI_Small_Cap,SBI Mutual Fund
09-02-2021,75.92620,125494,SBI_Small_Cap,SBI Mutual Fund
08-02-2021,76.25920,125494,SBI_Small_Cap,SBI Mutual Fund
05-02-2021,75.46480,125494,SBI_Small_Cap,SBI Mutual Fund
04-02-2021,75.31180,125494,SBI_Small_Cap,SBI Mutual Fund
03-02-2021,74.59090,125494,SBI_Small_Cap,SBI Mutual Fund
02-02-2021,73.65090,125494,SBI_Small_Cap,SBI Mutual Fund
01-02-2021,72.56770,125494,SBI_Small_Cap,SBI Mutual Fund
29-01-2021,71.13000,125494,SBI_Small_Cap,SBI Mutual Fund
28-01-2021,70.99230,125494,SBI_Small_Cap,SBI Mutual Fund
27-01-2021,71.49570,125494,SBI_Small_Cap,SBI Mutual Fund
25-01-2021,72.17370,125494,SBI_Small_Cap,SBI Mutual Fund
22-01-2021,72.74840,125494,SBI_Small_Cap,SBI Mutual Fund
21-01-2021,73.57410,125494,SBI_Small_Cap,SBI Mutual Fund
20-01-2021,73.68290,125494,SBI_Small_Cap,SBI Mutual Fund
19-01-2021,73.67720,125494,SBI_Small_Cap,SBI Mutual Fund
18-01-2021,72.60360,125494,SBI_Small_Cap,SBI Mutual Fund
15-01-2021,73.60670,125494,SBI_Small_Cap,SBI Mutual Fund
14-01-2021,74.12470,125494,SBI_Small_Cap,SBI Mutual Fund
13-01-2021,74.59480,125494,SBI_Small_Cap,SBI Mutual Fund
12-01-2021,74.94320,125494,SBI_Small_Cap,SBI Mutual Fund
11-01-2021,75.04580,125494,SBI_Small_Cap,SBI Mutual Fund
08-01-2021,75.33550,125494,SBI_Small_Cap,SBI Mutual Fund
07-01-2021,74.84770,125494,SBI_Small_Cap,SBI Mutual Fund
06-01-2021,73.94550,125494,SBI_Small_Cap,SBI Mutual Fund
05-01-2021,73.77410,125494,SBI_Small_Cap,SBI Mutual Fund
04-01-2021,73.07040,125494,SBI_Small_Cap,SBI Mutual Fund
01-01-2021,72.20140,125494,SBI_Small_Cap,SBI Mutual Fund
31-12-2020,71.45230,125494,SBI_Small_Cap,SBI Mutual Fund
30-12-2020,71.47370,125494,SBI_Small_Cap,SBI Mutual Fund
29-12-2020,71.27180,125494,SBI_Small_Cap,SBI Mutual Fund
28-12-2020,70.60000,125494,SBI_Small_Cap,SBI Mutual Fund
24-12-2020,69.75200,125494,SBI_Small_Cap,SBI Mutual Fund
23-12-2020,69.50690,125494,SBI_Small_Cap,SBI Mutual Fund
22-12-2020,68.09000,125494,SBI_Small_Cap,SBI Mutual Fund
21-12-2020,67.99970,125494,SBI_Small_Cap,SBI Mutual Fund
18-12-2020,70.10240,125494,SBI_Small_Cap,SBI Mutual Fund
17-12-2020,70.38900,125494,SBI_Small_Cap,SBI Mutual Fund
16-12-2020,70.56360,125494,SBI_Small_Cap,SBI Mutual Fund
15-12-2020,70.30700,125494,SBI_Small_Cap,SBI Mutual Fund
14-12-2020,70.19680,125494,SBI_Small_Cap,SBI Mutual Fund
11-12-2020,69.70800,125494,SBI_Small_Cap,SBI Mutual Fund
10-12-2020,69.56000,125494,SBI_Small_Cap,SBI Mutual Fund
09-12-2020,69.87070,125494,SBI_Small_Cap,SBI Mutual Fund
08-12-2020,69.57190,125494,SBI_Small_Cap,SBI Mutual Fund
07-12-2020,69.79450,125494,SBI_Small_Cap,SBI Mutual Fund
04-12-2020,68.86440,125494,SBI_Small_Cap,SBI Mutual Fund
03-12-2020,68.19430,125494,SBI_Small_Cap,SBI Mutual Fund
02-12-2020,67.80960,125494,SBI_Small_Cap,SBI Mutual Fund
01-12-2020,67.64570,125494,SBI_Small_Cap,SBI Mutual Fund
27-11-2020,66.91680,125494,SBI_Small_Cap,SBI Mutual Fund
26-11-2020,65.38920,125494,SBI_Small_Cap,SBI Mutual Fund
25-11-2020,65.25060,125494,SBI_Small_Cap,SBI Mutual Fund
24-11-2020,65.94220,125494,SBI_Small_Cap,SBI Mutual Fund
23-11-2020,65.27760,125494,SBI_Small_Cap,SBI Mutual Fund
20-11-2020,64.71450,125494,SBI_Small_Cap,SBI Mutual Fund
19-11-2020,64.38310,125494,SBI_Small_Cap,SBI Mutual Fund
18-11-2020,64.15880,125494,SBI_Small_Cap,SBI Mutual Fund
17-11-2020,63.40990,125494,SBI_Small_Cap,SBI Mutual Fund
13-11-2020,62.17060,125494,SBI_Small_Cap,SBI Mutual Fund
12-11-2020,61.43040,125494,SBI_Small_Cap,SBI Mutual Fund
11-11-2020,61.04830,125494,SBI_Small_Cap,SBI Mutual Fund
10-11-2020,60.89200,125494,SBI_Small_Cap,SBI Mutual Fund
09-11-2020,60.96200,125494,SBI_Small_Cap,SBI Mutual Fund
06-11-2020,60.22520,125494,SBI_Small_Cap,SBI Mutual Fund
05-11-2020,59.86250,125494,SBI_Small_Cap,SBI Mutual Fund
04-11-2020,59.22930,125494,SBI_Small_Cap,SBI Mutual Fund
03-11-2020,58.86940,125494,SBI_Small_Cap,SBI Mutual Fund
02-11-2020,58.58020,125494,SBI_Small_Cap,SBI Mutual Fund
30-10-2020,58.66160,125494,SBI_Small_Cap,SBI Mutual Fund
29-10-2020,58.50870,125494,SBI_Small_Cap,SBI Mutual Fund
28-10-2020,58.74170,125494,SBI_Small_Cap,SBI Mutual Fund
27-10-2020,58.89340,125494,SBI_Small_Cap,SBI Mutual Fund
26-10-2020,58.76320,125494,SBI_Small_Cap,SBI Mutual Fund
23-10-2020,59.01500,125494,SBI_Small_Cap,SBI Mutual Fund
22-10-2020,58.56730,125494,SBI_Small_Cap,SBI Mutual Fund
21-10-2020,58.41870,125494,SBI_Small_Cap,SBI Mutual Fund
20-10-2020,58.37640,125494,SBI_Small_Cap,SBI Mutual Fund
19-10-2020,58.44980,125494,SBI_Small_Cap,SBI Mutual Fund
16-10-2020,57.99140,125494,SBI_Small_Cap,SBI Mutual Fund
15-10-2020,57.32420,125494,SBI_Small_Cap,SBI Mutual Fund
14-10-2020,58.15500,125494,SBI_Small_Cap,SBI Mutual Fund
13-10-2020,57.60860,125494,SBI_Small_Cap,SBI Mutual Fund
12-10-2020,57.51270,125494,SBI_Small_Cap,SBI Mutual Fund
09-10-2020,58.00360,125494,SBI_Small_Cap,SBI Mutual Fund
08-10-2020,58.18020,125494,SBI_Small_Cap,SBI Mutual Fund
07-10-2020,58.75060,125494,SBI_Small_Cap,SBI Mutual Fund
06-10-2020,58.89800,125494,SBI_Small_Cap,SBI Mutual Fund
05-10-2020,58.98370,125494,SBI_Small_Cap,SBI Mutual Fund
01-10-2020,58.76560,125494,SBI_Small_Cap,SBI Mutual Fund
30-09-2020,58.48570,125494,SBI_Small_Cap,SBI Mutual Fund
29-09-2020,58.32970,125494,SBI_Small_Cap,SBI Mutual Fund
28-09-2020,58.27220,125494,SBI_Small_Cap,SBI Mutual Fund
25-09-2020,57.28480,125494,SBI_Small_Cap,SBI Mutual Fund
24-09-2020,56.51800,125494,SBI_Small_Cap,SBI Mutual Fund
23-09-2020,57.49090,125494,SBI_Small_Cap,SBI Mutual Fund
22-09-2020,57.59230,125494,SBI_Small_Cap,SBI Mutual Fund
21-09-2020,58.64200,125494,SBI_Small_Cap,SBI Mutual Fund
18-09-2020,60.25690,125494,SBI_Small_Cap,SBI Mutual Fund
17-09-2020,60.77140,125494,SBI_Small_Cap,SBI Mutual Fund
16-09-2020,61.16440,125494,SBI_Small_Cap,SBI Mutual Fund
15-09-2020,60.99900,125494,SBI_Small_Cap,SBI Mutual Fund
14-09-2020,60.37200,125494,SBI_Small_Cap,SBI Mutual Fund
11-09-2020,57.72000,125494,SBI_Small_Cap,SBI Mutual Fund
10-09-2020,57.76490,125494,SBI_Small_Cap,SBI Mutual Fund
09-09-2020,56.86170,125494,SBI_Small_Cap,SBI Mutual Fund
08-09-2020,57.50060,125494,SBI_Small_Cap,SBI Mutual Fund
07-09-2020,57.91750,125494,SBI_Small_Cap,SBI Mutual Fund
04-09-2020,57.82970,125494,SBI_Small_Cap,SBI Mutual Fund
03-09-2020,58.36590,125494,SBI_Small_Cap,SBI Mutual Fund
02-09-2020,58.28980,125494,SBI_Small_Cap,SBI Mutual Fund
01-09-2020,57.17510,125494,SBI_Small_Cap,SBI Mutual Fund
31-08-2020,57.20620,125494,SBI_Small_Cap,SBI Mutual Fund
28-08-2020,59.66500,125494,SBI_Small_Cap,SBI Mutual Fund
27-08-2020,59.66290,125494,SBI_Small_Cap,SBI Mutual Fund
26-08-2020,59.31010,125494,SBI_Small_Cap,SBI Mutual Fund
25-08-2020,58.90550,125494,SBI_Small_Cap,SBI Mutual Fund
24-08-2020,58.92110,125494,SBI_Small_Cap,SBI Mutual Fund
21-08-2020,57.99850,125494,SBI_Small_Cap,SBI Mutual Fund
20-08-2020,57.17690,125494,SBI_Small_Cap,SBI Mutual Fund
19-08-2020,56.69020,125494,SBI_Small_Cap,SBI Mutual Fund
18-08-2020,56.50110,125494,SBI_Small_Cap,SBI Mutual Fund
17-08-2020,55.98850,125494,SBI_Small_Cap,SBI Mutual Fund
14-08-2020,55.84910,125494,SBI_Small_Cap,SBI Mutual Fund
13-08-2020,55.71950,125494,SBI_Small_Cap,SBI Mutual Fund
12-08-2020,54.41490,125494,SBI_Small_Cap,SBI Mutual Fund
11-08-2020,54.14670,125494,SBI_Small_Cap,SBI Mutual Fund
10-08-2020,53.89990,125494,SBI_Small_Cap,SBI Mutual Fund
07-08-2020,53.21640,125494,SBI_Small_Cap,SBI Mutual Fund
06-08-2020,52.96600,125494,SBI_Small_Cap,SBI Mutual Fund
05-08-2020,52.33260,125494,SBI_Small_Cap,SBI Mutual Fund
04-08-2020,51.92080,125494,SBI_Small_Cap,SBI Mutual Fund
03-08-2020,51.42470,125494,SBI_Small_Cap,SBI Mutual Fund
31-07-2020,50.77310,125494,SBI_Small_Cap,SBI Mutual Fund
30-07-2020,50.51610,125494,SBI_Small_Cap,SBI Mutual Fund
29-07-2020,50.61880,125494,SBI_Small_Cap,SBI Mutual Fund
28-07-2020,50.71790,125494,SBI_Small_Cap,SBI Mutual Fund
27-07-2020,50.97040,125494,SBI_Small_Cap,SBI Mutual Fund
24-07-2020,51.52550,125494,SBI_Small_Cap,SBI Mutual Fund
23-07-2020,51.41850,125494,SBI_Small_Cap,SBI Mutual Fund
22-07-2020,51.03020,125494,SBI_Small_Cap,SBI Mutual Fund
21-07-2020,50.90240,125494,SBI_Small_Cap,SBI Mutual Fund
20-07-2020,50.42730,125494,SBI_Small_Cap,SBI Mutual Fund
17-07-2020,50.10340,125494,SBI_Small_Cap,SBI Mutual Fund
16-07-2020,49.84560,125494,SBI_Small_Cap,SBI Mutual Fund
15-07-2020,50.02630,125494,SBI_Small_Cap,SBI Mutual Fund
14-07-2020,49.84390,125494,SBI_Small_Cap,SBI Mutual Fund
13-07-2020,50.10520,125494,SBI_Small_Cap,SBI Mutual Fund
10-07-2020,50.47600,125494,SBI_Small_Cap,SBI Mutual Fund
09-07-2020,50.53100,125494,SBI_Small_Cap,SBI Mutual Fund
08-07-2020,50.08460,125494,SBI_Small_Cap,SBI Mutual Fund
07-07-2020,50.47670,125494,SBI_Small_Cap,SBI Mutual Fund
06-07-2020,50.34930,125494,SBI_Small_Cap,SBI Mutual Fund
03-07-2020,49.56940,125494,SBI_Small_Cap,SBI Mutual Fund
02-07-2020,49.13620,125494,SBI_Small_Cap,SBI Mutual Fund
01-07-2020,48.76050,125494,SBI_Small_Cap,SBI Mutual Fund
30-06-2020,48.55020,125494,SBI_Small_Cap,SBI Mutual Fund
29-06-2020,48.66490,125494,SBI_Small_Cap,SBI Mutual Fund
26-06-2020,49.14180,125494,SBI_Small_Cap,SBI Mutual Fund
25-06-2020,48.89890,125494,SBI_Small_Cap,SBI Mutual Fund
24-06-2020,48.95410,125494,SBI_Small_Cap,SBI Mutual Fund
23-06-2020,49.28990,125494,SBI_Small_Cap,SBI Mutual Fund
22-06-2020,48.97210,125494,SBI_Small_Cap,SBI Mutual Fund
19-06-2020,48.13640,125494,SBI_Small_Cap,SBI Mutual Fund
18-06-2020,47.41950,125494,SBI_Small_Cap,SBI Mutual Fund
17-06-2020,46.87450,125494,SBI_Small_Cap,SBI Mutual Fund
16-06-2020,46.68680,125494,SBI_Small_Cap,SBI Mutual Fund
15-06-2020,46.90610,125494,SBI_Small_Cap,SBI Mutual Fund
12-06-2020,46.78360,125494,SBI_Small_Cap,SBI Mutual Fund
11-06-2020,46.58090,125494,SBI_Small_Cap,SBI Mutual Fund
10-06-2020,47.29040,125494,SBI_Small_Cap,SBI Mutual Fund
09-06-2020,47.07100,125494,SBI_Small_Cap,SBI Mutual Fund
08-06-2020,47.60060,125494,SBI_Small_Cap,SBI Mutual Fund
05-06-2020,47.19800,125494,SBI_Small_Cap,SBI Mutual Fund
04-06-2020,46.73730,125494,SBI_Small_Cap,SBI Mutual Fund
03-06-2020,46.89930,125494,SBI_Small_Cap,SBI Mutual Fund
02-06-2020,46.21970,125494,SBI_Small_Cap,SBI Mutual Fund
01-06-2020,45.42290,125494,SBI_Small_Cap,SBI Mutual Fund
29-05-2020,44.05770,125494,SBI_Small_Cap,SBI Mutual Fund
28-05-2020,43.38630,125494,SBI_Small_Cap,SBI Mutual Fund
27-05-2020,42.82820,125494,SBI_Small_Cap,SBI Mutual Fund
26-05-2020,42.72290,125494,SBI_Small_Cap,SBI Mutual Fund
22-05-2020,42.53930,125494,SBI_Small_Cap,SBI Mutual Fund
21-05-2020,42.89160,125494,SBI_Small_Cap,SBI Mutual Fund
20-05-2020,42.58170,125494,SBI_Small_Cap,SBI Mutual Fund
19-05-2020,42.09410,125494,SBI_Small_Cap,SBI Mutual Fund
18-05-2020,42.23660,125494,SBI_Small_Cap,SBI Mutual Fund
15-05-2020,43.21230,125494,SBI_Small_Cap,SBI Mutual Fund
14-05-2020,43.12150,125494,SBI_Small_Cap,SBI Mutual Fund
13-05-2020,43.76950,125494,SBI_Small_Cap,SBI Mutual Fund
12-05-2020,42.94880,125494,SBI_Small_Cap,SBI Mutual Fund
11-05-2020,43.21890,125494,SBI_Small_Cap,SBI Mutual Fund
08-05-2020,43.30190,125494,SBI_Small_Cap,SBI Mutual Fund
07-05-2020,43.65500,125494,SBI_Small_Cap,SBI Mutual Fund
06-05-2020,43.79410,125494,SBI_Small_Cap,SBI Mutual Fund
05-05-2020,43.76280,125494,SBI_Small_Cap,SBI Mutual Fund
04-05-2020,44.21270,125494,SBI_Small_Cap,SBI Mutual Fund
30-04-2020,45.51010,125494,SBI_Small_Cap,SBI Mutual Fund
29-04-2020,45.06300,125494,SBI_Small_Cap,SBI Mutual Fund
28-04-2020,44.61650,125494,SBI_Small_Cap,SBI Mutual Fund
27-04-2020,44.30110,125494,SBI_Small_Cap,SBI Mutual Fund
24-04-2020,44.11910,125494,SBI_Small_Cap,SBI Mutual Fund
23-04-2020,44.82670,125494,SBI_Small_Cap,SBI Mutual Fund
22-04-2020,44.51580,125494,SBI_Small_Cap,SBI Mutual Fund
21-04-2020,44.03880,125494,SBI_Small_Cap,SBI Mutual Fund
20-04-2020,45.06110,125494,SBI_Small_Cap,SBI Mutual Fund
17-04-2020,44.19290,125494,SBI_Small_Cap,SBI Mutual Fund
16-04-2020,43.32780,125494,SBI_Small_Cap,SBI Mutual Fund
15-04-2020,43.01370,125494,SBI_Small_Cap,SBI Mutual Fund
13-04-2020,42.75130,125494,SBI_Small_Cap,SBI Mutual Fund
09-04-2020,43.14020,125494,SBI_Small_Cap,SBI Mutual Fund
08-04-2020,42.20020,125494,SBI_Small_Cap,SBI Mutual Fund
07-04-2020,41.60520,125494,SBI_Small_Cap,SBI Mutual Fund
03-04-2020,40.29790,125494,SBI_Small_Cap,SBI Mutual Fund
01-04-2020,40.37380,125494,SBI_Small_Cap,SBI Mutual Fund
31-03-2020,40.85750,125494,SBI_Small_Cap,SBI Mutual Fund
30-03-2020,39.80900,125494,SBI_Small_Cap,SBI Mutual Fund
27-03-2020,40.81910,125494,SBI_Small_Cap,SBI Mutual Fund
26-03-2020,40.31030,125494,SBI_Small_Cap,SBI Mutual Fund
25-03-2020,39.00730,125494,SBI_Small_Cap,SBI Mutual Fund
24-03-2020,38.05810,125494,SBI_Small_Cap,SBI Mutual Fund
23-03-2020,38.10660,125494,SBI_Small_Cap,SBI Mutual Fund
20-03-2020,42.20270,125494,SBI_Small_Cap,SBI Mutual Fund
19-03-2020,41.75860,125494,SBI_Small_Cap,SBI Mutual Fund
18-03-2020,43.43310,125494,SBI_Small_Cap,SBI Mutual Fund
17-03-2020,46.07230,125494,SBI_Small_Cap,SBI Mutual Fund
16-03-2020,46.96130,125494,SBI_Small_Cap,SBI Mutual Fund
13-03-2020,49.04830,125494,SBI_Small_Cap,SBI Mutual Fund
12-03-2020,49.05410,125494,SBI_Small_Cap,SBI Mutual Fund
11-03-2020,52.29050,125494,SBI_Small_Cap,SBI Mutual Fund
09-03-2020,52.38860,125494,SBI_Small_Cap,SBI Mutual Fund
06-03-2020,54.01270,125494,SBI_Small_Cap,SBI Mutual Fund
05-03-2020,54.70600,125494,SBI_Small_Cap,SBI Mutual Fund
04-03-2020,54.29970,125494,SBI_Small_Cap,SBI Mutual Fund
03-03-2020,55.10610,125494,SBI_Small_Cap,SBI Mutual Fund
02-03-2020,54.86190,125494,SBI_Small_Cap,SBI Mutual Fund
28-02-2020,54.88070,125494,SBI_Small_Cap,SBI Mutual Fund
27-02-2020,56.39670,125494,SBI_Small_Cap,SBI Mutual Fund
26-02-2020,56.46800,125494,SBI_Small_Cap,SBI Mutual Fund
25-02-2020,56.87290,125494,SBI_Small_Cap,SBI Mutual Fund
24-02-2020,57.05300,125494,SBI_Small_Cap,SBI Mutual Fund
20-02-2020,57.59500,125494,SBI_Small_Cap,SBI Mutual Fund
19-02-2020,57.49300,125494,SBI_Small_Cap,SBI Mutual Fund
18-02-2020,56.84810,125494,SBI_Small_Cap,SBI Mutual Fund
17-02-2020,57.30020,125494,SBI_Small_Cap,SBI Mutual Fund
14-02-2020,57.48590,125494,SBI_Small_Cap,SBI Mutual Fund
13-02-2020,57.46580,125494,SBI_Small_Cap,SBI Mutual Fund
12-02-2020,57.45620,125494,SBI_Small_Cap,SBI Mutual Fund
11-02-2020,57.44550,125494,SBI_Small_Cap,SBI Mutual Fund
10-02-2020,57.18550,125494,SBI_Small_Cap,SBI Mutual Fund
07-02-2020,57.56790,125494,SBI_Small_Cap,SBI Mutual Fund
06-02-2020,57.35950,125494,SBI_Small_Cap,SBI Mutual Fund
05-02-2020,57.33510,125494,SBI_Small_Cap,SBI Mutual Fund
04-02-2020,57.08540,125494,SBI_Small_Cap,SBI Mutual Fund
03-02-2020,56.25480,125494,SBI_Small_Cap,SBI Mutual Fund
31-01-2020,57.06210,125494,SBI_Small_Cap,SBI Mutual Fund
30-01-2020,57.11880,125494,SBI_Small_Cap,SBI Mutual Fund
29-01-2020,57.41540,125494,SBI_Small_Cap,SBI Mutual Fund
28-01-2020,57.37730,125494,SBI_Small_Cap,SBI Mutual Fund
27-01-2020,57.26570,125494,SBI_Small_Cap,SBI Mutual Fund
24-01-2020,57.15480,125494,SBI_Small_Cap,SBI Mutual Fund
23-01-2020,56.51860,125494,SBI_Small_Cap,SBI Mutual Fund
22-01-2020,56.24150,125494,SBI_Small_Cap,SBI Mutual Fund
21-01-2020,56.13360,125494,SBI_Small_Cap,SBI Mutual Fund
20-01-2020,56.36090,125494,SBI_Small_Cap,SBI Mutual Fund
17-01-2020,56.29680,125494,SBI_Small_Cap,SBI Mutual Fund
16-01-2020,55.67340,125494,SBI_Small_Cap,SBI Mutual Fund
15-01-2020,55.17660,125494,SBI_Small_Cap,SBI Mutual Fund
14-01-2020,54.81790,125494,SBI_Small_Cap,SBI Mutual Fund
13-01-2020,54.71190,125494,SBI_Small_Cap,SBI Mutual Fund
10-01-2020,54.47240,125494,SBI_Small_Cap,SBI Mutual Fund
09-01-2020,54.22750,125494,SBI_Small_Cap,SBI Mutual Fund
08-01-2020,53.62470,125494,SBI_Small_Cap,SBI Mutual Fund
07-01-2020,53.83370,125494,SBI_Small_Cap,SBI Mutual Fund
06-01-2020,53.39370,125494,SBI_Small_Cap,SBI Mutual Fund
03-01-2020,54.28190,125494,SBI_Small_Cap,SBI Mutual Fund
02-01-2020,54.01700,125494,SBI_Small_Cap,SBI Mutual Fund
01-01-2020,53.54470,125494,SBI_Small_Cap,SBI Mutual Fund
31-12-2019,53.47560,125494,SBI_Small_Cap,SBI Mutual Fund
30-12-2019,53.46710,125494,SBI_Small_Cap,SBI Mutual Fund
27-12-2019,53.44490,125494,SBI_Small_Cap,SBI Mutual Fund
26-12-2019,53.18440,125494,SBI_Small_Cap,SBI Mutual Fund
24-12-2019,53.12790,125494,SBI_Small_Cap,SBI Mutual Fund
23-12-2019,53.27400,125494,SBI_Small_Cap,SBI Mutual Fund
20-12-2019,53.36220,125494,SBI_Small_Cap,SBI Mutual Fund
19-12-2019,53.03100,125494,SBI_Small_Cap,SBI Mutual Fund
18-12-2019,52.86830,125494,SBI_Small_Cap,SBI Mutual Fund
17-12-2019,53.04420,125494,SBI_Small_Cap,SBI Mutual Fund
16-12-2019,52.74560,125494,SBI_Small_Cap,SBI Mutual Fund
13-12-2019,53.03330,125494,SBI_Small_Cap,SBI Mutual Fund
12-12-2019,52.49670,125494,SBI_Small_Cap,SBI Mutual Fund
11-12-2019,52.41200,125494,SBI_Small_Cap,SBI Mutual Fund
10-12-2019,52.59600,125494,SBI_Small_Cap,SBI Mutual Fund
09-12-2019,53.04840,125494,SBI_Small_Cap,SBI Mutual Fund
06-12-2019,53.35750,125494,SBI_Small_Cap,SBI Mutual Fund
05-12-2019,53.92750,125494,SBI_Small_Cap,SBI Mutual Fund
04-12-2019,54.01620,125494,SBI_Small_Cap,SBI Mutual Fund
03-12-2019,53.66120,125494,SBI_Small_Cap,SBI Mutual Fund
02-12-2019,53.75470,125494,SBI_Small_Cap,SBI Mutual Fund
29-11-2019,53.69610,125494,SBI_Small_Cap,SBI Mutual Fund
28-11-2019,53.47580,125494,SBI_Small_Cap,SBI Mutual Fund
27-11-2019,53.55250,125494,SBI_Small_Cap,SBI Mutual Fund
26-11-2019,53.64780,125494,SBI_Small_Cap,SBI Mutual Fund
25-11-2019,53.93810,125494,SBI_Small_Cap,SBI Mutual Fund
22-11-2019,53.77530,125494,SBI_Small_Cap,SBI Mutual Fund
21-11-2019,53.74730,125494,SBI_Small_Cap,SBI Mutual Fund
20-11-2019,53.57530,125494,SBI_Small_Cap,SBI Mutual Fund
19-11-2019,53.56870,125494,SBI_Small_Cap,SBI Mutual Fund
18-11-2019,53.53620,125494,SBI_Small_Cap,SBI Mutual Fund
15-11-2019,53.46810,125494,SBI_Small_Cap,SBI Mutual Fund
14-11-2019,53.57860,125494,SBI_Small_Cap,SBI Mutual Fund
13-11-2019,53.65020,125494,SBI_Small_Cap,SBI Mutual Fund
11-11-2019,53.45910,125494,SBI_Small_Cap,SBI Mutual Fund
08-11-2019,53.24400,125494,SBI_Small_Cap,SBI Mutual Fund
07-11-2019,53.66630,125494,SBI_Small_Cap,SBI Mutual Fund
06-11-2019,53.52570,125494,SBI_Small_Cap,SBI Mutual Fund
05-11-2019,53.82180,125494,SBI_Small_Cap,SBI Mutual Fund
04-11-2019,54.23680,125494,SBI_Small_Cap,SBI Mutual Fund
01-11-2019,53.74660,125494,SBI_Small_Cap,SBI Mutual Fund
31-10-2019,53.45240,125494,SBI_Small_Cap,SBI Mutual Fund
30-10-2019,53.01090,125494,SBI_Small_Cap,SBI Mutual Fund
29-10-2019,52.91570,125494,SBI_Small_Cap,SBI Mutual Fund
25-10-2019,52.27250,125494,SBI_Small_Cap,SBI Mutual Fund
24-10-2019,52.37720,125494,SBI_Small_Cap,SBI Mutual Fund
23-10-2019,52.29200,125494,SBI_Small_Cap,SBI Mutual Fund
22-10-2019,52.24350,125494,SBI_Small_Cap,SBI Mutual Fund
18-10-2019,52.26940,125494,SBI_Small_Cap,SBI Mutual Fund
17-10-2019,51.25710,125494,SBI_Small_Cap,SBI Mutual Fund
16-10-2019,50.94690,125494,SBI_Small_Cap,SBI Mutual Fund
15-10-2019,51.06040,125494,SBI_Small_Cap,SBI Mutual Fund
14-10-2019,50.98360,125494,SBI_Small_Cap,SBI Mutual Fund
11-10-2019,50.85540,125494,SBI_Small_Cap,SBI Mutual Fund
10-10-2019,50.80550,125494,SBI_Small_Cap,SBI Mutual Fund
09-10-2019,51.07660,125494,SBI_Small_Cap,SBI Mutual Fund
07-10-2019,50.84700,125494,SBI_Small_Cap,SBI Mutual Fund
04-10-2019,50.98320,125494,SBI_Small_Cap,SBI Mutual Fund
03-10-2019,51.40490,125494,SBI_Small_Cap,SBI Mutual Fund
01-10-2019,51.64660,125494,SBI_Small_Cap,SBI Mutual Fund
30-09-2019,52.10480,125494,SBI_Small_Cap,SBI Mutual Fund
27-09-2019,52.33040,125494,SBI_Small_Cap,SBI Mutual Fund
26-09-2019,52.33370,125494,SBI_Small_Cap,SBI Mutual Fund
25-09-2019,51.92300,125494,SBI_Small_Cap,SBI Mutual Fund
24-09-2019,52.39770,125494,SBI_Small_Cap,SBI Mutual Fund
23-09-2019,52.30710,125494,SBI_Small_Cap,SBI Mutual Fund
20-09-2019,50.54560,125494,SBI_Small_Cap,SBI Mutual Fund
19-09-2019,49.00390,125494,SBI_Small_Cap,SBI Mutual Fund
18-09-2019,49.32940,125494,SBI_Small_Cap,SBI Mutual Fund
17-09-2019,49.37940,125494,SBI_Small_Cap,SBI Mutual Fund
16-09-2019,49.96480,125494,SBI_Small_Cap,SBI Mutual Fund
13-09-2019,49.77240,125494,SBI_Small_Cap,SBI Mutual Fund
12-09-2019,49.81720,125494,SBI_Small_Cap,SBI Mutual Fund
11-09-2019,49.91190,125494,SBI_Small_Cap,SBI Mutual Fund
09-09-2019,49.16250,125494,SBI_Small_Cap,SBI Mutual Fund
06-09-2019,48.89700,125494,SBI_Small_Cap,SBI Mutual Fund
05-09-2019,48.55760,125494,SBI_Small_Cap,SBI Mutual Fund
04-09-2019,48.41370,125494,SBI_Small_Cap,SBI Mutual Fund
03-09-2019,48.27850,125494,SBI_Small_Cap,SBI Mutual Fund
30-08-2019,48.65760,125494,SBI_Small_Cap,SBI Mutual Fund
29-08-2019,48.40240,125494,SBI_Small_Cap,SBI Mutual Fund
28-08-2019,48.77110,125494,SBI_Small_Cap,SBI Mutual Fund
27-08-2019,48.84630,125494,SBI_Small_Cap,SBI Mutual Fund
26-08-2019,48.34740,125494,SBI_Small_Cap,SBI Mutual Fund
23-08-2019,47.67850,125494,SBI_Small_Cap,SBI Mutual Fund
22-08-2019,47.42820,125494,SBI_Small_Cap,SBI Mutual Fund
21-08-2019,47.87980,125494,SBI_Small_Cap,SBI Mutual Fund
20-08-2019,48.25560,125494,SBI_Small_Cap,SBI Mutual Fund
19-08-2019,48.32550,125494,SBI_Small_Cap,SBI Mutual Fund
16-08-2019,48.35150,125494,SBI_Small_Cap,SBI Mutual Fund
14-08-2019,48.08370,125494,SBI_Small_Cap,SBI Mutual Fund
13-08-2019,47.49790,125494,SBI_Small_Cap,SBI Mutual Fund
09-08-2019,47.98750,125494,SBI_Small_Cap,SBI Mutual Fund
08-08-2019,47.65610,125494,SBI_Small_Cap,SBI Mutual Fund
07-08-2019,47.57270,125494,SBI_Small_Cap,SBI Mutual Fund
06-08-2019,47.44700,125494,SBI_Small_Cap,SBI Mutual Fund
05-08-2019,47.03400,125494,SBI_Small_Cap,SBI Mutual Fund
02-08-2019,47.45610,125494,SBI_Small_Cap,SBI Mutual Fund
01-08-2019,47.71170,125494,SBI_Small_Cap,SBI Mutual Fund
31-07-2019,48.26490,125494,SBI_Small_Cap,SBI Mutual Fund
30-07-2019,47.86120,125494,SBI_Small_Cap,SBI Mutual Fund
29-07-2019,48.50940,125494,SBI_Small_Cap,SBI Mutual Fund
26-07-2019,48.89280,125494,SBI_Small_Cap,SBI Mutual Fund
25-07-2019,48.84990,125494,SBI_Small_Cap,SBI Mutual Fund
24-07-2019,49.05310,125494,SBI_Small_Cap,SBI Mutual Fund
23-07-2019,49.44310,125494,SBI_Small_Cap,SBI Mutual Fund
22-07-2019,49.32240,125494,SBI_Small_Cap,SBI Mutual Fund
19-07-2019,49.67980,125494,SBI_Small_Cap,SBI Mutual Fund
18-07-2019,50.25060,125494,SBI_Small_Cap,SBI Mutual Fund
17-07-2019,50.53540,125494,SBI_Small_Cap,SBI Mutual Fund
16-07-2019,50.31980,125494,SBI_Small_Cap,SBI Mutual Fund
15-07-2019,50.37770,125494,SBI_Small_Cap,SBI Mutual Fund
12-07-2019,50.50600,125494,SBI_Small_Cap,SBI Mutual Fund
11-07-2019,50.33990,125494,SBI_Small_Cap,SBI Mutual Fund
10-07-2019,50.10500,125494,SBI_Small_Cap,SBI Mutual Fund
09-07-2019,50.32940,125494,SBI_Small_Cap,SBI Mutual Fund
08-07-2019,50.40640,125494,SBI_Small_Cap,SBI Mutual Fund
05-07-2019,51.05520,125494,SBI_Small_Cap,SBI Mutual Fund
04-07-2019,51.62820,125494,SBI_Small_Cap,SBI Mutual Fund
03-07-2019,51.54050,125494,SBI_Small_Cap,SBI Mutual Fund
02-07-2019,51.61880,125494,SBI_Small_Cap,SBI Mutual Fund
01-07-2019,51.47830,125494,SBI_Small_Cap,SBI Mutual Fund
28-06-2019,51.40980,125494,SBI_Small_Cap,SBI Mutual Fund
27-06-2019,51.29330,125494,SBI_Small_Cap,SBI Mutual Fund
26-06-2019,51.17260,125494,SBI_Small_Cap,SBI Mutual Fund
25-06-2019,50.73660,125494,SBI_Small_Cap,SBI Mutual Fund
24-06-2019,50.45310,125494,SBI_Small_Cap,SBI Mutual Fund
21-06-2019,50.73030,125494,SBI_Small_Cap,SBI Mutual Fund
20-06-2019,50.70220,125494,SBI_Small_Cap,SBI Mutual Fund
19-06-2019,50.37220,125494,SBI_Small_Cap,SBI Mutual Fund
18-06-2019,50.61990,125494,SBI_Small_Cap,SBI Mutual Fund
17-06-2019,50.89330,125494,SBI_Small_Cap,SBI Mutual Fund
14-06-2019,51.43400,125494,SBI_Small_Cap,SBI Mutual Fund
13-06-2019,51.55840,125494,SBI_Small_Cap,SBI Mutual Fund
12-06-2019,51.84690,125494,SBI_Small_Cap,SBI Mutual Fund
11-06-2019,51.85850,125494,SBI_Small_Cap,SBI Mutual Fund
10-06-2019,51.92190,125494,SBI_Small_Cap,SBI Mutual Fund
07-06-2019,52.25370,125494,SBI_Small_Cap,SBI Mutual Fund
06-06-2019,52.28500,125494,SBI_Small_Cap,SBI Mutual Fund
04-06-2019,52.83010,125494,SBI_Small_Cap,SBI Mutual Fund
03-06-2019,52.86440,125494,SBI_Small_Cap,SBI Mutual Fund
31-05-2019,52.62580,125494,SBI_Small_Cap,SBI Mutual Fund
30-05-2019,52.35590,125494,SBI_Small_Cap,SBI Mutual Fund
29-05-2019,52.51510,125494,SBI_Small_Cap,SBI Mutual Fund
28-05-2019,52.68820,125494,SBI_Small_Cap,SBI Mutual Fund
27-05-2019,52.09600,125494,SBI_Small_Cap,SBI Mutual Fund
24-05-2019,51.25400,125494,SBI_Small_Cap,SBI Mutual Fund
23-05-2019,50.31660,125494,SBI_Small_Cap,SBI Mutual Fund
22-05-2019,50.41930,125494,SBI_Small_Cap,SBI Mutual Fund
21-05-2019,50.40970,125494,SBI_Small_Cap,SBI Mutual Fund
20-05-2019,50.78680,125494,SBI_Small_Cap,SBI Mutual Fund
17-05-2019,49.47330,125494,SBI_Small_Cap,SBI Mutual Fund
16-05-2019,49.34510,125494,SBI_Small_Cap,SBI Mutual Fund
15-05-2019,49.43650,125494,SBI_Small_Cap,SBI Mutual Fund
14-05-2019,49.50340,125494,SBI_Small_Cap,SBI Mutual Fund
13-05-2019,49.26040,125494,SBI_Small_Cap,SBI Mutual Fund
10-05-2019,50.07340,125494,SBI_Small_Cap,SBI Mutual Fund
09-05-2019,50.07720,125494,SBI_Small_Cap,SBI Mutual Fund
08-05-2019,50.21850,125494,SBI_Small_Cap,SBI Mutual Fund
07-05-2019,50.67150,125494,SBI_Small_Cap,SBI Mutual Fund
06-05-2019,50.81710,125494,SBI_Small_Cap,SBI Mutual Fund
03-05-2019,51.19430,125494,SBI_Small_Cap,SBI Mutual Fund
02-05-2019,51.29430,125494,SBI_Small_Cap,SBI Mutual Fund
30-04-2019,51.37240,125494,SBI_Small_Cap,SBI Mutual Fund
26-04-2019,51.59880,125494,SBI_Small_Cap,SBI Mutual Fund
25-04-2019,51.63810,125494,SBI_Small_Cap,SBI Mutual Fund
24-04-2019,51.55860,125494,SBI_Small_Cap,SBI Mutual Fund
23-04-2019,51.35770,125494,SBI_Small_Cap,SBI Mutual Fund
22-04-2019,51.25710,125494,SBI_Small_Cap,SBI Mutual Fund
18-04-2019,51.98880,125494,SBI_Small_Cap,SBI Mutual Fund
16-04-2019,52.36860,125494,SBI_Small_Cap,SBI Mutual Fund
15-04-2019,52.39550,125494,SBI_Small_Cap,SBI Mutual Fund
12-04-2019,52.18530,125494,SBI_Small_Cap,SBI Mutual Fund
11-04-2019,52.07140,125494,SBI_Small_Cap,SBI Mutual Fund
10-04-2019,51.92380,125494,SBI_Small_Cap,SBI Mutual Fund
09-04-2019,51.94630,125494,SBI_Small_Cap,SBI Mutual Fund
08-04-2019,52.15490,125494,SBI_Small_Cap,SBI Mutual Fund
05-04-2019,52.28740,125494,SBI_Small_Cap,SBI Mutual Fund
04-04-2019,51.93960,125494,SBI_Small_Cap,SBI Mutual Fund
03-04-2019,51.95560,125494,SBI_Small_Cap,SBI Mutual Fund
02-04-2019,52.27580,125494,SBI_Small_Cap,SBI Mutual Fund
01-04-2019,52.44240,125494,SBI_Small_Cap,SBI Mutual Fund
29-03-2019,51.96750,125494,SBI_Small_Cap,SBI Mutual Fund
28-03-2019,51.12430,125494,SBI_Small_Cap,SBI Mutual Fund
27-03-2019,50.84510,125494,SBI_Small_Cap,SBI Mutual Fund
26-03-2019,50.79670,125494,SBI_Small_Cap,SBI Mutual Fund
25-03-2019,50.44280,125494,SBI_Small_Cap,SBI Mutual Fund
22-03-2019,51.03070,125494,SBI_Small_Cap,SBI Mutual Fund
20-03-2019,51.14140,125494,SBI_Small_Cap,SBI Mutual Fund
19-03-2019,51.47960,125494,SBI_Small_Cap,SBI Mutual Fund
18-03-2019,51.21220,125494,SBI_Small_Cap,SBI Mutual Fund
15-03-2019,51.21830,125494,SBI_Small_Cap,SBI Mutual Fund
14-03-2019,51.39390,125494,SBI_Small_Cap,SBI Mutual Fund
13-03-2019,51.56160,125494,SBI_Small_Cap,SBI Mutual Fund
12-03-2019,51.63920,125494,SBI_Small_Cap,SBI Mutual Fund
11-03-2019,51.14160,125494,SBI_Small_Cap,SBI Mutual Fund
08-03-2019,50.39980,125494,SBI_Small_Cap,SBI Mutual Fund
07-03-2019,50.18190,125494,SBI_Small_Cap,SBI Mutual Fund
06-03-2019,49.75220,125494,SBI_Small_Cap,SBI Mutual Fund
05-03-2019,49.24640,125494,SBI_Small_Cap,SBI Mutual Fund
01-03-2019,48.07680,125494,SBI_Small_Cap,SBI Mutual Fund
28-02-2019,47.45230,125494,SBI_Small_Cap,SBI Mutual Fund
27-02-2019,47.35830,125494,SBI_Small_Cap,SBI Mutual Fund
26-02-2019,47.61200,125494,SBI_Small_Cap,SBI Mutual Fund
25-02-2019,47.81470,125494,SBI_Small_Cap,SBI Mutual Fund
22-02-2019,47.78400,125494,SBI_Small_Cap,SBI Mutual Fund
21-02-2019,47.57030,125494,SBI_Small_Cap,SBI Mutual Fund
20-02-2019,47.22320,125494,SBI_Small_Cap,SBI Mutual Fund
19-02-2019,46.92540,125494,SBI_Small_Cap,SBI Mutual Fund
18-02-2019,46.48730,125494,SBI_Small_Cap,SBI Mutual Fund
15-02-2019,46.59750,125494,SBI_Small_Cap,SBI Mutual Fund
14-02-2019,46.77510,125494,SBI_Small_Cap,SBI Mutual Fund
13-02-2019,46.67500,125494,SBI_Small_Cap,SBI Mutual Fund
12-02-2019,46.74260,125494,SBI_Small_Cap,SBI Mutual Fund
11-02-2019,46.88860,125494,SBI_Small_Cap,SBI Mutual Fund
08-02-2019,47.27800,125494,SBI_Small_Cap,SBI Mutual Fund
07-02-2019,47.59680,125494,SBI_Small_Cap,SBI Mutual Fund
06-02-2019,47.26830,125494,SBI_Small_Cap,SBI Mutual Fund
05-02-2019,47.43260,125494,SBI_Small_Cap,SBI Mutual Fund
04-02-2019,47.73410,125494,SBI_Small_Cap,SBI Mutual Fund
01-02-2019,47.98300,125494,SBI_Small_Cap,SBI Mutual Fund
31-01-2019,48.03440,125494,SBI_Small_Cap,SBI Mutual Fund
30-01-2019,47.71310,125494,SBI_Small_Cap,SBI Mutual Fund
29-01-2019,47.76070,125494,SBI_Small_Cap,SBI Mutual Fund
28-01-2019,47.79150,125494,SBI_Small_Cap,SBI Mutual Fund
25-01-2019,48.46410,125494,SBI_Small_Cap,SBI Mutual Fund
24-01-2019,48.92430,125494,SBI_Small_Cap,SBI Mutual Fund
23-01-2019,48.90800,125494,SBI_Small_Cap,SBI Mutual Fund
22-01-2019,49.15610,125494,SBI_Small_Cap,SBI Mutual Fund
21-01-2019,49.45980,125494,SBI_Small_Cap,SBI Mutual Fund
18-01-2019,49.66390,125494,SBI_Small_Cap,SBI Mutual Fund
17-01-2019,49.75580,125494,SBI_Small_Cap,SBI Mutual Fund
16-01-2019,49.79310,125494,SBI_Small_Cap,SBI Mutual Fund
15-01-2019,49.86030,125494,SBI_Small_Cap,SBI Mutual Fund
14-01-2019,49.74880,125494,SBI_Small_Cap,SBI Mutual Fund
11-01-2019,49.78330,125494,SBI_Small_Cap,SBI Mutual Fund
10-01-2019,49.83730,125494,SBI_Small_Cap,SBI Mutual Fund
09-01-2019,49.89280,125494,SBI_Small_Cap,SBI Mutual Fund
08-01-2019,49.84930,125494,SBI_Small_Cap,SBI Mutual Fund
07-01-2019,50.00760,125494,SBI_Small_Cap,SBI Mutual Fund
04-01-2019,49.92840,125494,SBI_Small_Cap,SBI Mutual Fund
03-01-2019,50.09700,125494,SBI_Small_Cap,SBI Mutual Fund
02-01-2019,50.29350,125494,SBI_Small_Cap,SBI Mutual Fund
01-01-2019,50.39180,125494,SBI_Small_Cap,SBI Mutual Fund
31-12-2018,50.40150,125494,SBI_Small_Cap,SBI Mutual Fund
28-12-2018,50.11740,125494,SBI_Small_Cap,SBI Mutual Fund
27-12-2018,49.66820,125494,SBI_Small_Cap,SBI Mutual Fund
26-12-2018,49.46420,125494,SBI_Small_Cap,SBI Mutual Fund
24-12-2018,49.45600,125494,SBI_Small_Cap,SBI Mutual Fund
21-12-2018,50.11500,125494,SBI_Small_Cap,SBI Mutual Fund
20-12-2018,50.73150,125494,SBI_Small_Cap,SBI Mutual Fund
19-12-2018,50.64000,125494,SBI_Small_Cap,SBI Mutual Fund
18-12-2018,50.11210,125494,SBI_Small_Cap,SBI Mutual Fund
17-12-2018,49.92800,125494,SBI_Small_Cap,SBI Mutual Fund
14-12-2018,49.74070,125494,SBI_Small_Cap,SBI Mutual Fund
13-12-2018,49.70260,125494,SBI_Small_Cap,SBI Mutual Fund
12-12-2018,49.35260,125494,SBI_Small_Cap,SBI Mutual Fund
11-12-2018,48.43680,125494,SBI_Small_Cap,SBI Mutual Fund
10-12-2018,48.07010,125494,SBI_Small_Cap,SBI Mutual Fund
07-12-2018,48.73720,125494,SBI_Small_Cap,SBI Mutual Fund
06-12-2018,48.64270,125494,SBI_Small_Cap,SBI Mutual Fund
05-12-2018,49.22690,125494,SBI_Small_Cap,SBI Mutual Fund
04-12-2018,49.62130,125494,SBI_Small_Cap,SBI Mutual Fund
03-12-2018,49.46260,125494,SBI_Small_Cap,SBI Mutual Fund
30-11-2018,49.43700,125494,SBI_Small_Cap,SBI Mutual Fund
29-11-2018,49.20870,125494,SBI_Small_Cap,SBI Mutual Fund
28-11-2018,49.16150,125494,SBI_Small_Cap,SBI Mutual Fund
27-11-2018,49.10090,125494,SBI_Small_Cap,SBI Mutual Fund
26-11-2018,49.09350,125494,SBI_Small_Cap,SBI Mutual Fund
22-11-2018,49.30340,125494,SBI_Small_Cap,SBI Mutual Fund
21-11-2018,49.39280,125494,SBI_Small_Cap,SBI Mutual Fund
20-11-2018,49.42360,125494,SBI_Small_Cap,SBI Mutual Fund
19-11-2018,49.72260,125494,SBI_Small_Cap,SBI Mutual Fund
16-11-2018,49.29220,125494,SBI_Small_Cap,SBI Mutual Fund
15-11-2018,49.36480,125494,SBI_Small_Cap,SBI Mutual Fund
14-11-2018,49.56030,125494,SBI_Small_Cap,SBI Mutual Fund
13-11-2018,49.33150,125494,SBI_Small_Cap,SBI Mutual Fund
12-11-2018,49.39060,125494,SBI_Small_Cap,SBI Mutual Fund
09-11-2018,49.74450,125494,SBI_Small_Cap,SBI Mutual Fund
06-11-2018,49.12920,125494,SBI_Small_Cap,SBI Mutual Fund
05-11-2018,49.18510,125494,SBI_Small_Cap,SBI Mutual Fund
02-11-2018,49.31550,125494,SBI_Small_Cap,SBI Mutual Fund
01-11-2018,48.84030,125494,SBI_Small_Cap,SBI Mutual Fund
31-10-2018,48.67870,125494,SBI_Small_Cap,SBI Mutual Fund
30-10-2018,48.26940,125494,SBI_Small_Cap,SBI Mutual Fund
29-10-2018,47.78500,125494,SBI_Small_Cap,SBI Mutual Fund
26-10-2018,47.22900,125494,SBI_Small_Cap,SBI Mutual Fund
25-10-2018,47.15400,125494,SBI_Small_Cap,SBI Mutual Fund
24-10-2018,47.29080,125494,SBI_Small_Cap,SBI Mutual Fund
23-10-2018,47.07770,125494,SBI_Small_Cap,SBI Mutual Fund
22-10-2018,47.65150,125494,SBI_Small_Cap,SBI Mutual Fund
19-10-2018,48.26410,125494,SBI_Small_Cap,SBI Mutual Fund
17-10-2018,48.78840,125494,SBI_Small_Cap,SBI Mutual Fund
16-10-2018,49.48180,125494,SBI_Small_Cap,SBI Mutual Fund
15-10-2018,48.96800,125494,SBI_Small_Cap,SBI Mutual Fund
12-10-2018,48.62050,125494,SBI_Small_Cap,SBI Mutual Fund
11-10-2018,47.87890,125494,SBI_Small_Cap,SBI Mutual Fund
10-10-2018,48.52590,125494,SBI_Small_Cap,SBI Mutual Fund
09-10-2018,46.93900,125494,SBI_Small_Cap,SBI Mutual Fund
08-10-2018,47.24170,125494,SBI_Small_Cap,SBI Mutual Fund
05-10-2018,47.97650,125494,SBI_Small_Cap,SBI Mutual Fund
04-10-2018,48.78620,125494,SBI_Small_Cap,SBI Mutual Fund
03-10-2018,49.68930,125494,SBI_Small_Cap,SBI Mutual Fund
01-10-2018,49.65850,125494,SBI_Small_Cap,SBI Mutual Fund
28-09-2018,50.07130,125494,SBI_Small_Cap,SBI Mutual Fund
27-09-2018,51.13330,125494,SBI_Small_Cap,SBI Mutual Fund
26-09-2018,51.76730,125494,SBI_Small_Cap,SBI Mutual Fund
25-09-2018,51.49400,125494,SBI_Small_Cap,SBI Mutual Fund
24-09-2018,51.92320,125494,SBI_Small_Cap,SBI Mutual Fund
21-09-2018,53.02220,125494,SBI_Small_Cap,SBI Mutual Fund
19-09-2018,54.09210,125494,SBI_Small_Cap,SBI Mutual Fund
18-09-2018,54.49090,125494,SBI_Small_Cap,SBI Mutual Fund
17-09-2018,55.00630,125494,SBI_Small_Cap,SBI Mutual Fund
14-09-2018,55.24440,125494,SBI_Small_Cap,SBI Mutual Fund
12-09-2018,54.69130,125494,SBI_Small_Cap,SBI Mutual Fund
11-09-2018,54.79770,125494,SBI_Small_Cap,SBI Mutual Fund
10-09-2018,55.38770,125494,SBI_Small_Cap,SBI Mutual Fund
07-09-2018,55.80520,125494,SBI_Small_Cap,SBI Mutual Fund
06-09-2018,55.67240,125494,SBI_Small_Cap,SBI Mutual Fund
05-09-2018,55.16350,125494,SBI_Small_Cap,SBI Mutual Fund
04-09-2018,55.34780,125494,SBI_Small_Cap,SBI Mutual Fund
03-09-2018,56.29810,125494,SBI_Small_Cap,SBI Mutual Fund
31-08-2018,56.52120,125494,SBI_Small_Cap,SBI Mutual Fund
30-08-2018,55.99990,125494,SBI_Small_Cap,SBI Mutual Fund
29-08-2018,55.92560,125494,SBI_Small_Cap,SBI Mutual Fund
28-08-2018,55.98750,125494,SBI_Small_Cap,SBI Mutual Fund
27-08-2018,55.79180,125494,SBI_Small_Cap,SBI Mutual Fund
24-08-2018,55.34390,125494,SBI_Small_Cap,SBI Mutual Fund
23-08-2018,55.50510,125494,SBI_Small_Cap,SBI Mutual Fund
21-08-2018,55.37280,125494,SBI_Small_Cap,SBI Mutual Fund
20-08-2018,55.25630,125494,SBI_Small_Cap,SBI Mutual Fund
17-08-2018,55.25890,125494,SBI_Small_Cap,SBI Mutual Fund
16-08-2018,54.91510,125494,SBI_Small_Cap,SBI Mutual Fund
14-08-2018,54.62760,125494,SBI_Small_Cap,SBI Mutual Fund
13-08-2018,54.78660,125494,SBI_Small_Cap,SBI Mutual Fund
10-08-2018,55.18240,125494,SBI_Small_Cap,SBI Mutual Fund
09-08-2018,55.27770,125494,SBI_Small_Cap,SBI Mutual Fund
08-08-2018,55.51350,125494,SBI_Small_Cap,SBI Mutual Fund
07-08-2018,55.49710,125494,SBI_Small_Cap,SBI Mutual Fund
06-08-2018,55.31850,125494,SBI_Small_Cap,SBI Mutual Fund
03-08-2018,54.35690,125494,SBI_Small_Cap,SBI Mutual Fund
02-08-2018,53.84760,125494,SBI_Small_Cap,SBI Mutual Fund
01-08-2018,53.66650,125494,SBI_Small_Cap,SBI Mutual Fund
31-07-2018,53.28860,125494,SBI_Small_Cap,SBI Mutual Fund
30-07-2018,52.96710,125494,SBI_Small_Cap,SBI Mutual Fund
27-07-2018,52.57770,125494,SBI_Small_Cap,SBI Mutual Fund
26-07-2018,51.41630,125494,SBI_Small_Cap,SBI Mutual Fund
25-07-2018,51.21230,125494,SBI_Small_Cap,SBI Mutual Fund
24-07-2018,51.11600,125494,SBI_Small_Cap,SBI Mutual Fund
23-07-2018,50.36700,125494,SBI_Small_Cap,SBI Mutual Fund
20-07-2018,50.02690,125494,SBI_Small_Cap,SBI Mutual Fund
19-07-2018,49.96950,125494,SBI_Small_Cap,SBI Mutual Fund
18-07-2018,50.24810,125494,SBI_Small_Cap,SBI Mutual Fund
17-07-2018,50.77980,125494,SBI_Small_Cap,SBI Mutual Fund
16-07-2018,50.68510,125494,SBI_Small_Cap,SBI Mutual Fund
13-07-2018,51.55510,125494,SBI_Small_Cap,SBI Mutual Fund
12-07-2018,51.73670,125494,SBI_Small_Cap,SBI Mutual Fund
11-07-2018,51.82150,125494,SBI_Small_Cap,SBI Mutual Fund
10-07-2018,51.78910,125494,SBI_Small_Cap,SBI Mutual Fund
09-07-2018,51.68620,125494,SBI_Small_Cap,SBI Mutual Fund
06-07-2018,51.06400,125494,SBI_Small_Cap,SBI Mutual Fund
05-07-2018,50.85380,125494,SBI_Small_Cap,SBI Mutual Fund
04-07-2018,51.03180,125494,SBI_Small_Cap,SBI Mutual Fund
03-07-2018,50.85590,125494,SBI_Small_Cap,SBI Mutual Fund
02-07-2018,50.79200,125494,SBI_Small_Cap,SBI Mutual Fund
29-06-2018,50.95000,125494,SBI_Small_Cap,SBI Mutual Fund
28-06-2018,50.17230,125494,SBI_Small_Cap,SBI Mutual Fund
27-06-2018,50.61190,125494,SBI_Small_Cap,SBI Mutual Fund
26-06-2018,51.49050,125494,SBI_Small_Cap,SBI Mutual Fund
25-06-2018,51.84490,125494,SBI_Small_Cap,SBI Mutual Fund
22-06-2018,52.36900,125494,SBI_Small_Cap,SBI Mutual Fund
21-06-2018,52.39610,125494,SBI_Small_Cap,SBI Mutual Fund
20-06-2018,52.75910,125494,SBI_Small_Cap,SBI Mutual Fund
19-06-2018,52.85000,125494,SBI_Small_Cap,SBI Mutual Fund
18-06-2018,53.61530,125494,SBI_Small_Cap,SBI Mutual Fund
15-06-2018,53.80910,125494,SBI_Small_Cap,SBI Mutual Fund
14-06-2018,54.16150,125494,SBI_Small_Cap,SBI Mutual Fund
13-06-2018,53.98760,125494,SBI_Small_Cap,SBI Mutual Fund
12-06-2018,54.16710,125494,SBI_Small_Cap,SBI Mutual Fund
11-06-2018,54.12590,125494,SBI_Small_Cap,SBI Mutual Fund
08-06-2018,53.80180,125494,SBI_Small_Cap,SBI Mutual Fund
07-06-2018,53.76420,125494,SBI_Small_Cap,SBI Mutual Fund
06-06-2018,52.73480,125494,SBI_Small_Cap,SBI Mutual Fund
05-06-2018,52.01430,125494,SBI_Small_Cap,SBI Mutual Fund
04-06-2018,53.30160,125494,SBI_Small_Cap,SBI Mutual Fund
01-06-2018,54.60000,125494,SBI_Small_Cap,SBI Mutual Fund
31-05-2018,55.65740,125494,SBI_Small_Cap,SBI Mutual Fund
30-05-2018,56.26420,125494,SBI_Small_Cap,SBI Mutual Fund
29-05-2018,56.13390,125494,SBI_Small_Cap,SBI Mutual Fund
28-05-2018,56.41730,125494,SBI_Small_Cap,SBI Mutual Fund
25-05-2018,55.91500,125494,SBI_Small_Cap,SBI Mutual Fund
24-05-2018,55.95290,125494,SBI_Small_Cap,SBI Mutual Fund
23-05-2018,55.99910,125494,SBI_Small_Cap,SBI Mutual Fund
22-05-2018,56.42850,125494,SBI_Small_Cap,SBI Mutual Fund
21-05-2018,56.37420,125494,SBI_Small_Cap,SBI Mutual Fund
18-05-2018,57.41740,125494,SBI_Small_Cap,SBI Mutual Fund
17-05-2018,57.64960,125494,SBI_Small_Cap,SBI Mutual Fund
16-05-2018,57.27720,125494,SBI_Small_Cap,SBI Mutual Fund
15-05-2018,57.70600,125494,SBI_Small_Cap,SBI Mutual Fund
14-05-2018,57.71710,125494,SBI_Small_Cap,SBI Mutual Fund
11-05-2018,58.55680,125494,SBI_Small_Cap,SBI Mutual Fund
10-05-2018,58.70800,125494,SBI_Small_Cap,SBI Mutual Fund
09-05-2018,59.22520,125494,SBI_Small_Cap,SBI Mutual Fund
08-05-2018,58.86390,125494,SBI_Small_Cap,SBI Mutual Fund
07-05-2018,58.88640,125494,SBI_Small_Cap,SBI Mutual Fund
04-05-2018,58.13070,125494,SBI_Small_Cap,SBI Mutual Fund
03-05-2018,58.51230,125494,SBI_Small_Cap,SBI Mutual Fund
02-05-2018,58.95200,125494,SBI_Small_Cap,SBI Mutual Fund
30-04-2018,59.44000,125494,SBI_Small_Cap,SBI Mutual Fund
27-04-2018,59.59980,125494,SBI_Small_Cap,SBI Mutual Fund
26-04-2018,59.76100,125494,SBI_Small_Cap,SBI Mutual Fund
25-04-2018,59.05450,125494,SBI_Small_Cap,SBI Mutual Fund
24-04-2018,59.06570,125494,SBI_Small_Cap,SBI Mutual Fund
23-04-2018,58.89090,125494,SBI_Small_Cap,SBI Mutual Fund
20-04-2018,58.58440,125494,SBI_Small_Cap,SBI Mutual Fund
19-04-2018,58.60980,125494,SBI_Small_Cap,SBI Mutual Fund
18-04-2018,58.28060,125494,SBI_Small_Cap,SBI Mutual Fund
17-04-2018,58.42090,125494,SBI_Small_Cap,SBI Mutual Fund
16-04-2018,58.53370,125494,SBI_Small_Cap,SBI Mutual Fund
13-04-2018,58.19760,125494,SBI_Small_Cap,SBI Mutual Fund
12-04-2018,58.37110,125494,SBI_Small_Cap,SBI Mutual Fund
11-04-2018,58.22690,125494,SBI_Small_Cap,SBI Mutual Fund
10-04-2018,58.38740,125494,SBI_Small_Cap,SBI Mutual Fund
09-04-2018,58.18220,125494,SBI_Small_Cap,SBI Mutual Fund
06-04-2018,57.75250,125494,SBI_Small_Cap,SBI Mutual Fund
05-04-2018,57.27680,125494,SBI_Small_Cap,SBI Mutual Fund
04-04-2018,56.53620,125494,SBI_Small_Cap,SBI Mutual Fund
03-04-2018,57.06590,125494,SBI_Small_Cap,SBI Mutual Fund
02-04-2018,56.42810,125494,SBI_Small_Cap,SBI Mutual Fund
28-03-2018,54.93090,125494,SBI_Small_Cap,SBI Mutual Fund
27-03-2018,55.58300,125494,SBI_Small_Cap,SBI Mutual Fund
26-03-2018,55.17190,125494,SBI_Small_Cap,SBI Mutual Fund
23-03-2018,54.73370,125494,SBI_Small_Cap,SBI Mutual Fund
22-03-2018,55.21350,125494,SBI_Small_Cap,SBI Mutual Fund
21-03-2018,56.04160,125494,SBI_Small_Cap,SBI Mutual Fund
20-03-2018,55.88860,125494,SBI_Small_Cap,SBI Mutual Fund
19-03-2018,55.98410,125494,SBI_Small_Cap,SBI Mutual Fund
16-03-2018,56.91930,125494,SBI_Small_Cap,SBI Mutual Fund
15-03-2018,57.41340,125494,SBI_Small_Cap,SBI Mutual Fund
14-03-2018,57.11750,125494,SBI_Small_Cap,SBI Mutual Fund
13-03-2018,57.31190,125494,SBI_Small_Cap,SBI Mutual Fund
12-03-2018,56.75280,125494,SBI_Small_Cap,SBI Mutual Fund
09-03-2018,56.42750,125494,SBI_Small_Cap,SBI Mutual Fund
08-03-2018,56.39900,125494,SBI_Small_Cap,SBI Mutual Fund
07-03-2018,56.57270,125494,SBI_Small_Cap,SBI Mutual Fund
06-03-2018,57.49460,125494,SBI_Small_Cap,SBI Mutual Fund
05-03-2018,58.11430,125494,SBI_Small_Cap,SBI Mutual Fund
01-03-2018,58.87270,125494,SBI_Small_Cap,SBI Mutual Fund
28-02-2018,58.93680,125494,SBI_Small_Cap,SBI Mutual Fund
27-02-2018,59.13100,125494,SBI_Small_Cap,SBI Mutual Fund
26-02-2018,59.43380,125494,SBI_Small_Cap,SBI Mutual Fund
23-02-2018,58.88240,125494,SBI_Small_Cap,SBI Mutual Fund
22-02-2018,58.42770,125494,SBI_Small_Cap,SBI Mutual Fund
21-02-2018,58.53610,125494,SBI_Small_Cap,SBI Mutual Fund
20-02-2018,58.55040,125494,SBI_Small_Cap,SBI Mutual Fund
19-02-2018,58.40890,125494,SBI_Small_Cap,SBI Mutual Fund
16-02-2018,59.33040,125494,SBI_Small_Cap,SBI Mutual Fund
15-02-2018,60.28840,125494,SBI_Small_Cap,SBI Mutual Fund
14-02-2018,61.13070,125494,SBI_Small_Cap,SBI Mutual Fund
12-02-2018,61.04210,125494,SBI_Small_Cap,SBI Mutual Fund
09-02-2018,60.53640,125494,SBI_Small_Cap,SBI Mutual Fund
08-02-2018,60.32230,125494,SBI_Small_Cap,SBI Mutual Fund
07-02-2018,59.04770,125494,SBI_Small_Cap,SBI Mutual Fund
06-02-2018,57.82630,125494,SBI_Small_Cap,SBI Mutual Fund
05-02-2018,59.22000,125494,SBI_Small_Cap,SBI Mutual Fund
02-02-2018,59.19960,125494,SBI_Small_Cap,SBI Mutual Fund
01-02-2018,61.23480,125494,SBI_Small_Cap,SBI Mutual Fund
31-01-2018,61.43670,125494,SBI_Small_Cap,SBI Mutual Fund
30-01-2018,61.75980,125494,SBI_Small_Cap,SBI Mutual Fund
29-01-2018,62.00000,125494,SBI_Small_Cap,SBI Mutual Fund
25-01-2018,62.48970,125494,SBI_Small_Cap,SBI Mutual Fund
24-01-2018,62.94370,125494,SBI_Small_Cap,SBI Mutual Fund
23-01-2018,63.68980,125494,SBI_Small_Cap,SBI Mutual Fund
22-01-2018,64.10760,125494,SBI_Small_Cap,SBI Mutual Fund
19-01-2018,63.49490,125494,SBI_Small_Cap,SBI Mutual Fund
18-01-2018,62.96940,125494,SBI_Small_Cap,SBI Mutual Fund
17-01-2018,64.23890,125494,SBI_Small_Cap,SBI Mutual Fund
16-01-2018,64.08590,125494,SBI_Small_Cap,SBI Mutual Fund
15-01-2018,65.40950,125494,SBI_Small_Cap,SBI Mutual Fund
12-01-2018,65.23210,125494,SBI_Small_Cap,SBI Mutual Fund
11-01-2018,65.18270,125494,SBI_Small_Cap,SBI Mutual Fund
10-01-2018,65.08450,125494,SBI_Small_Cap,SBI Mutual Fund
09-01-2018,65.09570,125494,SBI_Small_Cap,SBI Mutual Fund
08-01-2018,65.44670,125494,SBI_Small_Cap,SBI Mutual Fund
05-01-2018,65.26450,125494,SBI_Small_Cap,SBI Mutual Fund
04-01-2018,64.25590,125494,SBI_Small_Cap,SBI Mutual Fund
03-01-2018,63.55660,125494,SBI_Small_Cap,SBI Mutual Fund
02-01-2018,62.16390,125494,SBI_Small_Cap,SBI Mutual Fund
01-01-2018,62.73790,125494,SBI_Small_Cap,SBI Mutual Fund
29-12-2017,62.70590,125494,SBI_Small_Cap,SBI Mutual Fund
28-12-2017,62.86090,125494,SBI_Small_Cap,SBI Mutual Fund
27-12-2017,62.60390,125494,SBI_Small_Cap,SBI Mutual Fund
26-12-2017,62.65340,125494,SBI_Small_Cap,SBI Mutual Fund
22-12-2017,62.76570,125494,SBI_Small_Cap,SBI Mutual Fund
21-12-2017,63.01530,125494,SBI_Small_Cap,SBI Mutual Fund
20-12-2017,62.45590,125494,SBI_Small_Cap,SBI Mutual Fund
19-12-2017,61.84250,125494,SBI_Small_Cap,SBI Mutual Fund
18-12-2017,60.55440,125494,SBI_Small_Cap,SBI Mutual Fund
15-12-2017,60.04180,125494,SBI_Small_Cap,SBI Mutual Fund
14-12-2017,59.53170,125494,SBI_Small_Cap,SBI Mutual Fund
13-12-2017,59.55450,125494,SBI_Small_Cap,SBI Mutual Fund
12-12-2017,60.10740,125494,SBI_Small_Cap,SBI Mutual Fund
11-12-2017,60.34020,125494,SBI_Small_Cap,SBI Mutual Fund
08-12-2017,59.59770,125494,SBI_Small_Cap,SBI Mutual Fund
07-12-2017,58.79130,125494,SBI_Small_Cap,SBI Mutual Fund
06-12-2017,58.29180,125494,SBI_Small_Cap,SBI Mutual Fund
05-12-2017,58.33820,125494,SBI_Small_Cap,SBI Mutual Fund
04-12-2017,58.15700,125494,SBI_Small_Cap,SBI Mutual Fund
01-12-2017,58.33370,125494,SBI_Small_Cap,SBI Mutual Fund
30-11-2017,58.76600,125494,SBI_Small_Cap,SBI Mutual Fund
29-11-2017,58.74880,125494,SBI_Small_Cap,SBI Mutual Fund
28-11-2017,58.65470,125494,SBI_Small_Cap,SBI Mutual Fund
27-11-2017,58.12900,125494,SBI_Small_Cap,SBI Mutual Fund
24-11-2017,57.95490,125494,SBI_Small_Cap,SBI Mutual Fund
23-11-2017,57.43780,125494,SBI_Small_Cap,SBI Mutual Fund
22-11-2017,56.99190,125494,SBI_Small_Cap,SBI Mutual Fund
21-11-2017,56.61170,125494,SBI_Small_Cap,SBI Mutual Fund
20-11-2017,56.17680,125494,SBI_Small_Cap,SBI Mutual Fund
17-11-2017,55.65220,125494,SBI_Small_Cap,SBI Mutual Fund
16-11-2017,55.11700,125494,SBI_Small_Cap,SBI Mutual Fund
15-11-2017,54.34620,125494,SBI_Small_Cap,SBI Mutual Fund
14-11-2017,54.95260,125494,SBI_Small_Cap,SBI Mutual Fund
13-11-2017,54.87100,125494,SBI_Small_Cap,SBI Mutual Fund
10-11-2017,54.84810,125494,SBI_Small_Cap,SBI Mutual Fund
09-11-2017,55.12550,125494,SBI_Small_Cap,SBI Mutual Fund
08-11-2017,54.32670,125494,SBI_Small_Cap,SBI Mutual Fund
07-11-2017,54.64940,125494,SBI_Small_Cap,SBI Mutual Fund
06-11-2017,54.92990,125494,SBI_Small_Cap,SBI Mutual Fund
03-11-2017,54.65860,125494,SBI_Small_Cap,SBI Mutual Fund
02-11-2017,53.81360,125494,SBI_Small_Cap,SBI Mutual Fund
01-11-2017,53.04400,125494,SBI_Small_Cap,SBI Mutual Fund
31-10-2017,52.61040,125494,SBI_Small_Cap,SBI Mutual Fund
30-10-2017,52.30550,125494,SBI_Small_Cap,SBI Mutual Fund
27-10-2017,51.76760,125494,SBI_Small_Cap,SBI Mutual Fund
26-10-2017,51.39450,125494,SBI_Small_Cap,SBI Mutual Fund
25-10-2017,51.25930,125494,SBI_Small_Cap,SBI Mutual Fund
24-10-2017,51.76370,125494,SBI_Small_Cap,SBI Mutual Fund
23-10-2017,51.60170,125494,SBI_Small_Cap,SBI Mutual Fund
18-10-2017,51.68710,125494,SBI_Small_Cap,SBI Mutual Fund
17-10-2017,51.79730,125494,SBI_Small_Cap,SBI Mutual Fund
16-10-2017,51.48780,125494,SBI_Small_Cap,SBI Mutual Fund
13-10-2017,51.45470,125494,SBI_Small_Cap,SBI Mutual Fund
12-10-2017,51.29030,125494,SBI_Small_Cap,SBI Mutual Fund
11-10-2017,50.98870,125494,SBI_Small_Cap,SBI Mutual Fund
10-10-2017,51.63610,125494,SBI_Small_Cap,SBI Mutual Fund
09-10-2017,51.27060,125494,SBI_Small_Cap,SBI Mutual Fund
06-10-2017,51.12380,125494,SBI_Small_Cap,SBI Mutual Fund
05-10-2017,50.77850,125494,SBI_Small_Cap,SBI Mutual Fund
04-10-2017,50.58220,125494,SBI_Small_Cap,SBI Mutual Fund
03-10-2017,49.71130,125494,SBI_Small_Cap,SBI Mutual Fund
29-09-2017,49.37450,125494,SBI_Small_Cap,SBI Mutual Fund
28-09-2017,48.68720,125494,SBI_Small_Cap,SBI Mutual Fund
27-09-2017,48.30450,125494,SBI_Small_Cap,SBI Mutual Fund
26-09-2017,49.11020,125494,SBI_Small_Cap,SBI Mutual Fund
25-09-2017,48.51450,125494,SBI_Small_Cap,SBI Mutual Fund
22-09-2017,49.04080,125494,SBI_Small_Cap,SBI Mutual Fund
21-09-2017,50.66230,125494,SBI_Small_Cap,SBI Mutual Fund
20-09-2017,50.71700,125494,SBI_Small_Cap,SBI Mutual Fund
19-09-2017,50.34630,125494,SBI_Small_Cap,SBI Mutual Fund
18-09-2017,49.78860,125494,SBI_Small_Cap,SBI Mutual Fund
15-09-2017,49.19520,125494,SBI_Small_Cap,SBI Mutual Fund
14-09-2017,48.78430,125494,SBI_Small_Cap,SBI Mutual Fund
13-09-2017,48.19470,125494,SBI_Small_Cap,SBI Mutual Fund
12-09-2017,48.56560,125494,SBI_Small_Cap,SBI Mutual Fund
11-09-2017,48.26690,125494,SBI_Small_Cap,SBI Mutual Fund
08-09-2017,48.06030,125494,SBI_Small_Cap,SBI Mutual Fund
07-09-2017,47.99590,125494,SBI_Small_Cap,SBI Mutual Fund
06-09-2017,47.82220,125494,SBI_Small_Cap,SBI Mutual Fund
05-09-2017,47.62710,125494,SBI_Small_Cap,SBI Mutual Fund
04-09-2017,47.15340,125494,SBI_Small_Cap,SBI Mutual Fund
01-09-2017,47.21060,125494,SBI_Small_Cap,SBI Mutual Fund
31-08-2017,46.73970,125494,SBI_Small_Cap,SBI Mutual Fund
30-08-2017,46.11130,125494,SBI_Small_Cap,SBI Mutual Fund
29-08-2017,45.78200,125494,SBI_Small_Cap,SBI Mutual Fund
28-08-2017,46.16440,125494,SBI_Small_Cap,SBI Mutual Fund
24-08-2017,45.89270,125494,SBI_Small_Cap,SBI Mutual Fund
23-08-2017,45.84040,125494,SBI_Small_Cap,SBI Mutual Fund
22-08-2017,45.57890,125494,SBI_Small_Cap,SBI Mutual Fund
21-08-2017,45.39230,125494,SBI_Small_Cap,SBI Mutual Fund
18-08-2017,46.02920,125494,SBI_Small_Cap,SBI Mutual Fund
17-08-2017,46.33500,125494,SBI_Small_Cap,SBI Mutual Fund
16-08-2017,45.97400,125494,SBI_Small_Cap,SBI Mutual Fund
14-08-2017,45.41950,125494,SBI_Small_Cap,SBI Mutual Fund
11-08-2017,44.65800,125494,SBI_Small_Cap,SBI Mutual Fund
10-08-2017,44.34240,125494,SBI_Small_Cap,SBI Mutual Fund
09-08-2017,45.34540,125494,SBI_Small_Cap,SBI Mutual Fund
08-08-2017,45.80960,125494,SBI_Small_Cap,SBI Mutual Fund
07-08-2017,46.22140,125494,SBI_Small_Cap,SBI Mutual Fund
04-08-2017,45.82420,125494,SBI_Small_Cap,SBI Mutual Fund
03-08-2017,45.71580,125494,SBI_Small_Cap,SBI Mutual Fund
02-08-2017,46.09620,125494,SBI_Small_Cap,SBI Mutual Fund
01-08-2017,46.46340,125494,SBI_Small_Cap,SBI Mutual Fund
31-07-2017,46.30770,125494,SBI_Small_Cap,SBI Mutual Fund
28-07-2017,46.24230,125494,SBI_Small_Cap,SBI Mutual Fund
27-07-2017,45.84160,125494,SBI_Small_Cap,SBI Mutual Fund
26-07-2017,46.13530,125494,SBI_Small_Cap,SBI Mutual Fund
25-07-2017,45.94620,125494,SBI_Small_Cap,SBI Mutual Fund
24-07-2017,45.93080,125494,SBI_Small_Cap,SBI Mutual Fund
21-07-2017,45.94780,125494,SBI_Small_Cap,SBI Mutual Fund
20-07-2017,46.10880,125494,SBI_Small_Cap,SBI Mutual Fund
19-07-2017,45.92090,125494,SBI_Small_Cap,SBI Mutual Fund
18-07-2017,45.64670,125494,SBI_Small_Cap,SBI Mutual Fund
17-07-2017,45.67370,125494,SBI_Small_Cap,SBI Mutual Fund
14-07-2017,45.50610,125494,SBI_Small_Cap,SBI Mutual Fund
13-07-2017,45.93560,125494,SBI_Small_Cap,SBI Mutual Fund
12-07-2017,45.68980,125494,SBI_Small_Cap,SBI Mutual Fund
11-07-2017,45.61380,125494,SBI_Small_Cap,SBI Mutual Fund
10-07-2017,45.47890,125494,SBI_Small_Cap,SBI Mutual Fund
07-07-2017,45.39860,125494,SBI_Small_Cap,SBI Mutual Fund
06-07-2017,45.33870,125494,SBI_Small_Cap,SBI Mutual Fund
05-07-2017,45.34070,125494,SBI_Small_Cap,SBI Mutual Fund
04-07-2017,45.05470,125494,SBI_Small_Cap,SBI Mutual Fund
03-07-2017,44.84840,125494,SBI_Small_Cap,SBI Mutual Fund
30-06-2017,44.14900,125494,SBI_Small_Cap,SBI Mutual Fund
29-06-2017,43.98680,125494,SBI_Small_Cap,SBI Mutual Fund
28-06-2017,43.55270,125494,SBI_Small_Cap,SBI Mutual Fund
27-06-2017,43.91110,125494,SBI_Small_Cap,SBI Mutual Fund
23-06-2017,44.21830,125494,SBI_Small_Cap,SBI Mutual Fund
22-06-2017,44.73550,125494,SBI_Small_Cap,SBI Mutual Fund
21-06-2017,44.59120,125494,SBI_Small_Cap,SBI Mutual Fund
20-06-2017,44.42360,125494,SBI_Small_Cap,SBI Mutual Fund
19-06-2017,44.29870,125494,SBI_Small_Cap,SBI Mutual Fund
16-06-2017,44.09870,125494,SBI_Small_Cap,SBI Mutual Fund
15-06-2017,43.94880,125494,SBI_Small_Cap,SBI Mutual Fund
14-06-2017,43.63390,125494,SBI_Small_Cap,SBI Mutual Fund
13-06-2017,43.60640,125494,SBI_Small_Cap,SBI Mutual Fund
12-06-2017,43.49560,125494,SBI_Small_Cap,SBI Mutual Fund
09-06-2017,43.26740,125494,SBI_Small_Cap,SBI Mutual Fund
08-06-2017,43.23680,125494,SBI_Small_Cap,SBI Mutual Fund
07-06-2017,43.10110,125494,SBI_Small_Cap,SBI Mutual Fund
06-06-2017,42.78790,125494,SBI_Small_Cap,SBI Mutual Fund
05-06-2017,43.00530,125494,SBI_Small_Cap,SBI Mutual Fund
02-06-2017,42.77010,125494,SBI_Small_Cap,SBI Mutual Fund
01-06-2017,42.50700,125494,SBI_Small_Cap,SBI Mutual Fund
31-05-2017,42.48500,125494,SBI_Small_Cap,SBI Mutual Fund
30-05-2017,42.14930,125494,SBI_Small_Cap,SBI Mutual Fund
29-05-2017,42.35610,125494,SBI_Small_Cap,SBI Mutual Fund
26-05-2017,42.77020,125494,SBI_Small_Cap,SBI Mutual Fund
25-05-2017,42.16670,125494,SBI_Small_Cap,SBI Mutual Fund
24-05-2017,41.33150,125494,SBI_Small_Cap,SBI Mutual Fund
23-05-2017,41.97780,125494,SBI_Small_Cap,SBI Mutual Fund
22-05-2017,42.78110,125494,SBI_Small_Cap,SBI Mutual Fund
19-05-2017,43.14440,125494,SBI_Small_Cap,SBI Mutual Fund
18-05-2017,43.47580,125494,SBI_Small_Cap,SBI Mutual Fund
17-05-2017,43.68260,125494,SBI_Small_Cap,SBI Mutual Fund
16-05-2017,43.57030,125494,SBI_Small_Cap,SBI Mutual Fund
15-05-2017,43.49180,125494,SBI_Small_Cap,SBI Mutual Fund
12-05-2017,43.03420,125494,SBI_Small_Cap,SBI Mutual Fund
11-05-2017,43.46870,125494,SBI_Small_Cap,SBI Mutual Fund
10-05-2017,43.71800,125494,SBI_Small_Cap,SBI Mutual Fund
09-05-2017,43.37250,125494,SBI_Small_Cap,SBI Mutual Fund
08-05-2017,43.16560,125494,SBI_Small_Cap,SBI Mutual Fund
05-05-2017,42.88200,125494,SBI_Small_Cap,SBI Mutual Fund
04-05-2017,42.99710,125494,SBI_Small_Cap,SBI Mutual Fund
03-05-2017,42.81170,125494,SBI_Small_Cap,SBI Mutual Fund
02-05-2017,42.81620,125494,SBI_Small_Cap,SBI Mutual Fund
28-04-2017,42.93490,125494,SBI_Small_Cap,SBI Mutual Fund
27-04-2017,42.90480,125494,SBI_Small_Cap,SBI Mutual Fund
26-04-2017,42.64790,125494,SBI_Small_Cap,SBI Mutual Fund
25-04-2017,43.22550,125494,SBI_Small_Cap,SBI Mutual Fund
24-04-2017,43.20180,125494,SBI_Small_Cap,SBI Mutual Fund
21-04-2017,42.94280,125494,SBI_Small_Cap,SBI Mutual Fund
20-04-2017,42.94910,125494,SBI_Small_Cap,SBI Mutual Fund
19-04-2017,42.57060,125494,SBI_Small_Cap,SBI Mutual Fund
18-04-2017,42.53180,125494,SBI_Small_Cap,SBI Mutual Fund
17-04-2017,42.91520,125494,SBI_Small_Cap,SBI Mutual Fund
13-04-2017,42.74680,125494,SBI_Small_Cap,SBI Mutual Fund
12-04-2017,42.81120,125494,SBI_Small_Cap,SBI Mutual Fund
11-04-2017,42.97010,125494,SBI_Small_Cap,SBI Mutual Fund
10-04-2017,42.68130,125494,SBI_Small_Cap,SBI Mutual Fund
07-04-2017,42.33660,125494,SBI_Small_Cap,SBI Mutual Fund
06-04-2017,42.67700,125494,SBI_Small_Cap,SBI Mutual Fund
05-04-2017,42.57930,125494,SBI_Small_Cap,SBI Mutual Fund
03-04-2017,41.33290,125494,SBI_Small_Cap,SBI Mutual Fund
31-03-2017,40.86110,125494,SBI_Small_Cap,SBI Mutual Fund
30-03-2017,40.76930,125494,SBI_Small_Cap,SBI Mutual Fund
29-03-2017,40.45190,125494,SBI_Small_Cap,SBI Mutual Fund
28-03-2017,40.44560,125494,SBI_Small_Cap,SBI Mutual Fund
27-03-2017,40.36650,125494,SBI_Small_Cap,SBI Mutual Fund
24-03-2017,40.33370,125494,SBI_Small_Cap,SBI Mutual Fund
23-03-2017,40.28080,125494,SBI_Small_Cap,SBI Mutual Fund
22-03-2017,40.12020,125494,SBI_Small_Cap,SBI Mutual Fund
21-03-2017,40.25790,125494,SBI_Small_Cap,SBI Mutual Fund
20-03-2017,40.34910,125494,SBI_Small_Cap,SBI Mutual Fund
17-03-2017,40.10150,125494,SBI_Small_Cap,SBI Mutual Fund
16-03-2017,39.95060,125494,SBI_Small_Cap,SBI Mutual Fund
15-03-2017,39.45860,125494,SBI_Small_Cap,SBI Mutual Fund
14-03-2017,39.46090,125494,SBI_Small_Cap,SBI Mutual Fund
10-03-2017,39.15680,125494,SBI_Small_Cap,SBI Mutual Fund
09-03-2017,39.24520,125494,SBI_Small_Cap,SBI Mutual Fund
08-03-2017,39.17680,125494,SBI_Small_Cap,SBI Mutual Fund
07-03-2017,39.24440,125494,SBI_Small_Cap,SBI Mutual Fund
06-03-2017,39.14530,125494,SBI_Small_Cap,SBI Mutual Fund
03-03-2017,39.12600,125494,SBI_Small_Cap,SBI Mutual Fund
02-03-2017,38.96450,125494,SBI_Small_Cap,SBI Mutual Fund
01-03-2017,39.41580,125494,SBI_Small_Cap,SBI Mutual Fund
28-02-2017,39.09090,125494,SBI_Small_Cap,SBI Mutual Fund
27-02-2017,38.96550,125494,SBI_Small_Cap,SBI Mutual Fund
23-02-2017,39.21890,125494,SBI_Small_Cap,SBI Mutual Fund
22-02-2017,39.18590,125494,SBI_Small_Cap,SBI Mutual Fund
21-02-2017,39.40730,125494,SBI_Small_Cap,SBI Mutual Fund
20-02-2017,39.31220,125494,SBI_Small_Cap,SBI Mutual Fund
17-02-2017,39.04000,125494,SBI_Small_Cap,SBI Mutual Fund
16-02-2017,39.02820,125494,SBI_Small_Cap,SBI Mutual Fund
15-02-2017,38.58860,125494,SBI_Small_Cap,SBI Mutual Fund
14-02-2017,39.28650,125494,SBI_Small_Cap,SBI Mutual Fund
13-02-2017,39.45390,125494,SBI_Small_Cap,SBI Mutual Fund
10-02-2017,39.48930,125494,SBI_Small_Cap,SBI Mutual Fund
09-02-2017,39.19540,125494,SBI_Small_Cap,SBI Mutual Fund
08-02-2017,39.16560,125494,SBI_Small_Cap,SBI Mutual Fund
07-02-2017,39.13390,125494,SBI_Small_Cap,SBI Mutual Fund
06-02-2017,38.94040,125494,SBI_Small_Cap,SBI Mutual Fund
03-02-2017,38.56280,125494,SBI_Small_Cap,SBI Mutual Fund
02-02-2017,37.88790,125494,SBI_Small_Cap,SBI Mutual Fund
01-02-2017,37.81120,125494,SBI_Small_Cap,SBI Mutual Fund
31-01-2017,37.48100,125494,SBI_Small_Cap,SBI Mutual Fund
30-01-2017,37.60470,125494,SBI_Small_Cap,SBI Mutual Fund
27-01-2017,37.85840,125494,SBI_Small_Cap,SBI Mutual Fund
25-01-2017,37.60930,125494,SBI_Small_Cap,SBI Mutual Fund
24-01-2017,37.49950,125494,SBI_Small_Cap,SBI Mutual Fund
23-01-2017,37.08960,125494,SBI_Small_Cap,SBI Mutual Fund
20-01-2017,36.94160,125494,SBI_Small_Cap,SBI Mutual Fund
19-01-2017,37.29510,125494,SBI_Small_Cap,SBI Mutual Fund
18-01-2017,37.17330,125494,SBI_Small_Cap,SBI Mutual Fund
17-01-2017,36.88770,125494,SBI_Small_Cap,SBI Mutual Fund
16-01-2017,36.71970,125494,SBI_Small_Cap,SBI Mutual Fund
13-01-2017,36.54060,125494,SBI_Small_Cap,SBI Mutual Fund
12-01-2017,36.49280,125494,SBI_Small_Cap,SBI Mutual Fund
11-01-2017,36.61060,125494,SBI_Small_Cap,SBI Mutual Fund
10-01-2017,36.38380,125494,SBI_Small_Cap,SBI Mutual Fund
09-01-2017,36.22130,125494,SBI_Small_Cap,SBI Mutual Fund
06-01-2017,36.04370,125494,SBI_Small_Cap,SBI Mutual Fund
05-01-2017,35.99700,125494,SBI_Small_Cap,SBI Mutual Fund
04-01-2017,35.75570,125494,SBI_Small_Cap,SBI Mutual Fund
03-01-2017,35.68450,125494,SBI_Small_Cap,SBI Mutual Fund
02-01-2017,35.36440,125494,SBI_Small_Cap,SBI Mutual Fund
30-12-2016,35.09750,125494,SBI_Small_Cap,SBI Mutual Fund
29-12-2016,34.77790,125494,SBI_Small_Cap,SBI Mutual Fund
28-12-2016,34.55610,125494,SBI_Small_Cap,SBI Mutual Fund
27-12-2016,34.36870,125494,SBI_Small_Cap,SBI Mutual Fund
26-12-2016,34.08690,125494,SBI_Small_Cap,SBI Mutual Fund
23-12-2016,34.68550,125494,SBI_Small_Cap,SBI Mutual Fund
22-12-2016,34.61670,125494,SBI_Small_Cap,SBI Mutual Fund
21-12-2016,34.98710,125494,SBI_Small_Cap,SBI Mutual Fund
20-12-2016,34.99430,125494,SBI_Small_Cap,SBI Mutual Fund
19-12-2016,35.37920,125494,SBI_Small_Cap,SBI Mutual Fund
16-12-2016,35.55670,125494,SBI_Small_Cap,SBI Mutual Fund
15-12-2016,35.58020,125494,SBI_Small_Cap,SBI Mutual Fund
14-12-2016,35.71680,125494,SBI_Small_Cap,SBI Mutual Fund
13-12-2016,36.05840,125494,SBI_Small_Cap,SBI Mutual Fund
12-12-2016,35.89530,125494,SBI_Small_Cap,SBI Mutual Fund
09-12-2016,36.12640,125494,SBI_Small_Cap,SBI Mutual Fund
08-12-2016,36.10330,125494,SBI_Small_Cap,SBI Mutual Fund
07-12-2016,35.81160,125494,SBI_Small_Cap,SBI Mutual Fund
06-12-2016,35.90280,125494,SBI_Small_Cap,SBI Mutual Fund
05-12-2016,36.02020,125494,SBI_Small_Cap,SBI Mutual Fund
02-12-2016,36.04710,125494,SBI_Small_Cap,SBI Mutual Fund
01-12-2016,36.57250,125494,SBI_Small_Cap,SBI Mutual Fund
30-11-2016,36.61360,125494,SBI_Small_Cap,SBI Mutual Fund
29-11-2016,36.35910,125494,SBI_Small_Cap,SBI Mutual Fund
28-11-2016,36.20440,125494,SBI_Small_Cap,SBI Mutual Fund
25-11-2016,35.75130,125494,SBI_Small_Cap,SBI Mutual Fund
24-11-2016,35.29230,125494,SBI_Small_Cap,SBI Mutual Fund
23-11-2016,35.16800,125494,SBI_Small_Cap,SBI Mutual Fund
22-11-2016,34.83280,125494,SBI_Small_Cap,SBI Mutual Fund
21-11-2016,34.51850,125494,SBI_Small_Cap,SBI Mutual Fund
18-11-2016,35.89000,125494,SBI_Small_Cap,SBI Mutual Fund
17-11-2016,35.54040,125494,SBI_Small_Cap,SBI Mutual Fund
16-11-2016,35.72150,125494,SBI_Small_Cap,SBI Mutual Fund
15-11-2016,35.73590,125494,SBI_Small_Cap,SBI Mutual Fund
11-11-2016,37.60630,125494,SBI_Small_Cap,SBI Mutual Fund
10-11-2016,38.70370,125494,SBI_Small_Cap,SBI Mutual Fund
09-11-2016,38.07820,125494,SBI_Small_Cap,SBI Mutual Fund
08-11-2016,38.63440,125494,SBI_Small_Cap,SBI Mutual Fund
07-11-2016,38.65190,125494,SBI_Small_Cap,SBI Mutual Fund
04-11-2016,38.16680,125494,SBI_Small_Cap,SBI Mutual Fund
03-11-2016,38.91680,125494,SBI_Small_Cap,SBI Mutual Fund
02-11-2016,39.34850,125494,SBI_Small_Cap,SBI Mutual Fund
01-11-2016,39.94780,125494,SBI_Small_Cap,SBI Mutual Fund
28-10-2016,39.37680,125494,SBI_Small_Cap,SBI Mutual Fund
27-10-2016,38.92890,125494,SBI_Small_Cap,SBI Mutual Fund
26-10-2016,38.85010,125494,SBI_Small_Cap,SBI Mutual Fund
25-10-2016,39.01850,125494,SBI_Small_Cap,SBI Mutual Fund
24-10-2016,38.84780,125494,SBI_Small_Cap,SBI Mutual Fund
21-10-2016,38.46380,125494,SBI_Small_Cap,SBI Mutual Fund
20-10-2016,38.64130,125494,SBI_Small_Cap,SBI Mutual Fund
19-10-2016,38.59610,125494,SBI_Small_Cap,SBI Mutual Fund
18-10-2016,38.38270,125494,SBI_Small_Cap,SBI Mutual Fund
17-10-2016,38.06370,125494,SBI_Small_Cap,SBI Mutual Fund
14-10-2016,38.35580,125494,SBI_Small_Cap,SBI Mutual Fund
13-10-2016,38.09910,125494,SBI_Small_Cap,SBI Mutual Fund
10-10-2016,38.83950,125494,SBI_Small_Cap,SBI Mutual Fund
07-10-2016,38.60480,125494,SBI_Small_Cap,SBI Mutual Fund
06-10-2016,38.24410,125494,SBI_Small_Cap,SBI Mutual Fund
05-10-2016,38.39290,125494,SBI_Small_Cap,SBI Mutual Fund
04-10-2016,38.04260,125494,SBI_Small_Cap,SBI Mutual Fund
03-10-2016,37.84600,125494,SBI_Small_Cap,SBI Mutual Fund
30-09-2016,37.11770,125494,SBI_Small_Cap,SBI Mutual Fund
29-09-2016,36.14200,125494,SBI_Small_Cap,SBI Mutual Fund
28-09-2016,37.31340,125494,SBI_Small_Cap,SBI Mutual Fund
27-09-2016,37.11220,125494,SBI_Small_Cap,SBI Mutual Fund
26-09-2016,37.01510,125494,SBI_Small_Cap,SBI Mutual Fund
23-09-2016,37.09810,125494,SBI_Small_Cap,SBI Mutual Fund
22-09-2016,36.97060,125494,SBI_Small_Cap,SBI Mutual Fund
21-09-2016,36.38620,125494,SBI_Small_Cap,SBI Mutual Fund
20-09-2016,36.39710,125494,SBI_Small_Cap,SBI Mutual Fund
19-09-2016,36.23720,125494,SBI_Small_Cap,SBI Mutual Fund
16-09-2016,36.06400,125494,SBI_Small_Cap,SBI Mutual Fund
15-09-2016,36.08270,125494,SBI_Small_Cap,SBI Mutual Fund
14-09-2016,35.99170,125494,SBI_Small_Cap,SBI Mutual Fund
12-09-2016,35.67020,125494,SBI_Small_Cap,SBI Mutual Fund
09-09-2016,36.40090,125494,SBI_Small_Cap,SBI Mutual Fund
08-09-2016,36.51580,125494,SBI_Small_Cap,SBI Mutual Fund
07-09-2016,36.29550,125494,SBI_Small_Cap,SBI Mutual Fund
06-09-2016,36.48390,125494,SBI_Small_Cap,SBI Mutual Fund
02-09-2016,36.25340,125494,SBI_Small_Cap,SBI Mutual Fund
01-09-2016,36.08260,125494,SBI_Small_Cap,SBI Mutual Fund
31-08-2016,36.48770,125494,SBI_Small_Cap,SBI Mutual Fund
30-08-2016,36.35050,125494,SBI_Small_Cap,SBI Mutual Fund
29-08-2016,35.88140,125494,SBI_Small_Cap,SBI Mutual Fund
26-08-2016,35.70370,125494,SBI_Small_Cap,SBI Mutual Fund
25-08-2016,35.70640,125494,SBI_Small_Cap,SBI Mutual Fund
24-08-2016,35.63260,125494,SBI_Small_Cap,SBI Mutual Fund
23-08-2016,35.38870,125494,SBI_Small_Cap,SBI Mutual Fund
22-08-2016,35.33670,125494,SBI_Small_Cap,SBI Mutual Fund
19-08-2016,35.34310,125494,SBI_Small_Cap,SBI Mutual Fund
18-08-2016,35.28370,125494,SBI_Small_Cap,SBI Mutual Fund
17-08-2016,34.90560,125494,SBI_Small_Cap,SBI Mutual Fund
16-08-2016,34.60490,125494,SBI_Small_Cap,SBI Mutual Fund
12-08-2016,34.63280,125494,SBI_Small_Cap,SBI Mutual Fund
11-08-2016,34.55150,125494,SBI_Small_Cap,SBI Mutual Fund
10-08-2016,34.56250,125494,SBI_Small_Cap,SBI Mutual Fund
09-08-2016,34.92000,125494,SBI_Small_Cap,SBI Mutual Fund
08-08-2016,35.14280,125494,SBI_Small_Cap,SBI Mutual Fund
05-08-2016,35.07610,125494,SBI_Small_Cap,SBI Mutual Fund
04-08-2016,34.79050,125494,SBI_Small_Cap,SBI Mutual Fund
03-08-2016,34.59590,125494,SBI_Small_Cap,SBI Mutual Fund
02-08-2016,35.00290,125494,SBI_Small_Cap,SBI Mutual Fund
01-08-2016,35.11440,125494,SBI_Small_Cap,SBI Mutual Fund
29-07-2016,35.48420,125494,SBI_Small_Cap,SBI Mutual Fund
28-07-2016,35.32970,125494,SBI_Small_Cap,SBI Mutual Fund
27-07-2016,35.08960,125494,SBI_Small_Cap,SBI Mutual Fund
26-07-2016,35.34420,125494,SBI_Small_Cap,SBI Mutual Fund
25-07-2016,35.57820,125494,SBI_Small_Cap,SBI Mutual Fund
22-07-2016,35.26070,125494,SBI_Small_Cap,SBI Mutual Fund
21-07-2016,35.14240,125494,SBI_Small_Cap,SBI Mutual Fund
20-07-2016,35.12550,125494,SBI_Small_Cap,SBI Mutual Fund
19-07-2016,34.76750,125494,SBI_Small_Cap,SBI Mutual Fund
18-07-2016,34.94250,125494,SBI_Small_Cap,SBI Mutual Fund
15-07-2016,35.01670,125494,SBI_Small_Cap,SBI Mutual Fund
14-07-2016,35.00490,125494,SBI_Small_Cap,SBI Mutual Fund
13-07-2016,34.46940,125494,SBI_Small_Cap,SBI Mutual Fund
12-07-2016,34.43040,125494,SBI_Small_Cap,SBI Mutual Fund
11-07-2016,34.54350,125494,SBI_Small_Cap,SBI Mutual Fund
08-07-2016,34.41320,125494,SBI_Small_Cap,SBI Mutual Fund
07-07-2016,34.36640,125494,SBI_Small_Cap,SBI Mutual Fund
05-07-2016,34.23000,125494,SBI_Small_Cap,SBI Mutual Fund
04-07-2016,34.20380,125494,SBI_Small_Cap,SBI Mutual Fund
01-07-2016,34.07810,125494,SBI_Small_Cap,SBI Mutual Fund
30-06-2016,33.94840,125494,SBI_Small_Cap,SBI Mutual Fund
29-06-2016,33.80040,125494,SBI_Small_Cap,SBI Mutual Fund
28-06-2016,33.29100,125494,SBI_Small_Cap,SBI Mutual Fund
27-06-2016,32.96720,125494,SBI_Small_Cap,SBI Mutual Fund
24-06-2016,32.65040,125494,SBI_Small_Cap,SBI Mutual Fund
23-06-2016,32.93990,125494,SBI_Small_Cap,SBI Mutual Fund
22-06-2016,32.99710,125494,SBI_Small_Cap,SBI Mutual Fund
21-06-2016,32.97750,125494,SBI_Small_Cap,SBI Mutual Fund
20-06-2016,33.02240,125494,SBI_Small_Cap,SBI Mutual Fund
17-06-2016,33.14390,125494,SBI_Small_Cap,SBI Mutual Fund
16-06-2016,33.00530,125494,SBI_Small_Cap,SBI Mutual Fund
15-06-2016,33.12680,125494,SBI_Small_Cap,SBI Mutual Fund
14-06-2016,32.83850,125494,SBI_Small_Cap,SBI Mutual Fund
13-06-2016,32.87930,125494,SBI_Small_Cap,SBI Mutual Fund
10-06-2016,33.09360,125494,SBI_Small_Cap,SBI Mutual Fund
09-06-2016,32.99420,125494,SBI_Small_Cap,SBI Mutual Fund
08-06-2016,33.27720,125494,SBI_Small_Cap,SBI Mutual Fund
07-06-2016,33.20240,125494,SBI_Small_Cap,SBI Mutual Fund
06-06-2016,32.81910,125494,SBI_Small_Cap,SBI Mutual Fund
03-06-2016,32.63830,125494,SBI_Small_Cap,SBI Mutual Fund
02-06-2016,32.72450,125494,SBI_Small_Cap,SBI Mutual Fund
01-06-2016,32.57070,125494,SBI_Small_Cap,SBI Mutual Fund
31-05-2016,32.54790,125494,SBI_Small_Cap,SBI Mutual Fund
30-05-2016,32.62020,125494,SBI_Small_Cap,SBI Mutual Fund
27-05-2016,32.50870,125494,SBI_Small_Cap,SBI Mutual Fund
26-05-2016,32.34640,125494,SBI_Small_Cap,SBI Mutual Fund
25-05-2016,32.39680,125494,SBI_Small_Cap,SBI Mutual Fund
24-05-2016,32.21470,125494,SBI_Small_Cap,SBI Mutual Fund
23-05-2016,32.44930,125494,SBI_Small_Cap,SBI Mutual Fund
20-05-2016,32.41160,125494,SBI_Small_Cap,SBI Mutual Fund
19-05-2016,32.62410,125494,SBI_Small_Cap,SBI Mutual Fund
18-05-2016,33.09170,125494,SBI_Small_Cap,SBI Mutual Fund
17-05-2016,33.04340,125494,SBI_Small_Cap,SBI Mutual Fund
16-05-2016,32.99210,125494,SBI_Small_Cap,SBI Mutual Fund
13-05-2016,33.06120,125494,SBI_Small_Cap,SBI Mutual Fund
12-05-2016,33.11270,125494,SBI_Small_Cap,SBI Mutual Fund
11-05-2016,32.74390,125494,SBI_Small_Cap,SBI Mutual Fund
10-05-2016,32.65840,125494,SBI_Small_Cap,SBI Mutual Fund
09-05-2016,32.84970,125494,SBI_Small_Cap,SBI Mutual Fund
06-05-2016,32.67970,125494,SBI_Small_Cap,SBI Mutual Fund
05-05-2016,32.79380,125494,SBI_Small_Cap,SBI Mutual Fund
04-05-2016,32.53340,125494,SBI_Small_Cap,SBI Mutual Fund
03-05-2016,32.83190,125494,SBI_Small_Cap,SBI Mutual Fund
02-05-2016,32.85150,125494,SBI_Small_Cap,SBI Mutual Fund
29-04-2016,32.93810,125494,SBI_Small_Cap,SBI Mutual Fund
28-04-2016,32.90750,125494,SBI_Small_Cap,SBI Mutual Fund
27-04-2016,33.14270,125494,SBI_Small_Cap,SBI Mutual Fund
26-04-2016,32.95270,125494,SBI_Small_Cap,SBI Mutual Fund
25-04-2016,32.77820,125494,SBI_Small_Cap,SBI Mutual Fund
22-04-2016,32.81950,125494,SBI_Small_Cap,SBI Mutual Fund
21-04-2016,32.98200,125494,SBI_Small_Cap,SBI Mutual Fund
20-04-2016,33.08430,125494,SBI_Small_Cap,SBI Mutual Fund
18-04-2016,33.00970,125494,SBI_Small_Cap,SBI Mutual Fund
13-04-2016,32.60890,125494,SBI_Small_Cap,SBI Mutual Fund
12-04-2016,32.36190,125494,SBI_Small_Cap,SBI Mutual Fund
11-04-2016,32.24310,125494,SBI_Small_Cap,SBI Mutual Fund
08-04-2016,31.93610,125494,SBI_Small_Cap,SBI Mutual Fund
07-04-2016,31.89350,125494,SBI_Small_Cap,SBI Mutual Fund
06-04-2016,32.10000,125494,SBI_Small_Cap,SBI Mutual Fund
05-04-2016,31.80960,125494,SBI_Small_Cap,SBI Mutual Fund
04-04-2016,31.98740,125494,SBI_Small_Cap,SBI Mutual Fund
01-04-2016,31.50660,125494,SBI_Small_Cap,SBI Mutual Fund
31-03-2016,31.26800,125494,SBI_Small_Cap,SBI Mutual Fund
30-03-2016,31.22210,125494,SBI_Small_Cap,SBI Mutual Fund
29-03-2016,30.86730,125494,SBI_Small_Cap,SBI Mutual Fund
28-03-2016,30.80230,125494,SBI_Small_Cap,SBI Mutual Fund
23-03-2016,31.14100,125494,SBI_Small_Cap,SBI Mutual Fund
22-03-2016,30.80320,125494,SBI_Small_Cap,SBI Mutual Fund
21-03-2016,30.92220,125494,SBI_Small_Cap,SBI Mutual Fund
18-03-2016,30.50150,125494,SBI_Small_Cap,SBI Mutual Fund
17-03-2016,30.29070,125494,SBI_Small_Cap,SBI Mutual Fund
16-03-2016,30.20830,125494,SBI_Small_Cap,SBI Mutual Fund
15-03-2016,30.14330,125494,SBI_Small_Cap,SBI Mutual Fund
14-03-2016,30.29990,125494,SBI_Small_Cap,SBI Mutual Fund
11-03-2016,30.06430,125494,SBI_Small_Cap,SBI Mutual Fund
10-03-2016,30.05540,125494,SBI_Small_Cap,SBI Mutual Fund
09-03-2016,30.07790,125494,SBI_Small_Cap,SBI Mutual Fund
08-03-2016,30.03830,125494,SBI_Small_Cap,SBI Mutual Fund
04-03-2016,30.09850,125494,SBI_Small_Cap,SBI Mutual Fund
03-03-2016,30.09580,125494,SBI_Small_Cap,SBI Mutual Fund
02-03-2016,29.95300,125494,SBI_Small_Cap,SBI Mutual Fund
01-03-2016,29.53650,125494,SBI_Small_Cap,SBI Mutual Fund
29-02-2016,28.79750,125494,SBI_Small_Cap,SBI Mutual Fund
26-02-2016,28.97280,125494,SBI_Small_Cap,SBI Mutual Fund
25-02-2016,29.26380,125494,SBI_Small_Cap,SBI Mutual Fund
24-02-2016,29.28940,125494,SBI_Small_Cap,SBI Mutual Fund
23-02-2016,29.69580,125494,SBI_Small_Cap,SBI Mutual Fund
22-02-2016,30.01880,125494,SBI_Small_Cap,SBI Mutual Fund
19-02-2016,30.10440,125494,SBI_Small_Cap,SBI Mutual Fund
18-02-2016,30.08190,125494,SBI_Small_Cap,SBI Mutual Fund
17-02-2016,29.72110,125494,SBI_Small_Cap,SBI Mutual Fund
16-02-2016,29.45030,125494,SBI_Small_Cap,SBI Mutual Fund
15-02-2016,30.06160,125494,SBI_Small_Cap,SBI Mutual Fund
12-02-2016,29.21370,125494,SBI_Small_Cap,SBI Mutual Fund
11-02-2016,29.51680,125494,SBI_Small_Cap,SBI Mutual Fund
10-02-2016,30.64700,125494,SBI_Small_Cap,SBI Mutual Fund
09-02-2016,31.04450,125494,SBI_Small_Cap,SBI Mutual Fund
08-02-2016,31.12930,125494,SBI_Small_Cap,SBI Mutual Fund
05-02-2016,31.17520,125494,SBI_Small_Cap,SBI Mutual Fund
04-02-2016,31.00640,125494,SBI_Small_Cap,SBI Mutual Fund
03-02-2016,31.14260,125494,SBI_Small_Cap,SBI Mutual Fund
02-02-2016,31.55910,125494,SBI_Small_Cap,SBI Mutual Fund
01-02-2016,31.66100,125494,SBI_Small_Cap,SBI Mutual Fund
29-01-2016,31.49460,125494,SBI_Small_Cap,SBI Mutual Fund
28-01-2016,31.37810,125494,SBI_Small_Cap,SBI Mutual Fund
27-01-2016,31.37150,125494,SBI_Small_Cap,SBI Mutual Fund
25-01-2016,31.34160,125494,SBI_Small_Cap,SBI Mutual Fund
22-01-2016,31.18740,125494,SBI_Small_Cap,SBI Mutual Fund
21-01-2016,30.44570,125494,SBI_Small_Cap,SBI Mutual Fund
20-01-2016,30.40570,125494,SBI_Small_Cap,SBI Mutual Fund
19-01-2016,30.96010,125494,SBI_Small_Cap,SBI Mutual Fund
18-01-2016,30.69830,125494,SBI_Small_Cap,SBI Mutual Fund
15-01-2016,31.83450,125494,SBI_Small_Cap,SBI Mutual Fund
14-01-2016,32.60790,125494,SBI_Small_Cap,SBI Mutual Fund
13-01-2016,32.88630,125494,SBI_Small_Cap,SBI Mutual Fund
12-01-2016,33.46420,125494,SBI_Small_Cap,SBI Mutual Fund
11-01-2016,34.05120,125494,SBI_Small_Cap,SBI Mutual Fund
08-01-2016,34.09130,125494,SBI_Small_Cap,SBI Mutual Fund
07-01-2016,33.55810,125494,SBI_Small_Cap,SBI Mutual Fund
06-01-2016,34.49920,125494,SBI_Small_Cap,SBI Mutual Fund
05-01-2016,34.87150,125494,SBI_Small_Cap,SBI Mutual Fund
04-01-2016,34.66730,125494,SBI_Small_Cap,SBI Mutual Fund
01-01-2016,34.95970,125494,SBI_Small_Cap,SBI Mutual Fund
31-12-2015,34.65080,125494,SBI_Small_Cap,SBI Mutual Fund
30-12-2015,34.36100,125494,SBI_Small_Cap,SBI Mutual Fund
29-12-2015,34.07550,125494,SBI_Small_Cap,SBI Mutual Fund
28-12-2015,33.92590,125494,SBI_Small_Cap,SBI Mutual Fund
24-12-2015,33.66490,125494,SBI_Small_Cap,SBI Mutual Fund
23-12-2015,33.44360,125494,SBI_Small_Cap,SBI Mutual Fund
22-12-2015,33.20890,125494,SBI_Small_Cap,SBI Mutual Fund
21-12-2015,33.15950,125494,SBI_Small_Cap,SBI Mutual Fund
18-12-2015,32.93600,125494,SBI_Small_Cap,SBI Mutual Fund
17-12-2015,33.04830,125494,SBI_Small_Cap,SBI Mutual Fund
16-12-2015,32.41400,125494,SBI_Small_Cap,SBI Mutual Fund
15-12-2015,32.42020,125494,SBI_Small_Cap,SBI Mutual Fund
14-12-2015,32.13210,125494,SBI_Small_Cap,SBI Mutual Fund
11-12-2015,32.10760,125494,SBI_Small_Cap,SBI Mutual Fund
10-12-2015,32.28310,125494,SBI_Small_Cap,SBI Mutual Fund
09-12-2015,31.91890,125494,SBI_Small_Cap,SBI Mutual Fund
08-12-2015,32.33150,125494,SBI_Small_Cap,SBI Mutual Fund
07-12-2015,32.68830,125494,SBI_Small_Cap,SBI Mutual Fund
04-12-2015,32.72530,125494,SBI_Small_Cap,SBI Mutual Fund
03-12-2015,32.82730,125494,SBI_Small_Cap,SBI Mutual Fund
02-12-2015,32.86290,125494,SBI_Small_Cap,SBI Mutual Fund
01-12-2015,32.55920,125494,SBI_Small_Cap,SBI Mutual Fund
30-11-2015,32.56170,125494,SBI_Small_Cap,SBI Mutual Fund
27-11-2015,32.60210,125494,SBI_Small_Cap,SBI Mutual Fund
26-11-2015,32.47800,125494,SBI_Small_Cap,SBI Mutual Fund
24-11-2015,32.54920,125494,SBI_Small_Cap,SBI Mutual Fund
23-11-2015,32.67970,125494,SBI_Small_Cap,SBI Mutual Fund
20-11-2015,32.54170,125494,SBI_Small_Cap,SBI Mutual Fund
19-11-2015,32.32990,125494,SBI_Small_Cap,SBI Mutual Fund
18-11-2015,31.86620,125494,SBI_Small_Cap,SBI Mutual Fund
17-11-2015,32.21350,125494,SBI_Small_Cap,SBI Mutual Fund
16-11-2015,31.92110,125494,SBI_Small_Cap,SBI Mutual Fund
13-11-2015,31.98310,125494,SBI_Small_Cap,SBI Mutual Fund
10-11-2015,31.96660,125494,SBI_Small_Cap,SBI Mutual Fund
09-11-2015,32.16650,125494,SBI_Small_Cap,SBI Mutual Fund
06-11-2015,31.78250,125494,SBI_Small_Cap,SBI Mutual Fund
05-11-2015,32.03100,125494,SBI_Small_Cap,SBI Mutual Fund
04-11-2015,32.34590,125494,SBI_Small_Cap,SBI Mutual Fund
03-11-2015,32.41280,125494,SBI_Small_Cap,SBI Mutual Fund
02-11-2015,32.04540,125494,SBI_Small_Cap,SBI Mutual Fund
30-10-2015,32.27530,125494,SBI_Small_Cap,SBI Mutual Fund
29-10-2015,32.33100,125494,SBI_Small_Cap,SBI Mutual Fund
28-10-2015,32.42960,125494,SBI_Small_Cap,SBI Mutual Fund
27-10-2015,32.49710,125494,SBI_Small_Cap,SBI Mutual Fund
26-10-2015,32.36120,125494,SBI_Small_Cap,SBI Mutual Fund
23-10-2015,32.62110,125494,SBI_Small_Cap,SBI Mutual Fund
21-10-2015,32.72010,125494,SBI_Small_Cap,SBI Mutual Fund
20-10-2015,32.65710,125494,SBI_Small_Cap,SBI Mutual Fund
19-10-2015,32.42090,125494,SBI_Small_Cap,SBI Mutual Fund
16-10-2015,32.22090,125494,SBI_Small_Cap,SBI Mutual Fund
15-10-2015,32.19020,125494,SBI_Small_Cap,SBI Mutual Fund
14-10-2015,31.97410,125494,SBI_Small_Cap,SBI Mutual Fund
13-10-2015,31.96160,125494,SBI_Small_Cap,SBI Mutual Fund
12-10-2015,31.90170,125494,SBI_Small_Cap,SBI Mutual Fund
09-10-2015,31.98050,125494,SBI_Small_Cap,SBI Mutual Fund
08-10-2015,31.91960,125494,SBI_Small_Cap,SBI Mutual Fund
07-10-2015,31.78350,125494,SBI_Small_Cap,SBI Mutual Fund
06-10-2015,31.64010,125494,SBI_Small_Cap,SBI Mutual Fund
05-10-2015,31.63370,125494,SBI_Small_Cap,SBI Mutual Fund
01-10-2015,31.19200,125494,SBI_Small_Cap,SBI Mutual Fund
30-09-2015,31.11010,125494,SBI_Small_Cap,SBI Mutual Fund
29-09-2015,30.72920,125494,SBI_Small_Cap,SBI Mutual Fund
28-09-2015,30.78910,125494,SBI_Small_Cap,SBI Mutual Fund
24-09-2015,30.78220,125494,SBI_Small_Cap,SBI Mutual Fund
23-09-2015,30.87630,125494,SBI_Small_Cap,SBI Mutual Fund
22-09-2015,30.78580,125494,SBI_Small_Cap,SBI Mutual Fund
21-09-2015,31.05790,125494,SBI_Small_Cap,SBI Mutual Fund
18-09-2015,30.92860,125494,SBI_Small_Cap,SBI Mutual Fund
16-09-2015,30.60790,125494,SBI_Small_Cap,SBI Mutual Fund
15-09-2015,30.71150,125494,SBI_Small_Cap,SBI Mutual Fund
14-09-2015,30.82990,125494,SBI_Small_Cap,SBI Mutual Fund
11-09-2015,30.57680,125494,SBI_Small_Cap,SBI Mutual Fund
10-09-2015,30.45250,125494,SBI_Small_Cap,SBI Mutual Fund
09-09-2015,30.37810,125494,SBI_Small_Cap,SBI Mutual Fund
08-09-2015,30.02910,125494,SBI_Small_Cap,SBI Mutual Fund
07-09-2015,30.10190,125494,SBI_Small_Cap,SBI Mutual Fund
04-09-2015,30.49220,125494,SBI_Small_Cap,SBI Mutual Fund
03-09-2015,30.76440,125494,SBI_Small_Cap,SBI Mutual Fund
02-09-2015,30.57020,125494,SBI_Small_Cap,SBI Mutual Fund
01-09-2015,30.61600,125494,SBI_Small_Cap,SBI Mutual Fund
31-08-2015,31.17580,125494,SBI_Small_Cap,SBI Mutual Fund
28-08-2015,31.27820,125494,SBI_Small_Cap,SBI Mutual Fund
27-08-2015,31.39910,125494,SBI_Small_Cap,SBI Mutual Fund
26-08-2015,30.47010,125494,SBI_Small_Cap,SBI Mutual Fund
25-08-2015,30.40840,125494,SBI_Small_Cap,SBI Mutual Fund
24-08-2015,30.46940,125494,SBI_Small_Cap,SBI Mutual Fund
21-08-2015,32.32110,125494,SBI_Small_Cap,SBI Mutual Fund
20-08-2015,32.40470,125494,SBI_Small_Cap,SBI Mutual Fund
19-08-2015,33.02260,125494,SBI_Small_Cap,SBI Mutual Fund
18-08-2015,32.81320,125494,SBI_Small_Cap,SBI Mutual Fund
17-08-2015,32.51000,125494,SBI_Small_Cap,SBI Mutual Fund
14-08-2015,32.34640,125494,SBI_Small_Cap,SBI Mutual Fund
13-08-2015,31.89720,125494,SBI_Small_Cap,SBI Mutual Fund
12-08-2015,32.00130,125494,SBI_Small_Cap,SBI Mutual Fund
11-08-2015,32.52030,125494,SBI_Small_Cap,SBI Mutual Fund
10-08-2015,32.93970,125494,SBI_Small_Cap,SBI Mutual Fund
07-08-2015,32.91740,125494,SBI_Small_Cap,SBI Mutual Fund
06-08-2015,32.91250,125494,SBI_Small_Cap,SBI Mutual Fund
05-08-2015,33.29780,125494,SBI_Small_Cap,SBI Mutual Fund
04-08-2015,33.31240,125494,SBI_Small_Cap,SBI Mutual Fund
03-08-2015,33.07190,125494,SBI_Small_Cap,SBI Mutual Fund
31-07-2015,32.88260,125494,SBI_Small_Cap,SBI Mutual Fund
30-07-2015,32.41140,125494,SBI_Small_Cap,SBI Mutual Fund
29-07-2015,32.34860,125494,SBI_Small_Cap,SBI Mutual Fund
28-07-2015,32.24900,125494,SBI_Small_Cap,SBI Mutual Fund
27-07-2015,32.37690,125494,SBI_Small_Cap,SBI Mutual Fund
24-07-2015,32.41480,125494,SBI_Small_Cap,SBI Mutual Fund
23-07-2015,32.72830,125494,SBI_Small_Cap,SBI Mutual Fund
22-07-2015,32.41650,125494,SBI_Small_Cap,SBI Mutual Fund
21-07-2015,32.25180,125494,SBI_Small_Cap,SBI Mutual Fund
20-07-2015,32.73540,125494,SBI_Small_Cap,SBI Mutual Fund
17-07-2015,32.59450,125494,SBI_Small_Cap,SBI Mutual Fund
16-07-2015,32.58050,125494,SBI_Small_Cap,SBI Mutual Fund
15-07-2015,32.24100,125494,SBI_Small_Cap,SBI Mutual Fund
14-07-2015,32.01780,125494,SBI_Small_Cap,SBI Mutual Fund
13-07-2015,32.13860,125494,SBI_Small_Cap,SBI Mutual Fund
10-07-2015,32.08920,125494,SBI_Small_Cap,SBI Mutual Fund
09-07-2015,31.98080,125494,SBI_Small_Cap,SBI Mutual Fund
08-07-2015,31.95140,125494,SBI_Small_Cap,SBI Mutual Fund
07-07-2015,32.12300,125494,SBI_Small_Cap,SBI Mutual Fund
06-07-2015,31.71280,125494,SBI_Small_Cap,SBI Mutual Fund
03-07-2015,31.04910,125494,SBI_Small_Cap,SBI Mutual Fund
02-07-2015,30.83980,125494,SBI_Small_Cap,SBI Mutual Fund
01-07-2015,30.73560,125494,SBI_Small_Cap,SBI Mutual Fund
30-06-2015,30.43900,125494,SBI_Small_Cap,SBI Mutual Fund
29-06-2015,29.95390,125494,SBI_Small_Cap,SBI Mutual Fund
26-06-2015,30.33020,125494,SBI_Small_Cap,SBI Mutual Fund
25-06-2015,30.36190,125494,SBI_Small_Cap,SBI Mutual Fund
24-06-2015,30.30360,125494,SBI_Small_Cap,SBI Mutual Fund
23-06-2015,30.20100,125494,SBI_Small_Cap,SBI Mutual Fund
22-06-2015,30.06080,125494,SBI_Small_Cap,SBI Mutual Fund
19-06-2015,29.88920,125494,SBI_Small_Cap,SBI Mutual Fund
18-06-2015,29.79140,125494,SBI_Small_Cap,SBI Mutual Fund
17-06-2015,29.35390,125494,SBI_Small_Cap,SBI Mutual Fund
16-06-2015,28.84330,125494,SBI_Small_Cap,SBI Mutual Fund
15-06-2015,28.85140,125494,SBI_Small_Cap,SBI Mutual Fund
12-06-2015,28.63030,125494,SBI_Small_Cap,SBI Mutual Fund
11-06-2015,28.55090,125494,SBI_Small_Cap,SBI Mutual Fund
10-06-2015,28.97320,125494,SBI_Small_Cap,SBI Mutual Fund
09-06-2015,28.56110,125494,SBI_Small_Cap,SBI Mutual Fund
08-06-2015,28.75530,125494,SBI_Small_Cap,SBI Mutual Fund
05-06-2015,29.05750,125494,SBI_Small_Cap,SBI Mutual Fund
04-06-2015,28.80190,125494,SBI_Small_Cap,SBI Mutual Fund
03-06-2015,28.89740,125494,SBI_Small_Cap,SBI Mutual Fund
02-06-2015,29.23880,125494,SBI_Small_Cap,SBI Mutual Fund
01-06-2015,29.64880,125494,SBI_Small_Cap,SBI Mutual Fund
29-05-2015,29.87060,125494,SBI_Small_Cap,SBI Mutual Fund
28-05-2015,29.70600,125494,SBI_Small_Cap,SBI Mutual Fund
27-05-2015,29.69150,125494,SBI_Small_Cap,SBI Mutual Fund
26-05-2015,29.89690,125494,SBI_Small_Cap,SBI Mutual Fund
25-05-2015,30.02700,125494,SBI_Small_Cap,SBI Mutual Fund
22-05-2015,30.24030,125494,SBI_Small_Cap,SBI Mutual Fund
21-05-2015,30.21820,125494,SBI_Small_Cap,SBI Mutual Fund
20-05-2015,30.27600,125494,SBI_Small_Cap,SBI Mutual Fund
19-05-2015,30.35490,125494,SBI_Small_Cap,SBI Mutual Fund
18-05-2015,30.50270,125494,SBI_Small_Cap,SBI Mutual Fund
15-05-2015,30.44540,125494,SBI_Small_Cap,SBI Mutual Fund
14-05-2015,29.90790,125494,SBI_Small_Cap,SBI Mutual Fund
13-05-2015,29.81590,125494,SBI_Small_Cap,SBI Mutual Fund
12-05-2015,29.55380,125494,SBI_Small_Cap,SBI Mutual Fund
11-05-2015,30.00830,125494,SBI_Small_Cap,SBI Mutual Fund
08-05-2015,29.26630,125494,SBI_Small_Cap,SBI Mutual Fund
07-05-2015,28.83940,125494,SBI_Small_Cap,SBI Mutual Fund
06-05-2015,29.41250,125494,SBI_Small_Cap,SBI Mutual Fund
05-05-2015,30.06190,125494,SBI_Small_Cap,SBI Mutual Fund
04-05-2015,29.97850,125494,SBI_Small_Cap,SBI Mutual Fund
30-04-2015,29.53810,125494,SBI_Small_Cap,SBI Mutual Fund
29-04-2015,29.53880,125494,SBI_Small_Cap,SBI Mutual Fund
28-04-2015,29.14880,125494,SBI_Small_Cap,SBI Mutual Fund
27-04-2015,29.07240,125494,SBI_Small_Cap,SBI Mutual Fund
24-04-2015,29.63190,125494,SBI_Small_Cap,SBI Mutual Fund
23-04-2015,30.34300,125494,SBI_Small_Cap,SBI Mutual Fund
22-04-2015,30.42320,125494,SBI_Small_Cap,SBI Mutual Fund
21-04-2015,30.40470,125494,SBI_Small_Cap,SBI Mutual Fund
20-04-2015,30.45800,125494,SBI_Small_Cap,SBI Mutual Fund
17-04-2015,31.16560,125494,SBI_Small_Cap,SBI Mutual Fund
16-04-2015,31.28310,125494,SBI_Small_Cap,SBI Mutual Fund
15-04-2015,31.24980,125494,SBI_Small_Cap,SBI Mutual Fund
13-04-2015,31.11850,125494,SBI_Small_Cap,SBI Mutual Fund
10-04-2015,30.72240,125494,SBI_Small_Cap,SBI Mutual Fund
09-04-2015,30.63930,125494,SBI_Small_Cap,SBI Mutual Fund
08-04-2015,30.21600,125494,SBI_Small_Cap,SBI Mutual Fund
07-04-2015,29.71180,125494,SBI_Small_Cap,SBI Mutual Fund
06-04-2015,29.57830,125494,SBI_Small_Cap,SBI Mutual Fund
01-04-2015,29.22740,125494,SBI_Small_Cap,SBI Mutual Fund
31-03-2015,28.77700,125494,SBI_Small_Cap,SBI Mutual Fund
30-03-2015,28.70730,125494,SBI_Small_Cap,SBI Mutual Fund
27-03-2015,28.00850,125494,SBI_Small_Cap,SBI Mutual Fund
26-03-2015,27.89120,125494,SBI_Small_Cap,SBI Mutual Fund
25-03-2015,28.29440,125494,SBI_Small_Cap,SBI Mutual Fund
24-03-2015,28.28870,125494,SBI_Small_Cap,SBI Mutual Fund
23-03-2015,28.36960,125494,SBI_Small_Cap,SBI Mutual Fund
20-03-2015,28.84470,125494,SBI_Small_Cap,SBI Mutual Fund
19-03-2015,29.26490,125494,SBI_Small_Cap,SBI Mutual Fund
18-03-2015,29.45740,125494,SBI_Small_Cap,SBI Mutual Fund
17-03-2015,29.50140,125494,SBI_Small_Cap,SBI Mutual Fund
16-03-2015,29.62110,125494,SBI_Small_Cap,SBI Mutual Fund
13-03-2015,29.70370,125494,SBI_Small_Cap,SBI Mutual Fund
12-03-2015,30.12290,125494,SBI_Small_Cap,SBI Mutual Fund
11-03-2015,29.88030,125494,SBI_Small_Cap,SBI Mutual Fund
10-03-2015,29.81760,125494,SBI_Small_Cap,SBI Mutual Fund
09-03-2015,29.87670,125494,SBI_Small_Cap,SBI Mutual Fund
05-03-2015,30.08810,125494,SBI_Small_Cap,SBI Mutual Fund
04-03-2015,30.08130,125494,SBI_Small_Cap,SBI Mutual Fund
03-03-2015,30.24900,125494,SBI_Small_Cap,SBI Mutual Fund
02-03-2015,29.97220,125494,SBI_Small_Cap,SBI Mutual Fund
27-02-2015,29.68530,125494,SBI_Small_Cap,SBI Mutual Fund
26-02-2015,29.41570,125494,SBI_Small_Cap,SBI Mutual Fund
25-02-2015,29.57210,125494,SBI_Small_Cap,SBI Mutual Fund
24-02-2015,29.67980,125494,SBI_Small_Cap,SBI Mutual Fund
23-02-2015,29.78370,125494,SBI_Small_Cap,SBI Mutual Fund
20-02-2015,30.14520,125494,SBI_Small_Cap,SBI Mutual Fund
19-02-2015,30.07840,125494,SBI_Small_Cap,SBI Mutual Fund
18-02-2015,30.14720,125494,SBI_Small_Cap,SBI Mutual Fund
16-02-2015,29.99960,125494,SBI_Small_Cap,SBI Mutual Fund
13-02-2015,29.75700,125494,SBI_Small_Cap,SBI Mutual Fund
12-02-2015,29.73500,125494,SBI_Small_Cap,SBI Mutual Fund
11-02-2015,29.38930,125494,SBI_Small_Cap,SBI Mutual Fund
10-02-2015,29.06600,125494,SBI_Small_Cap,SBI Mutual Fund
09-02-2015,28.88910,125494,SBI_Small_Cap,SBI Mutual Fund
06-02-2015,29.22730,125494,SBI_Small_Cap,SBI Mutual Fund
05-02-2015,29.74310,125494,SBI_Small_Cap,SBI Mutual Fund
04-02-2015,30.14830,125494,SBI_Small_Cap,SBI Mutual Fund
03-02-2015,30.24890,125494,SBI_Small_Cap,SBI Mutual Fund
02-02-2015,30.09270,125494,SBI_Small_Cap,SBI Mutual Fund
30-01-2015,30.07520,125494,SBI_Small_Cap,SBI Mutual Fund
29-01-2015,30.22550,125494,SBI_Small_Cap,SBI Mutual Fund
28-01-2015,30.26590,125494,SBI_Small_Cap,SBI Mutual Fund
27-01-2015,30.05330,125494,SBI_Small_Cap,SBI Mutual Fund
23-01-2015,29.97920,125494,SBI_Small_Cap,SBI Mutual Fund
22-01-2015,30.19610,125494,SBI_Small_Cap,SBI Mutual Fund
21-01-2015,30.19880,125494,SBI_Small_Cap,SBI Mutual Fund
20-01-2015,30.30250,125494,SBI_Small_Cap,SBI Mutual Fund
19-01-2015,30.00740,125494,SBI_Small_Cap,SBI Mutual Fund
16-01-2015,29.23600,125494,SBI_Small_Cap,SBI Mutual Fund
15-01-2015,29.20730,125494,SBI_Small_Cap,SBI Mutual Fund
14-01-2015,29.01530,125494,SBI_Small_Cap,SBI Mutual Fund
13-01-2015,28.95330,125494,SBI_Small_Cap,SBI Mutual Fund
12-01-2015,28.98630,125494,SBI_Small_Cap,SBI Mutual Fund
09-01-2015,28.80500,125494,SBI_Small_Cap,SBI Mutual Fund
08-01-2015,28.75600,125494,SBI_Small_Cap,SBI Mutual Fund
07-01-2015,28.26730,125494,SBI_Small_Cap,SBI Mutual Fund
06-01-2015,28.10260,125494,SBI_Small_Cap,SBI Mutual Fund
05-01-2015,28.82870,125494,SBI_Small_Cap,SBI Mutual Fund
02-01-2015,28.95210,125494,SBI_Small_Cap,SBI Mutual Fund
01-01-2015,28.89590,125494,SBI_Small_Cap,SBI Mutual Fund
31-12-2014,28.74070,125494,SBI_Small_Cap,SBI Mutual Fund
30-12-2014,28.13090,125494,SBI_Small_Cap,SBI Mutual Fund
29-12-2014,27.66760,125494,SBI_Small_Cap,SBI Mutual Fund
26-12-2014,27.10210,125494,SBI_Small_Cap,SBI Mutual Fund
24-12-2014,27.03600,125494,SBI_Small_Cap,SBI Mutual Fund
23-12-2014,26.99440,125494,SBI_Small_Cap,SBI Mutual Fund
22-12-2014,27.00760,125494,SBI_Small_Cap,SBI Mutual Fund
19-12-2014,26.73210,125494,SBI_Small_Cap,SBI Mutual Fund
18-12-2014,26.66360,125494,SBI_Small_Cap,SBI Mutual Fund
17-12-2014,25.88540,125494,SBI_Small_Cap,SBI Mutual Fund
16-12-2014,26.37600,125494,SBI_Small_Cap,SBI Mutual Fund
15-12-2014,26.93000,125494,SBI_Small_Cap,SBI Mutual Fund
12-12-2014,27.02220,125494,SBI_Small_Cap,SBI Mutual Fund
11-12-2014,27.31410,125494,SBI_Small_Cap,SBI Mutual Fund
10-12-2014,26.87300,125494,SBI_Small_Cap,SBI Mutual Fund
09-12-2014,26.61440,125494,SBI_Small_Cap,SBI Mutual Fund
08-12-2014,27.09690,125494,SBI_Small_Cap,SBI Mutual Fund
05-12-2014,26.92320,125494,SBI_Small_Cap,SBI Mutual Fund
04-12-2014,26.93020,125494,SBI_Small_Cap,SBI Mutual Fund
03-12-2014,26.66300,125494,SBI_Small_Cap,SBI Mutual Fund
02-12-2014,26.19420,125494,SBI_Small_Cap,SBI Mutual Fund
01-12-2014,25.81740,125494,SBI_Small_Cap,SBI Mutual Fund
28-11-2014,25.85070,125494,SBI_Small_Cap,SBI Mutual Fund
27-11-2014,25.63630,125494,SBI_Small_Cap,SBI Mutual Fund
26-11-2014,25.28270,125494,SBI_Small_Cap,SBI Mutual Fund
25-11-2014,25.01690,125494,SBI_Small_Cap,SBI Mutual Fund
24-11-2014,25.51530,125494,SBI_Small_Cap,SBI Mutual Fund
21-11-2014,25.60990,125494,SBI_Small_Cap,SBI Mutual Fund
20-11-2014,25.51540,125494,SBI_Small_Cap,SBI Mutual Fund
19-11-2014,25.68560,125494,SBI_Small_Cap,SBI Mutual Fund
18-11-2014,25.62620,125494,SBI_Small_Cap,SBI Mutual Fund
17-11-2014,25.36810,125494,SBI_Small_Cap,SBI Mutual Fund
14-11-2014,25.10420,125494,SBI_Small_Cap,SBI Mutual Fund
13-11-2014,25.01030,125494,SBI_Small_Cap,SBI Mutual Fund
12-11-2014,24.86550,125494,SBI_Small_Cap,SBI Mutual Fund
11-11-2014,24.56530,125494,SBI_Small_Cap,SBI Mutual Fund
10-11-2014,24.35860,125494,SBI_Small_Cap,SBI Mutual Fund
07-11-2014,24.22080,125494,SBI_Small_Cap,SBI Mutual Fund
05-11-2014,24.31370,125494,SBI_Small_Cap,SBI Mutual Fund
03-11-2014,24.22210,125494,SBI_Small_Cap,SBI Mutual Fund
31-10-2014,23.96680,125494,SBI_Small_Cap,SBI Mutual Fund
30-10-2014,23.89230,125494,SBI_Small_Cap,SBI Mutual Fund
29-10-2014,23.87590,125494,SBI_Small_Cap,SBI Mutual Fund
28-10-2014,23.74680,125494,SBI_Small_Cap,SBI Mutual Fund
27-10-2014,23.58430,125494,SBI_Small_Cap,SBI Mutual Fund
22-10-2014,23.49610,125494,SBI_Small_Cap,SBI Mutual Fund
21-10-2014,23.22220,125494,SBI_Small_Cap,SBI Mutual Fund
20-10-2014,23.07630,125494,SBI_Small_Cap,SBI Mutual Fund
17-10-2014,23.03980,125494,SBI_Small_Cap,SBI Mutual Fund
16-10-2014,22.96590,125494,SBI_Small_Cap,SBI Mutual Fund
14-10-2014,23.40000,125494,SBI_Small_Cap,SBI Mutual Fund
13-10-2014,23.50800,125494,SBI_Small_Cap,SBI Mutual Fund
10-10-2014,23.42990,125494,SBI_Small_Cap,SBI Mutual Fund
09-10-2014,23.76700,125494,SBI_Small_Cap,SBI Mutual Fund
08-10-2014,23.74750,125494,SBI_Small_Cap,SBI Mutual Fund
07-10-2014,23.61250,125494,SBI_Small_Cap,SBI Mutual Fund
01-10-2014,23.85070,125494,SBI_Small_Cap,SBI Mutual Fund
30-09-2014,23.98820,125494,SBI_Small_Cap,SBI Mutual Fund
29-09-2014,23.68800,125494,SBI_Small_Cap,SBI Mutual Fund
26-09-2014,23.39220,125494,SBI_Small_Cap,SBI Mutual Fund
25-09-2014,23.31410,125494,SBI_Small_Cap,SBI Mutual Fund
24-09-2014,23.85000,125494,SBI_Small_Cap,SBI Mutual Fund
23-09-2014,24.21660,125494,SBI_Small_Cap,SBI Mutual Fund
22-09-2014,24.65710,125494,SBI_Small_Cap,SBI Mutual Fund
19-09-2014,24.34850,125494,SBI_Small_Cap,SBI Mutual Fund
18-09-2014,24.29370,125494,SBI_Small_Cap,SBI Mutual Fund
17-09-2014,23.90710,125494,SBI_Small_Cap,SBI Mutual Fund
16-09-2014,23.77610,125494,SBI_Small_Cap,SBI Mutual Fund
15-09-2014,24.44590,125494,SBI_Small_Cap,SBI Mutual Fund
12-09-2014,24.32580,125494,SBI_Small_Cap,SBI Mutual Fund
11-09-2014,24.11450,125494,SBI_Small_Cap,SBI Mutual Fund
10-09-2014,23.59780,125494,SBI_Small_Cap,SBI Mutual Fund
09-09-2014,23.40010,125494,SBI_Small_Cap,SBI Mutual Fund
08-09-2014,23.03010,125494,SBI_Small_Cap,SBI Mutual Fund
05-09-2014,22.68900,125494,SBI_Small_Cap,SBI Mutual Fund
04-09-2014,22.59460,125494,SBI_Small_Cap,SBI Mutual Fund
03-09-2014,22.57150,125494,SBI_Small_Cap,SBI Mutual Fund
02-09-2014,22.38020,125494,SBI_Small_Cap,SBI Mutual Fund
01-09-2014,22.26390,125494,SBI_Small_Cap,SBI Mutual Fund
28-08-2014,21.91300,125494,SBI_Small_Cap,SBI Mutual Fund
27-08-2014,21.81990,125494,SBI_Small_Cap,SBI Mutual Fund
26-08-2014,21.41830,125494,SBI_Small_Cap,SBI Mutual Fund
25-08-2014,21.48010,125494,SBI_Small_Cap,SBI Mutual Fund
22-08-2014,21.64850,125494,SBI_Small_Cap,SBI Mutual Fund
21-08-2014,21.56460,125494,SBI_Small_Cap,SBI Mutual Fund
20-08-2014,21.26620,125494,SBI_Small_Cap,SBI Mutual Fund
19-08-2014,20.95690,125494,SBI_Small_Cap,SBI Mutual Fund
18-08-2014,20.70780,125494,SBI_Small_Cap,SBI Mutual Fund
14-08-2014,20.39730,125494,SBI_Small_Cap,SBI Mutual Fund
13-08-2014,20.19610,125494,SBI_Small_Cap,SBI Mutual Fund
12-08-2014,20.72060,125494,SBI_Small_Cap,SBI Mutual Fund
11-08-2014,20.79760,125494,SBI_Small_Cap,SBI Mutual Fund
08-08-2014,20.67670,125494,SBI_Small_Cap,SBI Mutual Fund
07-08-2014,20.90650,125494,SBI_Small_Cap,SBI Mutual Fund
06-08-2014,20.97660,125494,SBI_Small_Cap,SBI Mutual Fund
05-08-2014,20.95000,125494,SBI_Small_Cap,SBI Mutual Fund
04-08-2014,20.91420,125494,SBI_Small_Cap,SBI Mutual Fund
01-08-2014,20.60490,125494,SBI_Small_Cap,SBI Mutual Fund
31-07-2014,20.84080,125494,SBI_Small_Cap,SBI Mutual Fund
30-07-2014,20.82590,125494,SBI_Small_Cap,SBI Mutual Fund
28-07-2014,20.90190,125494,SBI_Small_Cap,SBI Mutual Fund
25-07-2014,20.92790,125494,SBI_Small_Cap,SBI Mutual Fund
24-07-2014,21.09950,125494,SBI_Small_Cap,SBI Mutual Fund
23-07-2014,21.01940,125494,SBI_Small_Cap,SBI Mutual Fund
22-07-2014,21.14180,125494,SBI_Small_Cap,SBI Mutual Fund
21-07-2014,21.06020,125494,SBI_Small_Cap,SBI Mutual Fund
18-07-2014,20.61840,125494,SBI_Small_Cap,SBI Mutual Fund
17-07-2014,20.68620,125494,SBI_Small_Cap,SBI Mutual Fund
16-07-2014,20.21700,125494,SBI_Small_Cap,SBI Mutual Fund
15-07-2014,19.78270,125494,SBI_Small_Cap,SBI Mutual Fund
14-07-2014,19.57940,125494,SBI_Small_Cap,SBI Mutual Fund
11-07-2014,19.63940,125494,SBI_Small_Cap,SBI Mutual Fund
10-07-2014,19.98290,125494,SBI_Small_Cap,SBI Mutual Fund
09-07-2014,19.95250,125494,SBI_Small_Cap,SBI Mutual Fund
08-07-2014,20.24420,125494,SBI_Small_Cap,SBI Mutual Fund
07-07-2014,20.77540,125494,SBI_Small_Cap,SBI Mutual Fund
04-07-2014,20.58070,125494,SBI_Small_Cap,SBI Mutual Fund
03-07-2014,20.33400,125494,SBI_Small_Cap,SBI Mutual Fund
02-07-2014,20.19640,125494,SBI_Small_Cap,SBI Mutual Fund
01-07-2014,20.01730,125494,SBI_Small_Cap,SBI Mutual Fund
30-06-2014,19.86630,125494,SBI_Small_Cap,SBI Mutual Fund
27-06-2014,19.47080,125494,SBI_Small_Cap,SBI Mutual Fund
26-06-2014,19.32280,125494,SBI_Small_Cap,SBI Mutual Fund
25-06-2014,19.11230,125494,SBI_Small_Cap,SBI Mutual Fund
24-06-2014,19.00750,125494,SBI_Small_Cap,SBI Mutual Fund
23-06-2014,18.92450,125494,SBI_Small_Cap,SBI Mutual Fund
20-06-2014,18.98120,125494,SBI_Small_Cap,SBI Mutual Fund
19-06-2014,18.96640,125494,SBI_Small_Cap,SBI Mutual Fund
18-06-2014,19.02890,125494,SBI_Small_Cap,SBI Mutual Fund
17-06-2014,18.81640,125494,SBI_Small_Cap,SBI Mutual Fund
16-06-2014,18.53560,125494,SBI_Small_Cap,SBI Mutual Fund
13-06-2014,18.57420,125494,SBI_Small_Cap,SBI Mutual Fund
12-06-2014,18.74510,125494,SBI_Small_Cap,SBI Mutual Fund
11-06-2014,18.57440,125494,SBI_Small_Cap,SBI Mutual Fund
10-06-2014,18.78050,125494,SBI_Small_Cap,SBI Mutual Fund
09-06-2014,18.63100,125494,SBI_Small_Cap,SBI Mutual Fund
06-06-2014,18.36540,125494,SBI_Small_Cap,SBI Mutual Fund
05-06-2014,18.09290,125494,SBI_Small_Cap,SBI Mutual Fund
04-06-2014,17.87240,125494,SBI_Small_Cap,SBI Mutual Fund
03-06-2014,17.56330,125494,SBI_Small_Cap,SBI Mutual Fund
02-06-2014,17.56420,125494,SBI_Small_Cap,SBI Mutual Fund
30-05-2014,17.43840,125494,SBI_Small_Cap,SBI Mutual Fund
29-05-2014,17.47980,125494,SBI_Small_Cap,SBI Mutual Fund
28-05-2014,17.53990,125494,SBI_Small_Cap,SBI Mutual Fund
27-05-2014,17.26580,125494,SBI_Small_Cap,SBI Mutual Fund
26-05-2014,17.11530,125494,SBI_Small_Cap,SBI Mutual Fund
23-05-2014,17.42120,125494,SBI_Small_Cap,SBI Mutual Fund
22-05-2014,17.47460,125494,SBI_Small_Cap,SBI Mutual Fund
21-05-2014,17.20550,125494,SBI_Small_Cap,SBI Mutual Fund
20-05-2014,16.92220,125494,SBI_Small_Cap,SBI Mutual Fund
19-05-2014,16.48830,125494,SBI_Small_Cap,SBI Mutual Fund
16-05-2014,16.18990,125494,SBI_Small_Cap,SBI Mutual Fund
15-05-2014,16.12950,125494,SBI_Small_Cap,SBI Mutual Fund
14-05-2014,16.24140,125494,SBI_Small_Cap,SBI Mutual Fund
13-05-2014,16.17360,125494,SBI_Small_Cap,SBI Mutual Fund
12-05-2014,16.09260,125494,SBI_Small_Cap,SBI Mutual Fund
09-05-2014,16.12380,125494,SBI_Small_Cap,SBI Mutual Fund
08-05-2014,16.11770,125494,SBI_Small_Cap,SBI Mutual Fund
07-05-2014,16.06150,125494,SBI_Small_Cap,SBI Mutual Fund
06-05-2014,16.06130,125494,SBI_Small_Cap,SBI Mutual Fund
05-05-2014,16.00610,125494,SBI_Small_Cap,SBI Mutual Fund
02-05-2014,16.03850,125494,SBI_Small_Cap,SBI Mutual Fund
30-04-2014,16.05470,125494,SBI_Small_Cap,SBI Mutual Fund
29-04-2014,16.28300,125494,SBI_Small_Cap,SBI Mutual Fund
28-04-2014,16.24530,125494,SBI_Small_Cap,SBI Mutual Fund
25-04-2014,16.13300,125494,SBI_Small_Cap,SBI Mutual Fund
23-04-2014,16.09870,125494,SBI_Small_Cap,SBI Mutual Fund
22-04-2014,16.05490,125494,SBI_Small_Cap,SBI Mutual Fund
21-04-2014,15.92560,125494,SBI_Small_Cap,SBI Mutual Fund
17-04-2014,15.83470,125494,SBI_Small_Cap,SBI Mutual Fund
16-04-2014,15.70210,125494,SBI_Small_Cap,SBI Mutual Fund
15-04-2014,15.82620,125494,SBI_Small_Cap,SBI Mutual Fund
11-04-2014,15.74950,125494,SBI_Small_Cap,SBI Mutual Fund
10-04-2014,15.65330,125494,SBI_Small_Cap,SBI Mutual Fund
09-04-2014,15.64260,125494,SBI_Small_Cap,SBI Mutual Fund
07-04-2014,15.59530,125494,SBI_Small_Cap,SBI Mutual Fund
04-04-2014,15.52830,125494,SBI_Small_Cap,SBI Mutual Fund
03-04-2014,15.37610,125494,SBI_Small_Cap,SBI Mutual Fund
02-04-2014,15.40090,125494,SBI_Small_Cap,SBI Mutual Fund
01-04-2014,15.20030,125494,SBI_Small_Cap,SBI Mutual Fund
31-03-2014,15.15370,125494,SBI_Small_Cap,SBI Mutual Fund
28-03-2014,15.04890,125494,SBI_Small_Cap,SBI Mutual Fund
27-03-2014,14.89660,125494,SBI_Small_Cap,SBI Mutual Fund
26-03-2014,14.89830,125494,SBI_Small_Cap,SBI Mutual Fund
25-03-2014,14.89840,125494,SBI_Small_Cap,SBI Mutual Fund
24-03-2014,14.86520,125494,SBI_Small_Cap,SBI Mutual Fund
21-03-2014,14.82200,125494,SBI_Small_Cap,SBI Mutual Fund
20-03-2014,14.68900,125494,SBI_Small_Cap,SBI Mutual Fund
19-03-2014,14.59730,125494,SBI_Small_Cap,SBI Mutual Fund
18-03-2014,14.68120,125494,SBI_Small_Cap,SBI Mutual Fund
14-03-2014,14.54000,125494,SBI_Small_Cap,SBI Mutual Fund
13-03-2014,14.59930,125494,SBI_Small_Cap,SBI Mutual Fund
12-03-2014,14.60460,125494,SBI_Small_Cap,SBI Mutual Fund
11-03-2014,14.53290,125494,SBI_Small_Cap,SBI Mutual Fund
10-03-2014,14.44650,125494,SBI_Small_Cap,SBI Mutual Fund
07-03-2014,14.41760,125494,SBI_Small_Cap,SBI Mutual Fund
06-03-2014,14.55710,125494,SBI_Small_Cap,SBI Mutual Fund
05-03-2014,14.43530,125494,SBI_Small_Cap,SBI Mutual Fund
04-03-2014,14.30830,125494,SBI_Small_Cap,SBI Mutual Fund
03-03-2014,14.16830,125494,SBI_Small_Cap,SBI Mutual Fund
28-02-2014,14.10460,125494,SBI_Small_Cap,SBI Mutual Fund
26-02-2014,14.06840,125494,SBI_Small_Cap,SBI Mutual Fund
25-02-2014,14.16510,125494,SBI_Small_Cap,SBI Mutual Fund
24-02-2014,14.08610,125494,SBI_Small_Cap,SBI Mutual Fund
21-02-2014,13.93450,125494,SBI_Small_Cap,SBI Mutual Fund
20-02-2014,13.79010,125494,SBI_Small_Cap,SBI Mutual Fund
19-02-2014,13.70080,125494,SBI_Small_Cap,SBI Mutual Fund
18-02-2014,13.58100,125494,SBI_Small_Cap,SBI Mutual Fund
17-02-2014,13.54370,125494,SBI_Small_Cap,SBI Mutual Fund
14-02-2014,13.49740,125494,SBI_Small_Cap,SBI Mutual Fund
13-02-2014,13.58020,125494,SBI_Small_Cap,SBI Mutual Fund
12-02-2014,13.58990,125494,SBI_Small_Cap,SBI Mutual Fund
11-02-2014,13.60100,125494,SBI_Small_Cap,SBI Mutual Fund
10-02-2014,13.64280,125494,SBI_Small_Cap,SBI Mutual Fund
07-02-2014,13.45980,125494,SBI_Small_Cap,SBI Mutual Fund
06-02-2014,13.49290,125494,SBI_Small_Cap,SBI Mutual Fund
05-02-2014,13.44830,125494,SBI_Small_Cap,SBI Mutual Fund
04-02-2014,13.37770,125494,SBI_Small_Cap,SBI Mutual Fund
03-02-2014,13.40550,125494,SBI_Small_Cap,SBI Mutual Fund
31-01-2014,13.51200,125494,SBI_Small_Cap,SBI Mutual Fund
30-01-2014,13.37320,125494,SBI_Small_Cap,SBI Mutual Fund
29-01-2014,13.40490,125494,SBI_Small_Cap,SBI Mutual Fund
28-01-2014,13.47480,125494,SBI_Small_Cap,SBI Mutual Fund
27-01-2014,13.58940,125494,SBI_Small_Cap,SBI Mutual Fund
24-01-2014,13.77480,125494,SBI_Small_Cap,SBI Mutual Fund
23-01-2014,13.85940,125494,SBI_Small_Cap,SBI Mutual Fund
22-01-2014,13.83690,125494,SBI_Small_Cap,SBI Mutual Fund
21-01-2014,13.77310,125494,SBI_Small_Cap,SBI Mutual Fund
20-01-2014,13.72340,125494,SBI_Small_Cap,SBI Mutual Fund
17-01-2014,13.69400,125494,SBI_Small_Cap,SBI Mutual Fund
16-01-2014,13.91300,125494,SBI_Small_Cap,SBI Mutual Fund
15-01-2014,13.92990,125494,SBI_Small_Cap,SBI Mutual Fund
14-01-2014,13.73540,125494,SBI_Small_Cap,SBI Mutual Fund
13-01-2014,13.70210,125494,SBI_Small_Cap,SBI Mutual Fund
10-01-2014,13.72610,125494,SBI_Small_Cap,SBI Mutual Fund
09-01-2014,13.77620,125494,SBI_Small_Cap,SBI Mutual Fund
08-01-2014,13.91940,125494,SBI_Small_Cap,SBI Mutual Fund
07-01-2014,13.83350,125494,SBI_Small_Cap,SBI Mutual Fund
06-01-2014,13.76950,125494,SBI_Small_Cap,SBI Mutual Fund
03-01-2014,13.76300,125494,SBI_Small_Cap,SBI Mutual Fund
02-01-2014,13.66980,125494,SBI_Small_Cap,SBI Mutual Fund
01-01-2014,13.65680,125494,SBI_Small_Cap,SBI Mutual Fund
31-12-2013,13.64300,125494,SBI_Small_Cap,SBI Mutual Fund
30-12-2013,13.50260,125494,SBI_Small_Cap,SBI Mutual Fund
27-12-2013,13.42020,125494,SBI_Small_Cap,SBI Mutual Fund
26-12-2013,13.39920,125494,SBI_Small_Cap,SBI Mutual Fund
24-12-2013,13.18820,125494,SBI_Small_Cap,SBI Mutual Fund
23-12-2013,13.10920,125494,SBI_Small_Cap,SBI Mutual Fund
20-12-2013,13.09910,125494,SBI_Small_Cap,SBI Mutual Fund
19-12-2013,13.06110,125494,SBI_Small_Cap,SBI Mutual Fund
18-12-2013,12.98980,125494,SBI_Small_Cap,SBI Mutual Fund
17-12-2013,12.88040,125494,SBI_Small_Cap,SBI Mutual Fund
16-12-2013,12.95780,125494,SBI_Small_Cap,SBI Mutual Fund
13-12-2013,12.91340,125494,SBI_Small_Cap,SBI Mutual Fund
12-12-2013,12.92650,125494,SBI_Small_Cap,SBI Mutual Fund
11-12-2013,12.93760,125494,SBI_Small_Cap,SBI Mutual Fund
10-12-2013,12.95730,125494,SBI_Small_Cap,SBI Mutual Fund
09-12-2013,12.95330,125494,SBI_Small_Cap,SBI Mutual Fund
06-12-2013,12.96970,125494,SBI_Small_Cap,SBI Mutual Fund
05-12-2013,12.95800,125494,SBI_Small_Cap,SBI Mutual Fund
04-12-2013,12.90660,125494,SBI_Small_Cap,SBI Mutual Fund
03-12-2013,12.93160,125494,SBI_Small_Cap,SBI Mutual Fund
02-12-2013,12.92830,125494,SBI_Small_Cap,SBI Mutual Fund
29-11-2013,12.87880,125494,SBI_Small_Cap,SBI Mutual Fund
28-11-2013,12.80590,125494,SBI_Small_Cap,SBI Mutual Fund
27-11-2013,12.76800,125494,SBI_Small_Cap,SBI Mutual Fund
26-11-2013,12.78840,125494,SBI_Small_Cap,SBI Mutual Fund
25-11-2013,12.78430,125494,SBI_Small_Cap,SBI Mutual Fund
22-11-2013,12.70820,125494,SBI_Small_Cap,SBI Mutual Fund
21-11-2013,12.73170,125494,SBI_Small_Cap,SBI Mutual Fund
20-11-2013,12.89040,125494,SBI_Small_Cap,SBI Mutual Fund
19-11-2013,13.04160,125494,SBI_Small_Cap,SBI Mutual Fund
18-11-2013,13.02450,125494,SBI_Small_Cap,SBI Mutual Fund
